Image,Datetime,Timestamp,Time (s),Tr (°C),BW,R,G,B
1, 2026-05-29 09:00:00,1780034400,0.0,60.0000000000,35.2793042973,37.2295682695,33.8250777925,34.7832668298
2, 2026-05-29 09:00:02,1780034402,2.0,59.9941656943,36.2749817874,38.9705597090,33.8431511437,36.0112345095
3, 2026-05-29 09:00:04,1780034404,4.0,59.9883313886,35.5594849878,37.3115495325,33.4566884464,35.9102169845
4, 2026-05-29 09:00:06,1780034406,6.0,59.9824970828,34.9035048325,36.6806746606,33.1568963686,34.8729434682
5, 2026-05-29 09:00:08,1780034408,8.0,59.9766627771,35.4048144815,37.1132490265,34.6924160045,34.4087784134
6, 2026-05-29 09:00:10,1780034410,10.0,59.9708284714,35.8968068936,38.3612788749,33.9510857687,35.3780560372
7, 2026-05-29 09:00:12,1780034412,12.0,59.9649941657,35.6319162724,38.4111537884,32.2803448798,36.2042501490
8, 2026-05-29 09:00:14,1780034414,14.0,59.9591598600,36.6827591566,39.1359376623,34.4954078723,36.4169319351
9, 2026-05-29 09:00:16,1780034416,16.0,59.9533255543,34.5946759355,36.4620306729,32.5539810143,34.7680161195
10, 2026-05-29 09:00:18,1780034418,18.0,59.9474912485,35.6628109445,39.0947001121,32.8567632906,35.0369694308
11, 2026-05-29 09:00:20,1780034420,20.0,59.9416569428,35.5026556133,37.6923281242,33.8592877769,34.9563509388
12, 2026-05-29 09:00:22,1780034422,22.0,59.9358226371,35.5504437364,38.1543573043,32.8342913966,35.6626825083
13, 2026-05-29 09:00:24,1780034424,24.0,59.9299883314,36.3683651945,39.2207610377,34.3238277317,35.5605068141
14, 2026-05-29 09:00:26,1780034426,26.0,59.9241540257,35.6978451731,37.9564713650,33.7618182976,35.3752458567
15, 2026-05-29 09:00:28,1780034428,28.0,59.9183197200,35.6327796039,37.9757670216,33.6363945812,35.2861772089
16, 2026-05-29 09:00:30,1780034430,30.0,59.9124854142,35.4568997508,37.9246781572,32.7588434590,35.6871776363
17, 2026-05-29 09:00:32,1780034432,32.0,59.9066511085,35.2054309853,38.3645495936,32.3276815922,34.9240617702
18, 2026-05-29 09:00:34,1780034434,34.0,59.9008168028,35.8105342298,38.5664607092,34.8027854997,34.0623564806
19, 2026-05-29 09:00:36,1780034436,36.0,59.8949824971,35.7320580039,37.1631388502,33.8595889500,36.1734462113
20, 2026-05-29 09:00:38,1780034438,38.0,59.8891481914,35.6805989595,36.6489952200,34.1352006107,36.2576010478
21, 2026-05-29 09:00:40,1780034440,40.0,59.8833138856,35.5997344862,38.1192995038,32.6295776374,36.0503263173
22, 2026-05-29 09:00:42,1780034442,42.0,59.8774795799,35.3576485806,38.1253984584,32.8086728387,35.1388744447
23, 2026-05-29 09:00:44,1780034444,44.0,59.8716452742,36.2287935462,39.8085840474,33.7439869319,35.1338096591
24, 2026-05-29 09:00:46,1780034446,46.0,59.8658109685,35.3497866647,37.4383972029,33.0550953721,35.5558674190
25, 2026-05-29 09:00:48,1780034448,48.0,59.8599766628,35.8635271579,39.2124541721,33.1597883555,35.2183389460
26, 2026-05-29 09:00:50,1780034450,50.0,59.8541423571,35.1449294824,37.7072878244,33.1274568501,34.6000437727
27, 2026-05-29 09:00:52,1780034452,52.0,59.8483080513,35.5842370185,37.4061094472,32.5564167902,36.7901848180
28, 2026-05-29 09:00:54,1780034454,54.0,59.8424737456,36.2663143937,38.6002898123,34.0139894391,36.1846639297
29, 2026-05-29 09:00:56,1780034456,56.0,59.8366394399,35.4966995704,37.9988170476,34.2409613108,34.2503203527
30, 2026-05-29 09:00:58,1780034458,58.0,59.8308051342,35.9285722190,37.6222692865,34.2841730284,35.8792743420
31, 2026-05-29 09:01:00,1780034460,60.0,59.8249708285,35.1077451139,38.2265717550,32.7037949010,34.3928686859
32, 2026-05-29 09:01:02,1780034462,62.0,59.8191365228,35.1644007786,38.5806484318,32.7635362731,34.1490176308
33, 2026-05-29 09:01:04,1780034464,64.0,59.8133022170,35.6196190068,37.6072317497,34.1693770611,35.0822482095
34, 2026-05-29 09:01:06,1780034466,66.0,59.8074679113,35.6840237537,37.3285078487,34.1585060989,35.5650573134
35, 2026-05-29 09:01:08,1780034468,68.0,59.8016336056,35.0333024793,37.1561380253,33.5508798634,34.3928895492
36, 2026-05-29 09:01:10,1780034470,70.0,59.7957992999,35.4791038121,38.2474334915,33.5652622714,34.6246156735
37, 2026-05-29 09:01:12,1780034472,72.0,59.7899649942,35.6435304559,37.8609598006,32.9218610158,36.1477705513
38, 2026-05-29 09:01:14,1780034474,74.0,59.7841306884,35.4656596607,37.8966314564,34.2363901089,34.2639574168
39, 2026-05-29 09:01:16,1780034476,76.0,59.7782963827,35.0337246481,38.3357726145,32.7685506142,33.9968507157
40, 2026-05-29 09:01:18,1780034478,78.0,59.7724620770,36.2223470390,37.9396742413,35.4594795800,35.2678872955
41, 2026-05-29 09:01:20,1780034480,80.0,59.7666277713,35.2507598273,37.8042665928,32.5273008321,35.4207120569
42, 2026-05-29 09:01:22,1780034482,82.0,59.7607934656,34.9444830878,37.2841374512,32.9947554465,34.5545563657
43, 2026-05-29 09:01:24,1780034484,84.0,59.7549591599,35.7017201668,39.0126666319,33.3730964039,34.7193974644
44, 2026-05-29 09:01:26,1780034486,86.0,59.7491248541,35.2868397576,37.7121913062,33.1244845586,35.0238434080
45, 2026-05-29 09:01:28,1780034488,88.0,59.7432905484,35.9185629543,38.0309877339,34.2908467706,35.4338543585
46, 2026-05-29 09:01:30,1780034490,90.0,59.7374562427,35.2953016768,37.8979021251,32.7493989929,35.2386039123
47, 2026-05-29 09:01:32,1780034492,92.0,59.7316219370,36.2920273726,38.5276068739,34.6164851251,35.7319901187
48, 2026-05-29 09:01:34,1780034494,94.0,59.7257876313,36.1438490867,39.2886661499,34.3290960453,34.8137850649
49, 2026-05-29 09:01:36,1780034496,96.0,59.7199533256,35.0617395804,38.0139281351,32.6084589487,34.5628316574
50, 2026-05-29 09:01:38,1780034498,98.0,59.7141190198,36.2781774031,39.3907848711,34.1227598992,35.3209874392
51, 2026-05-29 09:01:40,1780034500,100.0,59.7082847141,35.8631254863,39.1425631233,33.0127411509,35.4340721848
52, 2026-05-29 09:01:42,1780034502,102.0,59.7024504084,36.3500932184,39.2947985192,33.8077393298,35.9477418062
53, 2026-05-29 09:01:44,1780034504,104.0,59.6966161027,34.7264725386,36.8199821841,33.2725975268,34.0868379047
54, 2026-05-29 09:01:46,1780034506,106.0,59.6907817970,35.7936375697,39.1579743005,33.0591562704,35.1637821382
55, 2026-05-29 09:01:48,1780034508,108.0,59.6849474912,34.9126586569,37.0264557568,33.0067741972,34.7047460168
56, 2026-05-29 09:01:50,1780034510,110.0,59.6791131855,35.8604645306,37.2940258226,35.0079998167,35.2793679524
57, 2026-05-29 09:01:52,1780034512,112.0,59.6732788798,35.4295344928,38.8546345814,32.5608809434,34.8730879535
58, 2026-05-29 09:01:54,1780034514,114.0,59.6674445741,35.2276594963,37.2799435402,33.2050358554,35.1979990933
59, 2026-05-29 09:01:56,1780034516,116.0,59.6616102684,35.5247718449,38.8495598950,32.9752161849,34.7495394547
60, 2026-05-29 09:01:58,1780034518,118.0,59.6557759627,35.1463035857,37.1264142166,32.9459062390,35.3665903015
61, 2026-05-29 09:02:00,1780034520,120.0,59.6499416569,35.8375711599,39.5417809021,34.0676947834,33.9032377942
62, 2026-05-29 09:02:02,1780034522,122.0,59.6441073512,36.0382515739,38.8457847415,33.2073795044,36.0615904758
63, 2026-05-29 09:02:04,1780034524,124.0,59.6382730455,35.6859778367,37.5922477255,33.9750680054,35.4906177793
64, 2026-05-29 09:02:06,1780034526,126.0,59.6324387398,35.8161168382,38.3521123694,34.6799016310,34.4163365142
65, 2026-05-29 09:02:08,1780034528,128.0,59.6266044341,35.8794224848,37.8516477880,34.6942333474,35.0923863191
66, 2026-05-29 09:02:10,1780034530,130.0,59.6207701284,35.8203652048,38.6880027001,33.0072938915,35.7657990229
67, 2026-05-29 09:02:12,1780034532,132.0,59.6149358226,36.1021879347,38.9908690882,33.8824719272,35.4332227886
68, 2026-05-29 09:02:14,1780034534,134.0,59.6091015169,35.6152299665,37.9139326633,34.4460046461,34.4857525900
69, 2026-05-29 09:02:16,1780034536,136.0,59.6032672112,35.5562127925,37.9058808165,33.9392279879,34.8235295731
70, 2026-05-29 09:02:18,1780034538,138.0,59.5974329055,35.2479256079,37.1810132040,33.0219772616,35.5407863581
71, 2026-05-29 09:02:20,1780034540,140.0,59.5915985998,35.6117783769,38.4064152230,33.3407469678,35.0881729400
72, 2026-05-29 09:02:22,1780034542,142.0,59.5857642940,35.5287796197,38.3298413207,32.8064544286,35.4500431099
73, 2026-05-29 09:02:24,1780034544,144.0,59.5799299883,35.1688710288,38.0350683216,33.2490130564,34.2225317084
74, 2026-05-29 09:02:26,1780034546,146.0,59.5740956826,35.1197386631,37.4573043030,32.8464623507,35.0554493357
75, 2026-05-29 09:02:28,1780034548,148.0,59.5682613769,34.9788902755,37.6834131813,32.4988134865,34.7544441588
76, 2026-05-29 09:02:30,1780034550,150.0,59.5624270712,35.5738619105,38.4590259718,33.0642767405,35.1982830193
77, 2026-05-29 09:02:32,1780034552,152.0,59.5565927655,35.7527758064,38.1533960764,33.5277050385,35.5772263044
78, 2026-05-29 09:02:34,1780034554,154.0,59.5507584597,36.1189298019,37.8621481369,34.5824446564,35.9121966124
79, 2026-05-29 09:02:36,1780034556,156.0,59.5449241540,35.7165447243,37.1406224037,34.4157923584,35.5932194109
80, 2026-05-29 09:02:38,1780034558,158.0,59.5390898483,35.5478017979,37.8552009429,32.8924561778,35.8957482730
81, 2026-05-29 09:02:40,1780034560,160.0,59.5332555426,35.4145807063,38.0015201210,33.2290024836,35.0132195142
82, 2026-05-29 09:02:42,1780034562,162.0,59.5274212369,35.9430335809,38.6761780965,32.9646314956,36.1882911508
83, 2026-05-29 09:02:44,1780034564,164.0,59.5215869312,35.5937077276,37.4768923039,33.8853964765,35.4188344023
84, 2026-05-29 09:02:46,1780034566,166.0,59.5157526254,35.4815695671,38.5778832188,32.9451693963,34.9216560863
85, 2026-05-29 09:02:48,1780034568,168.0,59.5099183197,35.2191956362,36.9329948248,33.4353016967,35.2892903871
86, 2026-05-29 09:02:50,1780034570,170.0,59.5040840140,35.7533448819,38.5161178188,33.3389097786,35.4050070483
87, 2026-05-29 09:02:52,1780034572,172.0,59.4982497083,35.1779711260,37.1414503598,32.9075227282,35.4849402901
88, 2026-05-29 09:02:54,1780034574,174.0,59.4924154026,35.6539317939,37.2549620796,34.7215564630,34.9852768390
89, 2026-05-29 09:02:56,1780034576,176.0,59.4865810968,35.9938254446,38.1644849321,34.4985268804,35.3184645214
90, 2026-05-29 09:02:58,1780034578,178.0,59.4807467911,35.7586228748,37.6833371244,32.9298489264,36.6626825737
91, 2026-05-29 09:03:00,1780034580,180.0,59.4749124854,35.7424679048,38.8223301182,34.3740069271,34.0310666690
92, 2026-05-29 09:03:02,1780034582,182.0,59.4690781797,35.4861648351,38.6152738964,32.6333255460,35.2098950629
93, 2026-05-29 09:03:04,1780034584,184.0,59.4632438740,35.3743775650,37.6876300417,34.0102565206,34.4252461329
94, 2026-05-29 09:03:06,1780034586,186.0,59.4574095683,35.4649664967,38.0281168793,32.7579768907,35.6088057200
95, 2026-05-29 09:03:08,1780034588,188.0,59.4515752625,35.7164861333,38.0956158426,33.7697217997,35.2841207575
96, 2026-05-29 09:03:10,1780034590,190.0,59.4457409568,35.1889542233,37.2297831175,32.8525275827,35.4845519696
97, 2026-05-29 09:03:12,1780034592,192.0,59.4399066511,35.8283125910,37.9037616789,33.5209219513,36.0602541426
98, 2026-05-29 09:03:14,1780034594,194.0,59.4340723454,35.6340500232,38.3805855385,33.9934552372,34.5281092938
99, 2026-05-29 09:03:16,1780034596,196.0,59.4282380397,35.4517224506,37.6643865128,33.2263636666,35.4644171725
100, 2026-05-29 09:03:18,1780034598,198.0,59.4224037340,35.4531994686,37.2836245141,34.3050423923,34.7709314993
101, 2026-05-29 09:03:20,1780034600,200.0,59.4165694282,35.3775067578,38.3318515850,32.1940513966,35.6066172919
102, 2026-05-29 09:03:22,1780034602,202.0,59.4107351225,36.2447663720,38.8137033410,33.2529488719,36.6676469032
103, 2026-05-29 09:03:24,1780034604,204.0,59.4049008168,35.7032916881,39.4127397929,33.4154504834,34.2816847880
104, 2026-05-29 09:03:26,1780034606,206.0,59.3990665111,35.1633715501,38.6279920729,32.5011629781,34.3609595994
105, 2026-05-29 09:03:28,1780034608,208.0,59.3932322054,35.4051858170,37.4854069406,32.2865757653,36.4435747450
106, 2026-05-29 09:03:30,1780034610,210.0,59.3873978996,35.6409550345,38.6759024509,33.6961949065,34.5507677460
107, 2026-05-29 09:03:32,1780034612,212.0,59.3815635939,35.6714254454,37.8382768565,33.2592711664,35.9167283133
108, 2026-05-29 09:03:34,1780034614,214.0,59.3757292882,35.0401052680,38.1193605271,33.2420410704,33.7589142066
109, 2026-05-29 09:03:36,1780034616,216.0,59.3698949825,35.6119033120,38.5222531375,33.0675912092,35.2458655894
110, 2026-05-29 09:03:38,1780034618,218.0,59.3640606768,35.3112444326,38.0827423305,33.5901968950,34.2607940724
111, 2026-05-29 09:03:40,1780034620,220.0,59.3582263711,35.8159834476,38.7575693737,33.8694469954,34.8209339738
112, 2026-05-29 09:03:42,1780034622,222.0,59.3523920653,35.0313924534,38.1310693408,32.2783556423,34.6847523771
113, 2026-05-29 09:03:44,1780034624,224.0,59.3465577596,35.1929148675,36.6371681074,34.2229222273,34.7186542676
114, 2026-05-29 09:03:46,1780034626,226.0,59.3407234539,35.5746259119,37.3430898117,33.3841000809,35.9966878431
115, 2026-05-29 09:03:48,1780034628,228.0,59.3348891482,35.9175056857,40.0508070822,33.4416462180,34.2600637569
116, 2026-05-29 09:03:50,1780034630,230.0,59.3290548425,35.1947082559,37.6540437343,33.1700771583,34.7600038750
117, 2026-05-29 09:03:52,1780034632,232.0,59.3232205368,35.5269933977,37.7505602741,33.4130100459,35.4174098731
118, 2026-05-29 09:03:54,1780034634,234.0,59.3173862310,35.2242822698,37.9029588653,32.9607750948,34.8091128492
119, 2026-05-29 09:03:56,1780034636,236.0,59.3115519253,34.9899487866,37.8245088381,32.1462375750,34.9990999466
120, 2026-05-29 09:03:58,1780034638,238.0,59.3057176196,35.7012837754,38.6508759957,33.2298028699,35.2231724606
121, 2026-05-29 09:04:00,1780034640,240.0,59.2998833139,36.0033284278,38.0055274206,34.3204620405,35.6839958222
122, 2026-05-29 09:04:02,1780034642,242.0,59.2940490082,35.7495132695,38.2299627150,33.3837827159,35.6347943777
123, 2026-05-29 09:04:04,1780034644,244.0,59.2882147025,35.3932966475,38.5939167820,32.2285651831,35.3574079773
124, 2026-05-29 09:04:06,1780034646,246.0,59.2823803967,35.2075637240,39.0220740271,32.8835678420,33.7170493029
125, 2026-05-29 09:04:08,1780034648,248.0,59.2765460910,35.5232258600,37.6458964915,34.0519818498,34.8717992389
126, 2026-05-29 09:04:10,1780034650,250.0,59.2707117853,35.2572850443,38.1592327391,33.0974561568,34.5151662369
127, 2026-05-29 09:04:12,1780034652,252.0,59.2648774796,35.5074557311,37.9376183737,32.9719043897,35.6128444297
128, 2026-05-29 09:04:14,1780034654,254.0,59.2590431739,35.5911943868,38.7080688922,32.3912108436,35.6743034247
129, 2026-05-29 09:04:16,1780034656,256.0,59.2532088681,35.9068609751,39.5456634101,32.9866827691,35.1882367461
130, 2026-05-29 09:04:18,1780034658,258.0,59.2473745624,36.8569604850,40.0181413450,33.9386418105,36.6140982994
131, 2026-05-29 09:04:20,1780034660,260.0,59.2415402567,35.8472487888,38.1705430637,33.7539460429,35.6172572597
132, 2026-05-29 09:04:22,1780034662,262.0,59.2357059510,36.6374309129,39.6757815763,35.5188718044,34.7176393579
133, 2026-05-29 09:04:24,1780034664,264.0,59.2298716453,35.4058063918,38.4507162359,32.5244458233,35.2422571162
134, 2026-05-29 09:04:26,1780034666,266.0,59.2240373396,35.0582136886,37.1737711024,33.1628082520,34.8380617114
135, 2026-05-29 09:04:28,1780034668,268.0,59.2182030338,35.5987369247,38.0405766336,32.8114101308,35.9442240098
136, 2026-05-29 09:04:30,1780034670,270.0,59.2123687281,35.7794418632,38.3807310727,33.0386837546,35.9189107622
137, 2026-05-29 09:04:32,1780034672,272.0,59.2065344224,35.2971098396,38.3656345614,32.8187944817,34.7069004758
138, 2026-05-29 09:04:34,1780034674,274.0,59.2007001167,35.4270368183,38.3158573823,33.1716206273,34.7936324453
139, 2026-05-29 09:04:36,1780034676,276.0,59.1948658110,35.4552507388,38.5570812991,33.4530531803,34.3556177369
140, 2026-05-29 09:04:38,1780034678,278.0,59.1890315053,35.5122158081,37.6767431012,33.8150635309,35.0448407923
141, 2026-05-29 09:04:40,1780034680,280.0,59.1831971995,35.2211906015,37.2302416308,33.3110129641,35.1223172096
142, 2026-05-29 09:04:42,1780034682,282.0,59.1773628938,35.0526680606,37.7472291271,33.2460888876,34.1646861671
143, 2026-05-29 09:04:44,1780034684,284.0,59.1715285881,35.2866858325,37.7451101400,33.7599607437,34.3549866136
144, 2026-05-29 09:04:46,1780034686,286.0,59.1656942824,35.4373125583,37.5580084208,33.7924332317,34.9614960224
145, 2026-05-29 09:04:48,1780034688,288.0,59.1598599767,35.6815319959,38.3486633044,33.8144401573,34.8814925259
146, 2026-05-29 09:04:50,1780034690,290.0,59.1540256709,35.1584245633,38.2813697782,32.4565615949,34.7373423168
147, 2026-05-29 09:04:52,1780034692,292.0,59.1481913652,35.4234201344,38.1083208944,32.4081763987,35.7537631101
148, 2026-05-29 09:04:54,1780034694,294.0,59.1423570595,35.9666598275,38.0785715642,33.9069528969,35.9144550215
149, 2026-05-29 09:04:56,1780034696,296.0,59.1365227538,35.1988542772,37.1528396930,32.4218436828,36.0218794560
150, 2026-05-29 09:04:58,1780034698,298.0,59.1306884481,35.3957466681,37.9423977257,33.2901449287,34.9546973498
151, 2026-05-29 09:05:00,1780034700,300.0,59.1248541424,35.5161608675,38.4045657164,34.3568290866,33.7870877994
152, 2026-05-29 09:05:02,1780034702,302.0,59.1190198366,35.2370922917,37.9124231906,33.1295295579,34.6693241266
153, 2026-05-29 09:05:04,1780034704,304.0,59.1131855309,35.4783252690,37.5855677338,33.9956967210,34.8537113520
154, 2026-05-29 09:05:06,1780034706,306.0,59.1073512252,35.5377732907,37.7326640913,33.5608520475,35.3198037333
155, 2026-05-29 09:05:08,1780034708,308.0,59.1015169195,34.9539343125,37.7530249431,32.6098599194,34.4989180749
156, 2026-05-29 09:05:10,1780034710,310.0,59.0956826138,36.2753714407,39.1405029851,33.4202114005,36.2653999365
157, 2026-05-29 09:05:12,1780034712,312.0,59.0898483081,36.3337009250,39.3619336413,33.8448319274,35.7943372062
158, 2026-05-29 09:05:14,1780034714,314.0,59.0840140023,35.4428618117,38.3252027899,34.4624240559,33.5409585893
159, 2026-05-29 09:05:16,1780034716,316.0,59.0781796966,35.3308219080,37.1776374647,32.9670785216,35.8477497376
160, 2026-05-29 09:05:18,1780034718,318.0,59.0723453909,35.8479214008,38.6590707257,33.6014261566,35.2832673202
161, 2026-05-29 09:05:20,1780034720,320.0,59.0665110852,34.7747753811,37.4604302966,31.2397041753,35.6241916714
162, 2026-05-29 09:05:22,1780034722,322.0,59.0606767795,35.4311237183,37.6895234505,33.3927942116,35.2110534927
163, 2026-05-29 09:05:24,1780034724,324.0,59.0548424737,35.1656388745,38.4566894453,32.6021001561,34.4381270220
164, 2026-05-29 09:05:26,1780034726,326.0,59.0490081680,35.9563352120,37.9704092572,34.1597977338,35.7387986450
165, 2026-05-29 09:05:28,1780034728,328.0,59.0431738623,35.4912434844,38.1202976720,32.9637315382,35.3897012429
166, 2026-05-29 09:05:30,1780034730,330.0,59.0373395566,35.7194481348,37.3891986827,33.8715871951,35.8975585265
167, 2026-05-29 09:05:32,1780034732,332.0,59.0315052509,35.6494310174,38.7169464015,33.3362153716,34.8951312792
168, 2026-05-29 09:05:34,1780034734,334.0,59.0256709452,35.1466816825,37.0252126832,33.4253928404,34.9894395238
169, 2026-05-29 09:05:36,1780034736,336.0,59.0198366394,34.9395172270,37.7285810561,33.0757897784,34.0141808467
170, 2026-05-29 09:05:38,1780034738,338.0,59.0140023337,35.0421537669,37.7984888136,31.4515698394,35.8764026477
171, 2026-05-29 09:05:40,1780034740,340.0,59.0081680280,35.3537379415,38.4880121808,33.0770070794,34.4961945644
172, 2026-05-29 09:05:42,1780034742,342.0,59.0023337223,35.1743948872,37.5061434755,33.5257735859,34.4912676003
173, 2026-05-29 09:05:44,1780034744,344.0,58.9964994166,34.8566530518,37.5428881449,33.3398207087,33.6872503019
174, 2026-05-29 09:05:46,1780034746,346.0,58.9906651109,35.7591348821,38.3460420890,33.1467623381,35.7846002192
175, 2026-05-29 09:05:48,1780034748,348.0,58.9848308051,35.2638024332,38.9436240788,32.5384972031,34.3092860175
176, 2026-05-29 09:05:50,1780034750,350.0,58.9789964994,34.7535513159,37.1261564372,32.1689320652,34.9655654454
177, 2026-05-29 09:05:52,1780034752,352.0,58.9731621937,34.8794165429,37.1817805703,32.4705746248,34.9858944337
178, 2026-05-29 09:05:54,1780034754,354.0,58.9673278880,35.3772552958,36.8293033306,33.9790192397,35.3234433169
179, 2026-05-29 09:05:56,1780034756,356.0,58.9614935823,35.5835986877,38.0780185943,32.9190097096,35.7537677591
180, 2026-05-29 09:05:58,1780034758,358.0,58.9556592765,35.2434473768,38.0809056008,33.1671089159,34.4823276137
181, 2026-05-29 09:06:00,1780034760,360.0,58.9498249708,36.1659333383,38.3997348888,33.3974061657,36.7006589604
182, 2026-05-29 09:06:02,1780034762,362.0,58.9439906651,35.3492817783,38.2217847758,32.1353576148,35.6907029444
183, 2026-05-29 09:06:04,1780034764,364.0,58.9381563594,35.3529417528,37.2828836201,34.0471148236,34.7288268149
184, 2026-05-29 09:06:06,1780034766,366.0,58.9323220537,35.5626873660,37.6264287594,33.9686444624,35.0929888762
185, 2026-05-29 09:06:08,1780034768,368.0,58.9264877480,35.2595498734,37.3662700738,32.6756898146,35.7366897318
186, 2026-05-29 09:06:10,1780034770,370.0,58.9206534422,35.5217535372,38.4146558085,33.3223516567,34.8282531464
187, 2026-05-29 09:06:12,1780034772,372.0,58.9148191365,34.8008530973,36.4709268371,33.6709464811,34.2606859735
188, 2026-05-29 09:06:14,1780034774,374.0,58.9089848308,35.5483380982,37.7957940091,33.5226769962,35.3265432892
189, 2026-05-29 09:06:16,1780034776,376.0,58.9031505251,35.4234277009,37.4709698946,33.0887128647,35.7106003434
190, 2026-05-29 09:06:18,1780034778,378.0,58.8973162194,35.6586103065,38.2390032364,33.1891020069,35.5477256761
191, 2026-05-29 09:06:20,1780034780,380.0,58.8914819137,35.0561949023,37.4274292131,32.6026522116,35.1385032822
192, 2026-05-29 09:06:22,1780034782,382.0,58.8856476079,35.4397411749,38.9393370076,32.3538782233,35.0260082937
193, 2026-05-29 09:06:24,1780034784,384.0,58.8798133022,35.6279009129,37.7328989321,33.8335262637,35.3172775429
194, 2026-05-29 09:06:26,1780034786,386.0,58.8739789965,35.3836713640,37.9420173841,33.6464619448,34.5625347629
195, 2026-05-29 09:06:28,1780034788,388.0,58.8681446908,36.0098270221,38.1148101348,34.1984021752,35.7162687564
196, 2026-05-29 09:06:30,1780034790,390.0,58.8623103851,35.7049759772,37.6822661162,33.7304007173,35.7022610982
197, 2026-05-29 09:06:32,1780034792,392.0,58.8564760793,35.4832204897,37.8668179457,33.5353360369,35.0475074866
198, 2026-05-29 09:06:34,1780034794,394.0,58.8506417736,35.5934440457,39.0362279636,32.7522041440,34.9919000295
199, 2026-05-29 09:06:36,1780034796,396.0,58.8448074679,35.6417115742,38.6940496731,34.0859885648,34.1450964845
200, 2026-05-29 09:06:38,1780034798,398.0,58.8389731622,35.6935915394,38.2378320377,33.8418268999,35.0011156806
201, 2026-05-29 09:06:40,1780034800,400.0,58.8331388565,35.6209463170,38.1976816063,32.6746965528,35.9904607919
202, 2026-05-29 09:06:42,1780034802,402.0,58.8273045508,36.0546826661,38.1469842920,34.4828274744,35.5342362320
203, 2026-05-29 09:06:44,1780034804,404.0,58.8214702450,35.5049938632,37.6183284254,33.7946378361,35.1020153283
204, 2026-05-29 09:06:46,1780034806,406.0,58.8156359393,34.7769245530,37.5142382771,33.0289232738,33.7876121081
205, 2026-05-29 09:06:48,1780034808,408.0,58.8098016336,36.0526589894,37.9236237292,34.5576384957,35.6767147434
206, 2026-05-29 09:06:50,1780034810,410.0,58.8039673279,35.1960924082,38.3460882043,32.2049068062,35.0372822139
207, 2026-05-29 09:06:52,1780034812,412.0,58.7981330222,35.2903098756,37.4184372217,33.5362442746,34.9162481304
208, 2026-05-29 09:06:54,1780034814,414.0,58.7922987165,35.1087850864,37.2924925783,32.0926833363,35.9411793446
209, 2026-05-29 09:06:56,1780034816,416.0,58.7864644107,35.5178181818,37.8341046036,34.2653254382,34.4540245037
210, 2026-05-29 09:06:58,1780034818,418.0,58.7806301050,35.7787238693,37.2977722165,34.6472206241,35.3911787672
211, 2026-05-29 09:07:00,1780034820,420.0,58.7747957993,34.9458540395,37.9680810145,31.8620782841,35.0074028200
212, 2026-05-29 09:07:02,1780034822,422.0,58.7689614936,35.4140047779,38.1377648119,33.8235264946,34.2807230271
213, 2026-05-29 09:07:04,1780034824,424.0,58.7631271879,35.0221523205,37.4910398790,32.8877179486,34.6876991340
214, 2026-05-29 09:07:06,1780034826,426.0,58.7572928821,35.7458209150,38.1002029339,34.2325204673,34.9047393438
215, 2026-05-29 09:07:08,1780034828,428.0,58.7514585764,35.1948049431,38.0651039167,32.6971781951,34.8221327175
216, 2026-05-29 09:07:10,1780034830,430.0,58.7456242707,35.6917757620,37.5310732845,33.4481236399,36.0961303614
217, 2026-05-29 09:07:12,1780034832,432.0,58.7397899650,34.9716440026,37.9641626829,32.0573930586,34.8933762663
218, 2026-05-29 09:07:14,1780034834,434.0,58.7339556593,35.5646903392,38.6142386197,31.9791873364,36.1006450615
219, 2026-05-29 09:07:16,1780034836,436.0,58.7281213536,35.5183924240,37.3089528352,33.5580691578,35.6881552790
220, 2026-05-29 09:07:18,1780034838,438.0,58.7222870478,35.3486333505,37.7223536007,33.3923817685,34.9311646823
221, 2026-05-29 09:07:20,1780034840,440.0,58.7164527421,36.0555904057,37.2420272098,34.4585336702,36.4662103371
222, 2026-05-29 09:07:22,1780034842,442.0,58.7106184364,35.0388118720,36.7294432376,32.8001287390,35.5868636394
223, 2026-05-29 09:07:24,1780034844,444.0,58.7047841307,35.5011804010,38.4538300401,32.1217042795,35.9280068834
224, 2026-05-29 09:07:26,1780034846,446.0,58.6989498250,36.0000078674,37.4058618361,34.4815118363,36.1126499299
225, 2026-05-29 09:07:28,1780034848,448.0,58.6931155193,34.6808025536,37.5905003244,32.8006865646,33.6512207719
226, 2026-05-29 09:07:30,1780034850,450.0,58.6872812135,35.8178767397,37.8014683383,34.3001742172,35.3519876636
227, 2026-05-29 09:07:32,1780034852,452.0,58.6814469078,35.7144462987,38.3569311012,33.9372482979,34.8491594970
228, 2026-05-29 09:07:34,1780034854,454.0,58.6756126021,36.3032625310,39.1433748900,34.2297449702,35.5366677328
229, 2026-05-29 09:07:36,1780034856,456.0,58.6697782964,35.8766159283,39.0963930377,33.9361474479,34.5973072993
230, 2026-05-29 09:07:38,1780034858,458.0,58.6639439907,34.3890535121,36.3234112204,32.2667533402,34.5769959756
231, 2026-05-29 09:07:40,1780034860,460.0,58.6581096849,35.5767493715,36.8129905437,33.0808954439,36.8363621268
232, 2026-05-29 09:07:42,1780034862,462.0,58.6522753792,35.1818589236,37.0160540990,33.4855794627,35.0439432090
233, 2026-05-29 09:07:44,1780034864,464.0,58.6464410735,35.2348392081,38.6512146602,32.3428010479,34.7105019163
234, 2026-05-29 09:07:46,1780034866,466.0,58.6406067678,35.6352164601,37.7705301439,33.5541655046,35.5809537320
235, 2026-05-29 09:07:48,1780034868,468.0,58.6347724621,35.3781278649,37.8195842679,33.5781369963,34.7366623307
236, 2026-05-29 09:07:50,1780034870,470.0,58.6289381564,35.5034411548,38.7403334423,33.5379214263,34.2320685959
237, 2026-05-29 09:07:52,1780034872,472.0,58.6231038506,35.7925053943,37.4116598114,33.8609463876,36.1049099838
238, 2026-05-29 09:07:54,1780034874,474.0,58.6172695449,35.7692841485,38.5425855901,33.5590174576,35.2062493977
239, 2026-05-29 09:07:56,1780034876,476.0,58.6114352392,35.2748671897,37.0188527988,34.3110685633,34.4946802070
240, 2026-05-29 09:07:58,1780034878,478.0,58.6056009335,35.4643374232,37.7870481333,33.1311989276,35.4747652086
241, 2026-05-29 09:08:00,1780034880,480.0,58.5997666278,35.3079940807,37.7113492797,33.7075528880,34.5050800743
242, 2026-05-29 09:08:02,1780034882,482.0,58.5939323221,35.5131305882,38.5662046111,32.8287237358,35.1444634179
243, 2026-05-29 09:08:04,1780034884,484.0,58.5880980163,35.9269619174,38.5626393772,34.1593506119,35.0588957632
244, 2026-05-29 09:08:06,1780034886,486.0,58.5822637106,35.6110574856,38.2671512782,32.7161075028,35.8499136759
245, 2026-05-29 09:08:08,1780034888,488.0,58.5764294049,35.7817350805,38.6184674257,33.7534791210,34.9732586950
246, 2026-05-29 09:08:10,1780034890,490.0,58.5705950992,35.9132251997,39.4222720212,33.7744422222,34.5429613557
247, 2026-05-29 09:08:12,1780034892,492.0,58.5647607935,35.3920694360,37.2487453873,33.9589485792,34.9685143414
248, 2026-05-29 09:08:14,1780034894,494.0,58.5589264877,35.6235549350,37.8415276867,33.1512118039,35.8779253145
249, 2026-05-29 09:08:16,1780034896,496.0,58.5530921820,35.6765579735,37.6808396154,33.1289533373,36.2198809678
250, 2026-05-29 09:08:18,1780034898,498.0,58.5472578763,34.9811294126,36.7523787196,32.6874971913,35.5035123268
251, 2026-05-29 09:08:20,1780034900,500.0,58.5414235706,35.4748528935,37.3164362999,33.5616756122,35.5464467685
252, 2026-05-29 09:08:22,1780034902,502.0,58.5355892649,35.2127926742,37.8910473437,32.1554611657,35.5918695133
253, 2026-05-29 09:08:24,1780034904,504.0,58.5297549592,35.1632684428,37.5713212000,32.7203619110,35.1981222173
254, 2026-05-29 09:08:26,1780034906,506.0,58.5239206534,35.9914618406,38.4247065415,33.3422352544,36.2074437260
255, 2026-05-29 09:08:28,1780034908,508.0,58.5180863477,35.0982993660,38.5185439513,31.5185836323,35.2577705144
256, 2026-05-29 09:08:30,1780034910,510.0,58.5122520420,35.7047975715,37.6617097833,33.2935680032,36.1591149280
257, 2026-05-29 09:08:32,1780034912,512.0,58.5064177363,36.0104551667,38.2080721727,34.4140253375,35.4092679899
258, 2026-05-29 09:08:34,1780034914,514.0,58.5005834306,35.8226999285,38.3695394990,33.8093448662,35.2892154203
259, 2026-05-29 09:08:36,1780034916,516.0,58.4947491249,35.6384088542,37.9215768148,33.6730825036,35.3205672442
260, 2026-05-29 09:08:38,1780034918,518.0,58.4889148191,35.7060018141,37.8227041238,33.1476169992,36.1476843195
261, 2026-05-29 09:08:40,1780034920,520.0,58.4830805134,35.6120530929,37.7304449995,33.5440359142,35.5616783649
262, 2026-05-29 09:08:42,1780034922,522.0,58.4772462077,35.9046201073,38.1396792844,33.5543314988,36.0198495385
263, 2026-05-29 09:08:44,1780034924,524.0,58.4714119020,35.8789509107,39.2517370629,34.0979930376,34.2871226316
264, 2026-05-29 09:08:46,1780034926,526.0,58.4655775963,35.3991039175,37.6413353117,33.6502130616,34.9057633793
265, 2026-05-29 09:08:48,1780034928,528.0,58.4597432905,35.4721406538,37.6364419121,33.7949438047,34.9850362447
266, 2026-05-29 09:08:50,1780034930,530.0,58.4539089848,35.1748686284,38.4049292857,33.7235458434,33.3961307562
267, 2026-05-29 09:08:52,1780034932,532.0,58.4480746791,36.0945730823,39.2078219825,33.6832773008,35.3926199635
268, 2026-05-29 09:08:54,1780034934,534.0,58.4422403734,35.5060236029,38.6260716899,33.3864756692,34.5055234497
269, 2026-05-29 09:08:56,1780034936,536.0,58.4364060677,35.9584051201,38.3397343387,34.1961602672,35.3393207544
270, 2026-05-29 09:08:58,1780034938,538.0,58.4305717620,35.3535951154,37.8929245072,32.9308766153,35.2369842236
271, 2026-05-29 09:09:00,1780034940,540.0,58.4247374562,34.5714514936,37.6508321700,31.1107545046,34.9527678063
272, 2026-05-29 09:09:02,1780034942,542.0,58.4189031505,35.5585204078,38.1873763272,32.8687682774,35.6194166189
273, 2026-05-29 09:09:04,1780034944,544.0,58.4130688448,35.5237447098,38.0735050282,33.5833804864,34.9143486147
274, 2026-05-29 09:09:06,1780034946,546.0,58.4072345391,35.2427608895,38.1993722903,33.1474501066,34.3814602716
275, 2026-05-29 09:09:08,1780034948,548.0,58.4014002334,35.8012312611,39.0964523771,33.1277098926,35.1795315136
276, 2026-05-29 09:09:10,1780034950,550.0,58.3955659277,36.1282313153,38.8032149943,34.0697271917,35.5117517600
277, 2026-05-29 09:09:12,1780034952,552.0,58.3897316219,35.7252390907,38.0790842976,34.1477102614,34.9489227130
278, 2026-05-29 09:09:14,1780034954,554.0,58.3838973162,35.8022888782,37.9945956099,33.6979003746,35.7143706502
279, 2026-05-29 09:09:16,1780034956,556.0,58.3780630105,35.7026574515,37.8660299464,34.0529620211,35.1889803871
280, 2026-05-29 09:09:18,1780034958,558.0,58.3722287048,35.2884928740,38.7220720945,32.3256808757,34.8177256517
281, 2026-05-29 09:09:20,1780034960,560.0,58.3663943991,35.3813759043,38.2860156091,32.6589457830,35.1991663209
282, 2026-05-29 09:09:22,1780034962,562.0,58.3605600933,36.7030177871,39.6075911753,34.6425408629,35.8589213229
283, 2026-05-29 09:09:24,1780034964,564.0,58.3547257876,34.4727370081,37.0173142758,32.5040499291,33.8968468193
284, 2026-05-29 09:09:26,1780034966,566.0,58.3488914819,35.2008391168,38.2773123622,32.3702047147,34.9550002734
285, 2026-05-29 09:09:28,1780034968,568.0,58.3430571762,35.4281667762,38.3712093571,33.8008294604,34.1124615111
286, 2026-05-29 09:09:30,1780034970,570.0,58.3372228705,35.0986511092,37.2910567478,32.7900512193,35.2148453604
287, 2026-05-29 09:09:32,1780034972,572.0,58.3313885648,35.6603359322,38.3573887480,33.3222480728,35.3013709759
288, 2026-05-29 09:09:34,1780034974,574.0,58.3255542590,34.9878686540,38.1183485904,33.2882194749,33.5570378966
289, 2026-05-29 09:09:36,1780034976,576.0,58.3197199533,35.7320561939,38.4304333013,33.6893029485,35.0764323318
290, 2026-05-29 09:09:38,1780034978,578.0,58.3138856476,35.7105369655,38.9737964877,33.3228926306,34.8349217783
291, 2026-05-29 09:09:40,1780034980,580.0,58.3080513419,35.6678787141,37.7273847018,33.7480239387,35.5282275018
292, 2026-05-29 09:09:42,1780034982,582.0,58.3022170362,35.2496766189,38.3011127796,32.9873631100,34.4605539672
293, 2026-05-29 09:09:44,1780034984,584.0,58.2963827305,35.4442343315,38.4916321404,32.5909539143,35.2501169398
294, 2026-05-29 09:09:46,1780034986,586.0,58.2905484247,35.7330270252,39.3065719834,32.4492087793,35.4433003129
295, 2026-05-29 09:09:48,1780034988,588.0,58.2847141190,35.3005985353,38.0355125385,33.7846467493,34.0816363182
296, 2026-05-29 09:09:50,1780034990,590.0,58.2788798133,35.2947224492,37.4044569248,33.0478178156,35.4318926074
297, 2026-05-29 09:09:52,1780034992,592.0,58.2730455076,34.9946446952,37.3720564208,33.6606335226,33.9512441421
298, 2026-05-29 09:09:54,1780034994,594.0,58.2672112019,35.7908533970,38.6699317521,33.3182551762,35.3843732628
299, 2026-05-29 09:09:56,1780034996,596.0,58.2613768961,35.5555396504,38.5166135752,33.2773260555,34.8726793204
300, 2026-05-29 09:09:58,1780034998,598.0,58.2555425904,35.4350793292,37.5665366939,32.8023902824,35.9363110113
301, 2026-05-29 09:10:00,1780035000,600.0,58.2497082847,35.5991210840,37.4879820180,33.7799874011,35.5293938331
302, 2026-05-29 09:10:02,1780035002,602.0,58.2438739790,34.9935737870,38.3559950168,31.5244544845,35.1002718597
303, 2026-05-29 09:10:04,1780035004,604.0,58.2380396733,34.8389701160,37.4656963579,32.2508881599,34.8003258302
304, 2026-05-29 09:10:06,1780035006,606.0,58.2322053676,36.1832017265,39.4688088860,32.7893004020,36.2914958914
305, 2026-05-29 09:10:08,1780035008,608.0,58.2263710618,35.1861061337,38.4492507976,32.3142624925,34.7948051112
306, 2026-05-29 09:10:10,1780035010,610.0,58.2205367561,34.9006495605,37.4177458481,31.9859396201,35.2982632131
307, 2026-05-29 09:10:12,1780035012,612.0,58.2147024504,34.7357421668,37.4669832916,33.2445190360,33.4957241727
308, 2026-05-29 09:10:14,1780035014,614.0,58.2088681447,34.3543772549,36.8377529981,32.9892979364,33.2360808302
309, 2026-05-29 09:10:16,1780035016,616.0,58.2030338390,35.9686945969,38.2038926564,34.2556214939,35.4465696405
310, 2026-05-29 09:10:18,1780035018,618.0,58.1971995333,36.0903926953,38.7588577542,33.7064271209,35.8058932108
311, 2026-05-29 09:10:20,1780035020,620.0,58.1913652275,35.5216078343,37.9642675160,33.6826070398,34.9179489470
312, 2026-05-29 09:10:22,1780035022,622.0,58.1855309218,35.1683053156,37.4214695147,32.4388587254,35.6445877068
313, 2026-05-29 09:10:24,1780035024,624.0,58.1796966161,35.8221419352,37.6788815441,33.7542455769,36.0332986846
314, 2026-05-29 09:10:26,1780035026,626.0,58.1738623104,35.8202584879,38.1342512816,34.0132698269,35.3132543553
315, 2026-05-29 09:10:28,1780035028,628.0,58.1680280047,35.5346701472,37.7096778393,33.0946520607,35.7996805417
316, 2026-05-29 09:10:30,1780035030,630.0,58.1621936989,35.7628397530,38.5123897233,32.8676543351,35.9084752006
317, 2026-05-29 09:10:32,1780035032,632.0,58.1563593932,36.0969480645,38.1845065852,33.7645726771,36.3417649311
318, 2026-05-29 09:10:34,1780035034,634.0,58.1505250875,36.0414486534,36.6970896444,34.3578002201,37.0694560955
319, 2026-05-29 09:10:36,1780035036,636.0,58.1446907818,34.9380242697,37.0968077174,32.7083046292,35.0089604624
320, 2026-05-29 09:10:38,1780035038,638.0,58.1388564761,35.2673507549,37.4346453619,33.0534528783,35.3139540245
321, 2026-05-29 09:10:40,1780035040,640.0,58.1330221704,35.2789921588,37.9577161633,33.0884953133,34.7907649999
322, 2026-05-29 09:10:42,1780035042,642.0,58.1271878646,35.2061659629,37.6609291641,32.8094031864,35.1481655383
323, 2026-05-29 09:10:44,1780035044,644.0,58.1213535589,35.9318545147,38.7128984787,33.9243683578,35.1582967077
324, 2026-05-29 09:10:46,1780035046,646.0,58.1155192532,35.2469803785,37.2058660059,33.3938930367,35.1411820928
325, 2026-05-29 09:10:48,1780035048,648.0,58.1096849475,35.2770958229,37.1018355543,33.3453933006,35.3840586138
326, 2026-05-29 09:10:50,1780035050,650.0,58.1038506418,35.3294844192,38.5574176931,32.6247786140,34.8062569504
327, 2026-05-29 09:10:52,1780035052,652.0,58.0980163361,35.4270861360,38.3422063931,33.4862638047,34.4527882103
328, 2026-05-29 09:10:54,1780035054,654.0,58.0921820303,35.3237829480,37.4112621870,33.0989913795,35.4610952774
329, 2026-05-29 09:10:56,1780035056,656.0,58.0863477246,35.3140450202,37.9350871605,33.5201536131,34.4868942870
330, 2026-05-29 09:10:58,1780035058,658.0,58.0805134189,34.6154146488,36.3621940198,33.7016970291,33.7823528976
331, 2026-05-29 09:11:00,1780035060,660.0,58.0746791132,35.0590371064,37.3498738214,32.1771458168,35.6500916809
332, 2026-05-29 09:11:02,1780035062,662.0,58.0688448075,35.3442348771,36.9086173829,33.5939133328,35.5301739156
333, 2026-05-29 09:11:04,1780035064,664.0,58.0630105018,35.3632260016,37.1731320414,32.5235053892,36.3930405743
334, 2026-05-29 09:11:06,1780035066,666.0,58.0571761960,35.9452740341,38.2151815935,34.7556924551,34.8649480537
335, 2026-05-29 09:11:08,1780035068,668.0,58.0513418903,35.8932919608,37.8380714041,33.8153495144,36.0264549639
336, 2026-05-29 09:11:10,1780035070,670.0,58.0455075846,34.6052420664,37.0423807389,32.8535834507,33.9197620096
337, 2026-05-29 09:11:12,1780035072,672.0,58.0396732789,35.8380730210,37.2773985971,34.1050783404,36.1317421254
338, 2026-05-29 09:11:14,1780035074,674.0,58.0338389732,35.4868344987,38.5735065916,32.5828048999,35.3041920047
339, 2026-05-29 09:11:16,1780035076,676.0,58.0280046674,35.3379116030,38.0337507778,32.1236291868,35.8563548444
340, 2026-05-29 09:11:18,1780035078,678.0,58.0221703617,35.0387769222,38.6443972214,31.6440318707,34.8279016744
341, 2026-05-29 09:11:20,1780035080,680.0,58.0163360560,35.0536168452,37.8221670490,33.7656886631,33.5729948233
342, 2026-05-29 09:11:22,1780035082,682.0,58.0105017503,35.6776183866,37.9927929779,33.0912800492,35.9487821328
343, 2026-05-29 09:11:24,1780035084,684.0,58.0046674446,35.7442622207,38.6874935316,32.9477141372,35.5975789934
344, 2026-05-29 09:11:26,1780035086,686.0,57.9988331389,35.5648117294,38.4768198110,33.0476744207,35.1699409563
345, 2026-05-29 09:11:28,1780035088,688.0,57.9929988331,35.4493687233,38.3614171252,33.6899421180,34.2967469267
346, 2026-05-29 09:11:30,1780035090,690.0,57.9871645274,36.1075081926,38.9314030381,33.4956196778,35.8955018619
347, 2026-05-29 09:11:32,1780035092,692.0,57.9813302217,35.1381352462,37.3404887295,33.6647359601,34.4091810490
348, 2026-05-29 09:11:34,1780035094,694.0,57.9754959160,35.1984105632,37.1143109978,32.8747511422,35.6061695497
349, 2026-05-29 09:11:36,1780035096,696.0,57.9696616103,35.7829087994,37.4771325492,34.6280510575,35.2435427915
350, 2026-05-29 09:11:38,1780035098,698.0,57.9638273046,34.7138420865,37.3510353115,31.7863120455,35.0041789025
351, 2026-05-29 09:11:40,1780035100,700.0,57.9579929988,35.1644419423,37.2393597594,33.4276063991,34.8263596683
352, 2026-05-29 09:11:42,1780035102,702.0,57.9521586931,35.8891816747,38.8821417452,32.7919751693,35.9934281095
353, 2026-05-29 09:11:44,1780035104,704.0,57.9463243874,35.4238124221,37.5129042147,33.9583333795,34.8001996722
354, 2026-05-29 09:11:46,1780035106,706.0,57.9404900817,35.0301163715,36.9189179422,33.3095044861,34.8619266862
355, 2026-05-29 09:11:48,1780035108,708.0,57.9346557760,35.0529552430,37.2385959100,32.9051413714,35.0151284475
356, 2026-05-29 09:11:50,1780035110,710.0,57.9288214702,34.9230428044,37.8793573008,31.6913266860,35.1984444263
357, 2026-05-29 09:11:52,1780035112,712.0,57.9229871645,34.8524440739,37.1095634401,32.3974014343,35.0503673472
358, 2026-05-29 09:11:54,1780035114,714.0,57.9171528588,35.6563807504,38.5022853810,33.1009918851,35.3658649851
359, 2026-05-29 09:11:56,1780035116,716.0,57.9113185531,35.4389254317,38.0591532043,32.8886181747,35.3690049161
360, 2026-05-29 09:11:58,1780035118,718.0,57.9054842474,35.3650220760,37.4587860379,33.7501099537,34.8861702363
361, 2026-05-29 09:12:00,1780035120,720.0,57.8996499417,35.2324848755,36.9706346520,33.4785405865,35.2482793879
362, 2026-05-29 09:12:02,1780035122,722.0,57.8938156359,35.8678086184,37.7908344168,34.1245634370,35.6880280014
363, 2026-05-29 09:12:04,1780035124,724.0,57.8879813302,35.5004080672,38.9676897677,32.2373997919,35.2961346420
364, 2026-05-29 09:12:06,1780035126,726.0,57.8821470245,35.9663035148,37.6874467966,34.6065018045,35.6049619433
365, 2026-05-29 09:12:08,1780035128,728.0,57.8763127188,35.1311578104,36.3461973646,33.1922150942,35.8550609724
366, 2026-05-29 09:12:10,1780035130,730.0,57.8704784131,35.5923546011,38.5224137337,32.9715254622,35.2831246073
367, 2026-05-29 09:12:12,1780035132,732.0,57.8646441074,36.5435587859,39.4296987920,34.1859826944,36.0149948713
368, 2026-05-29 09:12:14,1780035134,734.0,57.8588098016,35.3016684797,37.2135180909,33.0444739831,35.6470133652
369, 2026-05-29 09:12:16,1780035136,736.0,57.8529754959,35.4479964872,37.6560772587,33.4558403209,35.2320718820
370, 2026-05-29 09:12:18,1780035138,738.0,57.8471411902,35.2962113622,37.4313708660,33.4422668885,35.0149963322
371, 2026-05-29 09:12:20,1780035140,740.0,57.8413068845,35.2009575998,37.3790592412,32.8824794770,35.3413340811
372, 2026-05-29 09:12:22,1780035142,742.0,57.8354725788,35.9444343406,38.3217812189,34.0721318839,35.4393899191
373, 2026-05-29 09:12:24,1780035144,744.0,57.8296382730,35.1320295348,37.0357612954,33.4150146251,34.9453126839
374, 2026-05-29 09:12:26,1780035146,746.0,57.8238039673,35.3169005090,37.6051103738,33.5741587113,34.7714324420
375, 2026-05-29 09:12:28,1780035148,748.0,57.8179696616,35.4212496132,38.4215712036,32.2515419246,35.5906357114
376, 2026-05-29 09:12:30,1780035150,750.0,57.8121353559,35.2003183822,38.2346409295,33.1762884240,34.1900257931
377, 2026-05-29 09:12:32,1780035152,752.0,57.8063010502,36.2996557878,38.7755459535,35.1942543727,34.9291670372
378, 2026-05-29 09:12:34,1780035154,754.0,57.8004667445,35.0061457410,38.3958786106,32.5521816116,34.0703770009
379, 2026-05-29 09:12:36,1780035156,756.0,57.7946324387,35.0401470561,38.8638716494,31.9828698101,34.2736997088
380, 2026-05-29 09:12:38,1780035158,758.0,57.7887981330,36.0043496031,37.3708423982,34.8015599974,35.8406464138
381, 2026-05-29 09:12:40,1780035160,760.0,57.7829638273,35.0013759921,36.8363840015,33.4136348706,34.7541091042
382, 2026-05-29 09:12:42,1780035162,762.0,57.7771295216,35.1855750049,38.1448137367,32.5669008981,34.8450103799
383, 2026-05-29 09:12:44,1780035164,764.0,57.7712952159,35.1118493110,37.3795605885,33.4397006500,34.5162866945
384, 2026-05-29 09:12:46,1780035166,766.0,57.7654609102,35.8201002744,37.8714000381,33.3247657940,36.2641349912
385, 2026-05-29 09:12:48,1780035168,768.0,57.7596266044,36.2199574664,37.9839816168,34.9028546830,35.7730360994
386, 2026-05-29 09:12:50,1780035170,770.0,57.7537922987,36.4360018856,40.5661914415,32.9938089134,35.7480053018
387, 2026-05-29 09:12:52,1780035172,772.0,57.7479579930,34.6661947124,38.2665866221,31.8987245782,33.8332729369
388, 2026-05-29 09:12:54,1780035174,774.0,57.7421236873,35.5509454799,38.5070125831,33.8120820280,34.3337418287
389, 2026-05-29 09:12:56,1780035176,776.0,57.7362893816,36.4129734232,38.6332696146,34.6684515889,35.9371990662
390, 2026-05-29 09:12:58,1780035178,778.0,57.7304550758,35.2634769039,36.9492567930,32.6836977594,36.1574761594
391, 2026-05-29 09:13:00,1780035180,780.0,57.7246207701,34.9298372563,36.7236496725,33.3479192484,34.7179428480
392, 2026-05-29 09:13:02,1780035182,782.0,57.7187864644,36.1117780277,39.1954170233,33.3767830717,35.7631339883
393, 2026-05-29 09:13:04,1780035184,784.0,57.7129521587,35.4244203761,37.6591557085,33.5826236196,35.0314818002
394, 2026-05-29 09:13:06,1780035186,786.0,57.7071178530,35.6568289254,38.4514109239,33.8701492108,34.6489266414
395, 2026-05-29 09:13:08,1780035188,788.0,57.7012835473,35.6403341366,37.7873593384,33.0897885205,36.0438545509
396, 2026-05-29 09:13:10,1780035190,790.0,57.6954492415,35.3481856566,38.4861082228,33.2433496288,34.3150991182
397, 2026-05-29 09:13:12,1780035192,792.0,57.6896149358,36.1780379083,38.6638904914,34.1993170566,35.6709061770
398, 2026-05-29 09:13:14,1780035194,794.0,57.6837806301,35.5148598007,37.5245504894,33.2690308836,35.7509980290
399, 2026-05-29 09:13:16,1780035196,796.0,57.6779463244,35.1133983638,38.4699303671,31.6411503523,35.2291143719
400, 2026-05-29 09:13:18,1780035198,798.0,57.6721120187,35.7791670153,38.6024191297,33.0855065655,35.6495753506
401, 2026-05-29 09:13:20,1780035200,800.0,57.6662777130,34.9971988683,37.0291400240,32.8595470071,35.1029095739
402, 2026-05-29 09:13:22,1780035202,802.0,57.6604434072,35.4445978707,37.8219048454,32.4234143392,36.0884744275
403, 2026-05-29 09:13:24,1780035204,804.0,57.6546091015,35.9129054949,37.8093887450,34.8854172700,35.0439104697
404, 2026-05-29 09:13:26,1780035206,806.0,57.6487747958,35.6476928252,38.5600893858,33.4677430413,34.9152460485
405, 2026-05-29 09:13:28,1780035208,808.0,57.6429404901,35.2574406474,38.3223175471,32.8075936946,34.6424107005
406, 2026-05-29 09:13:30,1780035210,810.0,57.6371061844,35.4984390267,37.8325499312,32.9991753157,35.6635918333
407, 2026-05-29 09:13:32,1780035212,812.0,57.6312718786,35.0826137204,37.4866858469,33.3163455953,34.4448097189
408, 2026-05-29 09:13:34,1780035214,814.0,57.6254375729,35.6383353782,37.5531939530,34.3886149890,34.9731971926
409, 2026-05-29 09:13:36,1780035216,816.0,57.6196032672,35.4189014700,37.5929017220,33.2271126737,35.4366900143
410, 2026-05-29 09:13:38,1780035218,818.0,57.6137689615,36.2053950331,39.1550758938,34.2177911879,35.2433180178
411, 2026-05-29 09:13:40,1780035220,820.0,57.6079346558,35.6400077534,37.3074719468,33.7170582332,35.8954930801
412, 2026-05-29 09:13:42,1780035222,822.0,57.6021003501,34.8292548671,36.8931760227,33.6709181120,33.9236704667
413, 2026-05-29 09:13:44,1780035224,824.0,57.5962660443,35.2242382378,37.7423395167,33.9916665726,33.9387086242
414, 2026-05-29 09:13:46,1780035226,826.0,57.5904317386,35.8307510838,37.9762464760,34.2036662851,35.3123404903
415, 2026-05-29 09:13:48,1780035228,828.0,57.5845974329,35.4189064972,37.9716568058,32.9445354594,35.3405272263
416, 2026-05-29 09:13:50,1780035230,830.0,57.5787631272,35.7351531451,39.0712126541,33.1714680514,34.9627787299
417, 2026-05-29 09:13:52,1780035232,832.0,57.5729288215,35.5787357788,38.1584986528,32.2839034513,36.2938052323
418, 2026-05-29 09:13:54,1780035234,834.0,57.5670945158,35.0506472901,37.5486947383,32.4926065141,35.1106406180
419, 2026-05-29 09:13:56,1780035236,836.0,57.5612602100,35.4141205084,37.6628731682,33.3073106133,35.2721777437
420, 2026-05-29 09:13:58,1780035238,838.0,57.5554259043,35.1416056526,38.0032559934,32.6746904041,34.7468705604
421, 2026-05-29 09:14:00,1780035240,840.0,57.5495915986,35.5115046751,38.1680727453,33.1032843435,35.2631569364
422, 2026-05-29 09:14:02,1780035242,842.0,57.5437572929,35.2646377678,37.4584624883,33.0575050047,35.2779458103
423, 2026-05-29 09:14:04,1780035244,844.0,57.5379229872,35.8167435383,38.0953105856,33.0388658112,36.3160542180
424, 2026-05-29 09:14:06,1780035246,846.0,57.5320886814,35.5566546607,38.3789398999,32.8363002073,35.4547238748
425, 2026-05-29 09:14:08,1780035248,848.0,57.5262543757,35.3103689694,37.9619043599,33.2890548227,34.6801477255
426, 2026-05-29 09:14:10,1780035250,850.0,57.5204200700,35.9264223985,39.2988081361,32.5728864568,35.9075726025
427, 2026-05-29 09:14:12,1780035252,852.0,57.5145857643,35.3766779486,38.7643469171,33.2827826346,34.0829042941
428, 2026-05-29 09:14:14,1780035254,854.0,57.5087514586,35.3765568203,37.8175704720,33.8075886580,34.5045113309
429, 2026-05-29 09:14:16,1780035256,856.0,57.5029171529,35.5640004402,38.2975806871,34.4814904232,33.9129302102
430, 2026-05-29 09:14:18,1780035258,858.0,57.4970828471,36.0719868672,38.6855217278,33.7564704421,35.7739684317
431, 2026-05-29 09:14:20,1780035260,860.0,57.4912485414,35.7651207058,39.0337292997,33.2418054554,35.0198273623
432, 2026-05-29 09:14:22,1780035262,862.0,57.4854142357,36.3251221994,39.6257032662,33.6064245774,35.7432387544
433, 2026-05-29 09:14:24,1780035264,864.0,57.4795799300,35.3148935109,36.4965560839,33.5602838624,35.8878405865
434, 2026-05-29 09:14:26,1780035266,866.0,57.4737456243,36.2891245639,38.9663433201,34.9062457534,34.9947846180
435, 2026-05-29 09:14:28,1780035268,868.0,57.4679113186,35.7509922998,38.4331119830,33.9911429574,34.8287219588
436, 2026-05-29 09:14:30,1780035270,870.0,57.4620770128,35.2226068772,37.7384210109,32.9725202843,34.9568793364
437, 2026-05-29 09:14:32,1780035272,872.0,57.4562427071,35.4902089593,38.2246162649,33.3675094167,34.8785011963
438, 2026-05-29 09:14:34,1780035274,874.0,57.4504084014,36.0573676803,39.7428949526,33.1396320712,35.2895760172
439, 2026-05-29 09:14:36,1780035276,876.0,57.4445740957,35.4113329143,36.8530100117,33.8203654852,35.5606232460
440, 2026-05-29 09:14:38,1780035278,878.0,57.4387397900,35.6273232913,38.9124492119,32.9169548963,35.0525657658
441, 2026-05-29 09:14:40,1780035280,880.0,57.4329054842,35.1943777323,38.6428522098,32.7143796038,34.2259013833
442, 2026-05-29 09:14:42,1780035282,882.0,57.4270711785,34.9141341139,36.6985432447,34.2655180681,33.7783410290
443, 2026-05-29 09:14:44,1780035284,884.0,57.4212368728,35.1269787184,36.7082517889,33.1329770787,35.5397072877
444, 2026-05-29 09:14:46,1780035286,886.0,57.4154025671,34.9702468299,38.0803693151,33.3127212729,33.5176499018
445, 2026-05-29 09:14:48,1780035288,888.0,57.4095682614,35.1850641203,38.2448085355,31.9505629740,35.3598208515
446, 2026-05-29 09:14:50,1780035290,890.0,57.4037339557,35.2971196801,37.5871650140,32.8228483749,35.4813456515
447, 2026-05-29 09:14:52,1780035292,892.0,57.3978996499,35.5295637885,37.9131840873,34.2843528509,34.3911544274
448, 2026-05-29 09:14:54,1780035294,894.0,57.3920653442,35.6724171765,37.3157933507,33.7730840887,35.9283740900
449, 2026-05-29 09:14:56,1780035296,896.0,57.3862310385,35.1632911786,37.3886597365,33.0521075156,35.0491062836
450, 2026-05-29 09:14:58,1780035298,898.0,57.3803967328,35.3973056804,36.6978482194,34.0303668781,35.4637019436
451, 2026-05-29 09:15:00,1780035300,900.0,57.3745624271,35.5152880195,38.6088512228,33.3293902923,34.6076225434
452, 2026-05-29 09:15:02,1780035302,902.0,57.3687281214,36.3946269215,39.1707285435,34.0099562301,36.0031959909
453, 2026-05-29 09:15:04,1780035304,904.0,57.3628938156,34.6342393792,37.5301858557,31.1763546232,35.1961776587
454, 2026-05-29 09:15:06,1780035306,906.0,57.3570595099,35.5531708592,37.8069409632,32.4368588004,36.4157128139
455, 2026-05-29 09:15:08,1780035308,908.0,57.3512252042,35.4949102698,37.4122949892,33.5380661818,35.5343696382
456, 2026-05-29 09:15:10,1780035310,910.0,57.3453908985,35.4841856772,38.7494881976,33.1463475266,34.5567213074
457, 2026-05-29 09:15:12,1780035312,912.0,57.3395565928,35.6318012764,37.5056032667,34.7206464266,34.6691541360
458, 2026-05-29 09:15:14,1780035314,914.0,57.3337222870,36.1573034669,39.6473432429,33.9016623120,34.9229048458
459, 2026-05-29 09:15:16,1780035316,916.0,57.3278879813,35.5491770434,38.2047846343,33.0603541498,35.3823923462
460, 2026-05-29 09:15:18,1780035318,918.0,57.3220536756,35.7014555217,37.5652970918,33.6505387442,35.8885307290
461, 2026-05-29 09:15:20,1780035320,920.0,57.3162193699,35.7688366846,38.0255723485,33.1176290158,36.1633086896
462, 2026-05-29 09:15:22,1780035322,922.0,57.3103850642,35.9091183203,38.9753034153,33.2919198247,35.4601317210
463, 2026-05-29 09:15:24,1780035324,924.0,57.3045507585,35.5342275819,38.0814319665,33.2227230507,35.2985277286
464, 2026-05-29 09:15:26,1780035326,926.0,57.2987164527,35.8407496553,37.7094554380,33.1520449167,36.6607486110
465, 2026-05-29 09:15:28,1780035328,928.0,57.2928821470,35.6579489562,38.6386273441,33.5209333593,34.8142861652
466, 2026-05-29 09:15:30,1780035330,930.0,57.2870478413,34.9581083501,38.0596014314,32.3409537616,34.4737698574
467, 2026-05-29 09:15:32,1780035332,932.0,57.2812135356,35.1908463043,38.0837476866,32.7458310376,34.7429601887
468, 2026-05-29 09:15:34,1780035334,934.0,57.2753792299,35.1592721821,37.6396143472,32.4975716727,35.3406305264
469, 2026-05-29 09:15:36,1780035336,936.0,57.2695449242,34.3242345232,36.5690061618,31.2890218085,35.1146755992
470, 2026-05-29 09:15:38,1780035338,938.0,57.2637106184,36.1922372882,39.1674188350,33.3542738608,36.0550191689
471, 2026-05-29 09:15:40,1780035340,940.0,57.2578763127,35.0637976427,37.7285769469,32.3406287335,35.1221872477
472, 2026-05-29 09:15:42,1780035342,942.0,57.2520420070,34.9289890165,37.2915768695,31.7830779443,35.7123122358
473, 2026-05-29 09:15:44,1780035344,944.0,57.2462077013,34.7156054333,37.3154720310,32.3407338487,34.4906104202
474, 2026-05-29 09:15:46,1780035346,946.0,57.2403733956,35.3792751582,38.3111016501,32.5810217528,35.2457020717
475, 2026-05-29 09:15:48,1780035348,948.0,57.2345390898,35.8813727362,38.2860596616,33.9888214272,35.3692371197
476, 2026-05-29 09:15:50,1780035350,950.0,57.2287047841,35.5216214468,37.9041388345,33.7521491688,34.9085763370
477, 2026-05-29 09:15:52,1780035352,952.0,57.2228704784,35.2650546744,37.1779892099,33.4000433557,35.2171314577
478, 2026-05-29 09:15:54,1780035354,954.0,57.2170361727,35.6341021451,37.5636862826,33.3502013853,35.9884187674
479, 2026-05-29 09:15:56,1780035356,956.0,57.2112018670,35.4178065173,37.2155136083,34.0941434358,34.9437625078
480, 2026-05-29 09:15:58,1780035358,958.0,57.2053675613,35.2633524130,39.0705363714,31.3063281904,35.4131926772
481, 2026-05-29 09:16:00,1780035360,960.0,57.1995332555,35.3211501937,38.5419288434,32.9198290488,34.5016926889
482, 2026-05-29 09:16:02,1780035362,962.0,57.1936989498,35.6102911702,38.0557608244,33.8816270830,34.8934856032
483, 2026-05-29 09:16:04,1780035364,964.0,57.1878646441,34.9550233138,38.0659809128,32.4283806591,34.3707083696
484, 2026-05-29 09:16:06,1780035366,966.0,57.1820303384,35.0858275602,37.5090200262,32.7450123552,35.0034502991
485, 2026-05-29 09:16:08,1780035368,968.0,57.1761960327,35.2135627358,37.9173981634,33.2808478583,34.4424421856
486, 2026-05-29 09:16:10,1780035370,970.0,57.1703617270,35.9816003957,38.3428818815,33.7371909013,35.8647284043
487, 2026-05-29 09:16:12,1780035372,972.0,57.1645274212,35.6522646385,38.9134045654,33.0555571771,34.9878321730
488, 2026-05-29 09:16:14,1780035374,974.0,57.1586931155,34.9950741714,37.3511244646,33.3442033019,34.2898947478
489, 2026-05-29 09:16:16,1780035376,976.0,57.1528588098,35.0406723428,36.9934526673,32.8196309731,35.3089333880
490, 2026-05-29 09:16:18,1780035378,978.0,57.1470245041,36.1012797660,38.4213319807,34.2334284237,35.6490788936
491, 2026-05-29 09:16:20,1780035380,980.0,57.1411901984,35.2633713010,38.4880608673,33.1425415019,34.1595115338
492, 2026-05-29 09:16:22,1780035382,982.0,57.1353558926,35.3223203150,37.4702504284,33.6388292334,34.8578812832
493, 2026-05-29 09:16:24,1780035384,984.0,57.1295215869,34.7025812968,37.1503173610,32.6925725541,34.2648539751
494, 2026-05-29 09:16:26,1780035386,986.0,57.1236872812,34.8758455433,37.6800687374,32.5164674011,34.4310004914
495, 2026-05-29 09:16:28,1780035388,988.0,57.1178529755,35.2061593257,38.2834949007,32.0237509173,35.3112321592
496, 2026-05-29 09:16:30,1780035390,990.0,57.1120186698,36.1900104371,38.0262228396,33.8067039954,36.7371044763
497, 2026-05-29 09:16:32,1780035392,992.0,57.1061843641,35.7668846829,38.1164177370,33.8307641878,35.3534721240
498, 2026-05-29 09:16:34,1780035394,994.0,57.1003500583,34.7932632028,37.6446466424,32.1545429635,34.5806000025
499, 2026-05-29 09:16:36,1780035396,996.0,57.0945157526,34.5497105152,37.0567342650,33.2000995198,33.3922977608
500, 2026-05-29 09:16:38,1780035398,998.0,57.0886814469,35.2110956708,37.8409765695,32.9519118155,34.8403986273
501, 2026-05-29 09:16:40,1780035400,1000.0,57.0828471412,34.9881219568,37.4031423241,32.4288231181,35.1324004282
502, 2026-05-29 09:16:42,1780035402,1002.0,57.0770128355,35.6978798515,38.0422054974,34.3794348195,34.6719992374
503, 2026-05-29 09:16:44,1780035404,1004.0,57.0711785298,34.8579165581,37.6030455535,33.3626568984,33.6080472224
504, 2026-05-29 09:16:46,1780035406,1006.0,57.0653442240,35.2785136567,36.7121314496,34.6019699512,34.5214395693
505, 2026-05-29 09:16:48,1780035408,1008.0,57.0595099183,34.7515909244,36.8173294249,32.6266224800,34.8108208683
506, 2026-05-29 09:16:50,1780035410,1010.0,57.0536756126,35.5615065889,38.8185993001,33.2118844246,34.6540360422
507, 2026-05-29 09:16:52,1780035412,1012.0,57.0478413069,35.0318046837,38.0921481053,32.2449188432,34.7583471025
508, 2026-05-29 09:16:54,1780035414,1014.0,57.0420070012,35.4446076807,38.3358524649,33.3324868513,34.6654837259
509, 2026-05-29 09:16:56,1780035416,1016.0,57.0361726954,35.8367827612,38.7044469844,33.1914763901,35.6144249090
510, 2026-05-29 09:16:58,1780035418,1018.0,57.0303383897,35.4826889725,37.3399751734,33.5237311799,35.5843605642
511, 2026-05-29 09:17:00,1780035420,1020.0,57.0245040840,35.6556802686,37.6834445689,32.9693360621,36.3142601747
512, 2026-05-29 09:17:02,1780035422,1022.0,57.0186697783,34.8050931838,37.2398520754,33.3880598294,33.7873676467
513, 2026-05-29 09:17:04,1780035424,1024.0,57.0128354726,35.7627580124,38.2171441000,34.5379697272,34.5331602101
514, 2026-05-29 09:17:06,1780035426,1026.0,57.0070011669,35.7568114234,38.3122166577,33.7582769937,35.1999406187
515, 2026-05-29 09:17:08,1780035428,1028.0,57.0011668611,35.3997039755,39.6408464466,32.0492709244,34.5089945554
516, 2026-05-29 09:17:10,1780035430,1030.0,56.9953325554,35.4775774492,37.3616418008,34.3755550101,34.6955355367
517, 2026-05-29 09:17:12,1780035432,1032.0,56.9894982497,35.9060012445,39.7572608193,33.1283494624,34.8323934518
518, 2026-05-29 09:17:14,1780035434,1034.0,56.9836639440,35.4275813927,38.1142113727,32.3328450553,35.8356877501
519, 2026-05-29 09:17:16,1780035436,1036.0,56.9778296383,34.5759731291,37.8140468825,32.4677170994,33.4461554055
520, 2026-05-29 09:17:18,1780035438,1038.0,56.9719953326,36.0447929162,37.0362650316,34.6968739992,36.4012397177
521, 2026-05-29 09:17:20,1780035440,1040.0,56.9661610268,35.6753340695,38.8856100226,32.1814567416,35.9589354445
522, 2026-05-29 09:17:22,1780035442,1042.0,56.9603267211,35.1989716608,38.1183590791,33.1607354988,34.3178204045
523, 2026-05-29 09:17:24,1780035444,1044.0,56.9544924154,35.4752572030,37.5487270034,33.7544771294,35.1225674761
524, 2026-05-29 09:17:26,1780035446,1046.0,56.9486581097,35.2102166000,36.5023803299,33.6842254328,35.4440440371
525, 2026-05-29 09:17:28,1780035448,1048.0,56.9428238040,35.8692512294,37.9231109466,34.2386326536,35.4460100880
526, 2026-05-29 09:17:30,1780035450,1050.0,56.9369894982,35.7979833840,38.5210170232,33.0176697729,35.8552633560
527, 2026-05-29 09:17:32,1780035452,1052.0,56.9311551925,35.3964450181,38.4321528725,33.9657743089,33.7914078729
528, 2026-05-29 09:17:34,1780035454,1054.0,56.9253208868,36.2091226661,38.1433018724,34.3984636244,36.0856025016
529, 2026-05-29 09:17:36,1780035456,1056.0,56.9194865811,35.4796127854,37.9403004449,32.7716585960,35.7268793153
530, 2026-05-29 09:17:38,1780035458,1058.0,56.9136522754,35.0601863511,36.2586330400,32.8500317022,36.0718943109
531, 2026-05-29 09:17:40,1780035460,1060.0,56.9078179697,35.9497562750,37.7342254002,33.6924136418,36.4226297830
532, 2026-05-29 09:17:42,1780035462,1062.0,56.9019836639,35.7587838668,37.8368763909,34.9558486625,34.4836265470
533, 2026-05-29 09:17:44,1780035464,1064.0,56.8961493582,35.0952685462,37.4753280655,32.4769494151,35.3335281581
534, 2026-05-29 09:17:46,1780035466,1066.0,56.8903150525,34.9227013897,36.9928649509,33.6148227905,34.1604164277
535, 2026-05-29 09:17:48,1780035468,1068.0,56.8844807468,36.1308684575,38.7606349503,33.3980281725,36.2339422498
536, 2026-05-29 09:17:50,1780035470,1070.0,56.8786464411,35.8526646476,39.2213271178,32.8611943417,35.4754724834
537, 2026-05-29 09:17:52,1780035472,1072.0,56.8728121354,35.8463153024,37.2955288103,33.9105549395,36.3328621574
538, 2026-05-29 09:17:54,1780035474,1074.0,56.8669778296,36.0388732011,39.3864363450,33.3292621119,35.4009211463
539, 2026-05-29 09:17:56,1780035476,1076.0,56.8611435239,35.7272552146,38.7624330082,33.7149327630,34.7043998725
540, 2026-05-29 09:17:58,1780035478,1078.0,56.8553092182,35.3321689817,38.0694308843,33.2303172676,34.6967587933
541, 2026-05-29 09:18:00,1780035480,1080.0,56.8494749125,35.0276382003,37.4541162209,32.7116253713,34.9171730086
542, 2026-05-29 09:18:02,1780035482,1082.0,56.8436406068,36.0270649604,39.1674295526,33.1526858793,35.7610794493
543, 2026-05-29 09:18:04,1780035484,1084.0,56.8378063011,35.2775119898,37.6272729261,32.4393475092,35.7659155341
544, 2026-05-29 09:18:06,1780035486,1086.0,56.8319719953,35.5246603352,36.4918324578,34.2357701471,35.8463784009
545, 2026-05-29 09:18:08,1780035488,1088.0,56.8261376896,36.2986630401,38.2937703703,34.2874659989,36.3147527510
546, 2026-05-29 09:18:10,1780035490,1090.0,56.8203033839,35.0164439634,37.9545587928,32.6581423550,34.4366307423
547, 2026-05-29 09:18:12,1780035492,1092.0,56.8144690782,35.1699017112,37.5069250082,33.5861441469,34.4166359786
548, 2026-05-29 09:18:14,1780035494,1094.0,56.8086347725,35.0961582518,36.0473201008,33.5304573830,35.7106972717
549, 2026-05-29 09:18:16,1780035496,1096.0,56.8028004667,36.0074017406,37.9712672527,33.2706031466,36.7803348225
550, 2026-05-29 09:18:18,1780035498,1098.0,56.7969661610,35.2621316075,37.9050640232,32.5546014451,35.3267293542
551, 2026-05-29 09:18:20,1780035500,1100.0,56.7911318553,35.7868714350,39.0871933811,32.9094864480,35.3639344760
552, 2026-05-29 09:18:22,1780035502,1102.0,56.7852975496,35.2864214314,36.9726207742,34.2483520624,34.6382914576
553, 2026-05-29 09:18:24,1780035504,1104.0,56.7794632439,35.2190155474,37.0081492351,33.4535218306,35.1953755765
554, 2026-05-29 09:18:26,1780035506,1106.0,56.7736289382,35.7967177835,37.8817202500,33.3650740996,36.1433590010
555, 2026-05-29 09:18:28,1780035508,1108.0,56.7677946324,35.8522588361,38.6477473035,33.8092201856,35.0998090192
556, 2026-05-29 09:18:30,1780035510,1110.0,56.7619603267,35.8627713131,37.3076882844,34.2110757814,36.0695498736
557, 2026-05-29 09:18:32,1780035512,1112.0,56.7561260210,35.6528339401,39.0777465436,33.0741034210,34.8066518558
558, 2026-05-29 09:18:34,1780035514,1114.0,56.7502917153,35.7439842231,38.8046754280,32.7397183533,35.6875588879
559, 2026-05-29 09:18:36,1780035516,1116.0,56.7444574096,35.1336942500,37.7313369226,33.6087279166,34.0610179108
560, 2026-05-29 09:18:38,1780035518,1118.0,56.7386231039,35.6491841095,38.5903997938,32.9043895511,35.4527629837
561, 2026-05-29 09:18:40,1780035520,1120.0,56.7327887981,35.6458215799,37.9418492734,34.0544870703,34.9411283960
562, 2026-05-29 09:18:42,1780035522,1122.0,56.7269544924,34.7378659603,37.6279210711,31.6441266896,34.9415501202
563, 2026-05-29 09:18:44,1780035524,1124.0,56.7211201867,35.7534019566,38.8440947035,33.3483802437,35.0677309227
564, 2026-05-29 09:18:46,1780035526,1126.0,56.7152858810,35.9785908938,38.3694539754,33.5085428534,36.0577758526
565, 2026-05-29 09:18:48,1780035528,1128.0,56.7094515753,35.7024068490,38.6957448473,33.9230746991,34.4884010006
566, 2026-05-29 09:18:50,1780035530,1130.0,56.7036172695,35.8284593976,37.3436691739,35.1140321706,35.0276768484
567, 2026-05-29 09:18:52,1780035532,1132.0,56.6977829638,36.0011148671,38.5200304342,34.4227245429,35.0605896241
568, 2026-05-29 09:18:54,1780035534,1134.0,56.6919486581,36.1079173613,38.4986009754,33.0500627038,36.7750884048
569, 2026-05-29 09:18:56,1780035536,1136.0,56.6861143524,35.3534947163,37.5765003700,32.5638023165,35.9201814625
570, 2026-05-29 09:18:58,1780035538,1138.0,56.6802800467,35.5703342990,38.3697572565,33.7468881220,34.5943575185
571, 2026-05-29 09:19:00,1780035540,1140.0,56.6744457410,35.0125065539,38.0994680036,32.0556230778,34.8824285804
572, 2026-05-29 09:19:02,1780035542,1142.0,56.6686114352,35.5613946619,37.7697139501,33.5577072747,35.3567627609
573, 2026-05-29 09:19:04,1780035544,1144.0,56.6627771295,35.9386913854,38.2363741025,33.8872195601,35.6924804935
574, 2026-05-29 09:19:06,1780035546,1146.0,56.6569428238,35.7318670519,37.4687468771,32.6099752502,37.1168790282
575, 2026-05-29 09:19:08,1780035548,1148.0,56.6511085181,35.7843327933,37.6495569976,34.7128116377,34.9906297447
576, 2026-05-29 09:19:10,1780035550,1150.0,56.6452742124,34.9363976527,37.9172848843,32.1837551878,34.7081528861
577, 2026-05-29 09:19:12,1780035552,1152.0,56.6394399067,35.7429938185,38.5361362151,34.1004646633,34.5923805771
578, 2026-05-29 09:19:14,1780035554,1154.0,56.6336056009,35.6668625056,38.2979478202,33.4917713300,35.2108683666
579, 2026-05-29 09:19:16,1780035556,1156.0,56.6277712952,35.6438827022,38.4010178316,32.7017236250,35.8289066499
580, 2026-05-29 09:19:18,1780035558,1158.0,56.6219369895,35.2532526070,37.6247544617,32.8922918621,35.2427114973
581, 2026-05-29 09:19:20,1780035560,1160.0,56.6161026838,35.7193660289,37.3984705353,34.2778881591,35.4817393924
582, 2026-05-29 09:19:22,1780035562,1162.0,56.6102683781,34.9461599383,37.2558237268,32.8866254528,34.6960306354
583, 2026-05-29 09:19:24,1780035564,1164.0,56.6044340723,35.4714986051,37.9858749422,32.7754483517,35.6531725214
584, 2026-05-29 09:19:26,1780035566,1166.0,56.5985997666,35.9014717955,37.6183854220,35.1865223881,34.8995075763
585, 2026-05-29 09:19:28,1780035568,1168.0,56.5927654609,35.0271111951,37.6135561077,33.8012675078,33.6665099699
586, 2026-05-29 09:19:30,1780035570,1170.0,56.5869311552,35.7422086992,38.5904625537,33.6927976409,34.9433659028
587, 2026-05-29 09:19:32,1780035572,1172.0,56.5810968495,34.9341875882,37.4696402015,32.0960881816,35.2368343815
588, 2026-05-29 09:19:34,1780035574,1174.0,56.5752625438,35.0042617406,37.2065091197,32.8740852798,34.9321908223
589, 2026-05-29 09:19:36,1780035576,1176.0,56.5694282380,35.9106561055,38.2400324481,33.3841209801,36.1078148882
590, 2026-05-29 09:19:38,1780035578,1178.0,56.5635939323,35.3319443894,37.8132768719,33.2003704621,34.9821858341
591, 2026-05-29 09:19:40,1780035580,1180.0,56.5577596266,35.5722117763,37.7017874397,33.7662084706,35.2486394184
592, 2026-05-29 09:19:42,1780035582,1182.0,56.5519253209,35.9603808186,38.3924483638,34.4706633582,35.0180307336
593, 2026-05-29 09:19:44,1780035584,1184.0,56.5460910152,35.0224148804,37.6020464055,34.0539597645,33.4112384712
594, 2026-05-29 09:19:46,1780035586,1186.0,56.5402567095,35.5826809085,37.2714672128,33.7226669511,35.7539085615
595, 2026-05-29 09:19:48,1780035588,1188.0,56.5344224037,34.7734066966,37.4960517161,33.5044926749,33.3196756989
596, 2026-05-29 09:19:50,1780035590,1190.0,56.5285880980,35.3368746646,37.5492926018,34.0083316125,34.4529997795
597, 2026-05-29 09:19:52,1780035592,1192.0,56.5227537923,35.3466938057,37.9947340496,32.7350704412,35.3102769265
598, 2026-05-29 09:19:54,1780035594,1194.0,56.5169194866,36.0073238726,38.3011541967,33.5461478172,36.1746696040
599, 2026-05-29 09:19:56,1780035596,1196.0,56.5110851809,35.2430785444,38.1754178589,33.6342277100,33.9195900643
600, 2026-05-29 09:19:58,1780035598,1198.0,56.5052508751,35.7014663130,37.5921039446,34.3544149775,35.1578800168
601, 2026-05-29 09:20:00,1780035600,1200.0,56.4994165694,35.4856295452,37.7464606140,32.6919847913,36.0184432302
602, 2026-05-29 09:20:02,1780035602,1202.0,56.4935822637,36.2520673751,39.3888485561,34.2034387779,35.1639147913
603, 2026-05-29 09:20:04,1780035604,1204.0,56.4877479580,35.3960797452,37.3981975783,33.2396805717,35.5503610857
604, 2026-05-29 09:20:06,1780035606,1206.0,56.4819136523,34.6442393955,37.4668310625,31.6360535923,34.8298335317
605, 2026-05-29 09:20:08,1780035608,1208.0,56.4760793466,35.4339136729,37.5269652844,33.8852030991,34.8895726354
606, 2026-05-29 09:20:10,1780035610,1210.0,56.4702450408,35.6939151356,37.9279727244,33.4854846591,35.6682880233
607, 2026-05-29 09:20:12,1780035612,1212.0,56.4644107351,35.2356521400,37.6702071603,32.9301782383,35.1065710214
608, 2026-05-29 09:20:14,1780035614,1214.0,56.4585764294,36.0891029312,38.1128521953,34.0674115054,36.0870450927
609, 2026-05-29 09:20:16,1780035616,1216.0,56.4527421237,36.0379648394,38.2793865877,34.9138493956,34.9206585350
610, 2026-05-29 09:20:18,1780035618,1218.0,56.4469078180,35.8076277333,38.1645556282,33.6240381091,35.6342894627
611, 2026-05-29 09:20:20,1780035620,1220.0,56.4410735123,35.0982970901,36.6133379794,34.3784658296,34.3030874614
612, 2026-05-29 09:20:22,1780035622,1222.0,56.4352392065,35.0675239521,37.0832466785,33.2248630745,34.8944621033
613, 2026-05-29 09:20:24,1780035624,1224.0,56.4294049008,35.5968748507,37.1319514207,33.3536815554,36.3049915760
614, 2026-05-29 09:20:26,1780035626,1226.0,56.4235705951,35.1596492832,38.0846774549,33.2434813843,34.1507890105
615, 2026-05-29 09:20:28,1780035628,1228.0,56.4177362894,35.2298101511,38.5119328938,33.0123645960,34.1651329634
616, 2026-05-29 09:20:30,1780035630,1230.0,56.4119019837,35.9587340325,38.6002962072,33.1428289400,36.1330769504
617, 2026-05-29 09:20:32,1780035632,1232.0,56.4060676779,35.6236988111,38.0378654340,32.5981405980,36.2350904012
618, 2026-05-29 09:20:34,1780035634,1234.0,56.4002333722,35.3507929653,37.5720762972,33.6262968260,34.8540057726
619, 2026-05-29 09:20:36,1780035636,1236.0,56.3943990665,35.5299109000,38.0231291473,34.2266068344,34.3399967184
620, 2026-05-29 09:20:38,1780035638,1238.0,56.3885647608,35.4928026231,37.7194239081,33.4306680649,35.3283158965
621, 2026-05-29 09:20:40,1780035640,1240.0,56.3827304551,35.1822189049,38.0180913177,32.7951233769,34.7334420201
622, 2026-05-29 09:20:42,1780035642,1242.0,56.3768961494,35.3123919953,37.5714657665,33.0607234954,35.3049867239
623, 2026-05-29 09:20:44,1780035644,1244.0,56.3710618436,34.7563250784,37.3665194268,33.6027734236,33.2996823848
624, 2026-05-29 09:20:46,1780035646,1246.0,56.3652275379,35.3677437871,39.3531785131,32.7882705373,33.9617823111
625, 2026-05-29 09:20:48,1780035648,1248.0,56.3593932322,35.3149832266,36.9922755104,34.6718411395,34.2808330298
626, 2026-05-29 09:20:50,1780035650,1250.0,56.3535589265,36.1540695661,39.2603254757,33.1053045490,36.0965786738
627, 2026-05-29 09:20:52,1780035652,1252.0,56.3477246208,34.4155288653,37.6882240201,32.6742032550,32.8841593208
628, 2026-05-29 09:20:54,1780035654,1254.0,56.3418903151,36.0194598003,38.6867686002,33.3873046181,35.9843061825
629, 2026-05-29 09:20:56,1780035656,1256.0,56.3360560093,35.2243207922,37.5861424943,33.3841385843,34.7026812981
630, 2026-05-29 09:20:58,1780035658,1258.0,56.3302217036,35.9584979771,38.8825819662,33.1392727631,35.8536392020
631, 2026-05-29 09:21:00,1780035660,1260.0,56.3243873979,35.9245389979,37.8107029418,34.1710526179,35.7918614339
632, 2026-05-29 09:21:02,1780035662,1262.0,56.3185530922,35.3910605798,38.4292635647,33.5699016710,34.1740165037
633, 2026-05-29 09:21:04,1780035664,1264.0,56.3127187865,35.3272833009,38.0100978512,32.8787591101,35.0929929412
634, 2026-05-29 09:21:06,1780035666,1266.0,56.3068844807,35.3821193388,37.0286077917,32.8395232673,36.2782269575
635, 2026-05-29 09:21:08,1780035668,1268.0,56.3010501750,35.6393602468,37.9039367215,33.5938635931,35.4202804258
636, 2026-05-29 09:21:10,1780035670,1270.0,56.2952158693,35.8052184417,39.5955206750,33.1722626522,34.6478719979
637, 2026-05-29 09:21:12,1780035672,1272.0,56.2893815636,35.9061111404,38.5251516756,34.5572384193,34.6359433264
638, 2026-05-29 09:21:14,1780035674,1274.0,56.2835472579,35.5133027824,37.3227697148,33.2150236766,36.0021149558
639, 2026-05-29 09:21:16,1780035676,1276.0,56.2777129522,35.1818115127,38.4039055087,33.0532230305,34.0883059988
640, 2026-05-29 09:21:18,1780035678,1278.0,56.2718786464,35.9226123502,37.9616889164,33.5110645752,36.2950835589
641, 2026-05-29 09:21:20,1780035680,1280.0,56.2660443407,35.4821438520,38.5552415030,32.4344799045,35.4567101483
642, 2026-05-29 09:21:22,1780035682,1282.0,56.2602100350,35.6087453376,38.7442550511,33.5635526990,34.5184282627
643, 2026-05-29 09:21:24,1780035684,1284.0,56.2543757293,35.2762234286,38.2267202973,32.5071574494,35.0947925391
644, 2026-05-29 09:21:26,1780035686,1286.0,56.2485414236,35.2001563589,38.4139754079,32.1416178383,35.0448758307
645, 2026-05-29 09:21:28,1780035688,1288.0,56.2427071179,35.8451734969,37.9915107583,35.0366168550,34.5073928773
646, 2026-05-29 09:21:30,1780035690,1290.0,56.2368728121,36.0975473557,38.9302497623,33.8356392878,35.5267530171
647, 2026-05-29 09:21:32,1780035692,1292.0,56.2310385064,35.1804873974,37.8303675582,31.9036585942,35.8074360398
648, 2026-05-29 09:21:34,1780035694,1294.0,56.2252042007,35.2328495708,38.1959168650,33.6859712955,33.8166605520
649, 2026-05-29 09:21:36,1780035696,1296.0,56.2193698950,35.5441715908,38.6588532946,34.0975329288,33.8761285491
650, 2026-05-29 09:21:38,1780035698,1298.0,56.2135355893,35.4815857188,39.2142537169,33.0016940779,34.2288093614
651, 2026-05-29 09:21:40,1780035700,1300.0,56.2077012835,35.5430116815,37.2393986692,33.9656458196,35.4239905556
652, 2026-05-29 09:21:42,1780035702,1302.0,56.2018669778,35.7861578703,37.7707653886,35.0202193744,34.5674888480
653, 2026-05-29 09:21:44,1780035704,1304.0,56.1960326721,35.4203984290,38.0510055500,33.4110660945,34.7991236426
654, 2026-05-29 09:21:46,1780035706,1306.0,56.1901983664,35.6801084300,38.3894325897,33.7511841662,34.8997085339
655, 2026-05-29 09:21:48,1780035708,1308.0,56.1843640607,35.9555930979,38.4059051273,33.8879681510,35.5729060155
656, 2026-05-29 09:21:50,1780035710,1310.0,56.1785297550,35.5513106908,37.7079924843,33.4844145756,35.4615250123
657, 2026-05-29 09:21:52,1780035712,1312.0,56.1726954492,36.1540816557,38.8147381797,33.7055098190,35.9419969684
658, 2026-05-29 09:21:54,1780035714,1314.0,56.1668611435,35.6587848995,37.2123750854,34.5428673003,35.2211123128
659, 2026-05-29 09:21:56,1780035716,1316.0,56.1610268378,35.7614425130,38.5611862740,33.5451483903,35.1779928747
660, 2026-05-29 09:21:58,1780035718,1318.0,56.1551925321,36.2243450944,38.4272957755,34.8760472431,35.3696922645
661, 2026-05-29 09:22:00,1780035720,1320.0,56.1493582264,34.9073512571,37.3096767724,32.0401530526,35.3722239462
662, 2026-05-29 09:22:02,1780035722,1322.0,56.1435239207,35.8830917904,37.8924837802,34.0284885863,35.7283030048
663, 2026-05-29 09:22:04,1780035724,1324.0,56.1376896149,35.3632833341,37.7841902125,33.5680449891,34.7376148008
664, 2026-05-29 09:22:06,1780035726,1326.0,56.1318553092,35.5675939264,37.5059885107,33.4635785645,35.7332147042
665, 2026-05-29 09:22:08,1780035728,1328.0,56.1260210035,35.1307676951,37.8594306688,32.7456648483,34.7872075681
666, 2026-05-29 09:22:10,1780035730,1330.0,56.1201866978,35.4817177460,38.5283638619,33.4048070796,34.5119822964
667, 2026-05-29 09:22:12,1780035732,1332.0,56.1143523921,35.9859106880,38.5551160020,34.2158472910,35.1867687710
668, 2026-05-29 09:22:14,1780035734,1334.0,56.1085180863,35.3610799553,37.7189404588,33.9902032478,34.3740961592
669, 2026-05-29 09:22:16,1780035736,1336.0,56.1026837806,35.2366026952,37.7406767797,33.2718842521,34.6972470538
670, 2026-05-29 09:22:18,1780035738,1338.0,56.0968494749,35.1399869960,37.6110114977,32.8730355387,34.9359139518
671, 2026-05-29 09:22:20,1780035740,1340.0,56.0910151692,34.9602028320,37.4865577080,32.5971981135,34.7968526746
672, 2026-05-29 09:22:22,1780035742,1342.0,56.0851808635,36.4598759298,38.9366946996,34.4953748240,35.9475582658
673, 2026-05-29 09:22:24,1780035744,1344.0,56.0793465578,35.8835625051,38.5215469083,32.6406184384,36.4885221684
674, 2026-05-29 09:22:26,1780035746,1346.0,56.0735122520,36.1843685337,38.6253885934,34.0845746371,35.8431423706
675, 2026-05-29 09:22:28,1780035748,1348.0,56.0676779463,35.4597582500,36.9832871058,34.0064798600,35.3895077841
676, 2026-05-29 09:22:30,1780035750,1350.0,56.0618436406,36.0333355812,38.1958759685,33.9626822645,35.9414485104
677, 2026-05-29 09:22:32,1780035752,1352.0,56.0560093349,35.6268277726,38.0463556485,33.6752426837,35.1588849856
678, 2026-05-29 09:22:34,1780035754,1354.0,56.0501750292,36.4101140708,39.0985971936,34.0936748057,36.0380702131
679, 2026-05-29 09:22:36,1780035756,1356.0,56.0443407235,35.5541691299,37.5451988227,33.3724779325,35.7448306345
680, 2026-05-29 09:22:38,1780035758,1358.0,56.0385064177,34.6840428233,37.0800506060,32.2509533417,34.7211245221
681, 2026-05-29 09:22:40,1780035760,1360.0,56.0326721120,35.6577764059,38.1968710230,33.2244750027,35.5519831921
682, 2026-05-29 09:22:42,1780035762,1362.0,56.0268378063,35.7835451882,38.7150101119,33.0214254168,35.6142000357
683, 2026-05-29 09:22:44,1780035764,1364.0,56.0210035006,35.7298454647,37.1736531771,33.6540736221,36.3618095948
684, 2026-05-29 09:22:46,1780035766,1366.0,56.0151691949,35.3411836344,37.3290474955,33.1172885849,35.5772148226
685, 2026-05-29 09:22:48,1780035768,1368.0,56.0093348891,35.2752353616,38.4279726363,32.3508586080,35.0468748405
686, 2026-05-29 09:22:50,1780035770,1370.0,56.0035005834,35.2883433933,37.0964702707,32.0790493380,36.6895105711
687, 2026-05-29 09:22:52,1780035772,1372.0,55.9976662777,35.1869213155,36.9777020300,32.8007949044,35.7822670122
688, 2026-05-29 09:22:54,1780035774,1374.0,55.9918319720,35.7084448765,37.6231132670,33.5755371755,35.9266841868
689, 2026-05-29 09:22:56,1780035776,1376.0,55.9859976663,35.4163571588,36.9683642092,33.3797495290,35.9009577381
690, 2026-05-29 09:22:58,1780035778,1378.0,55.9801633606,35.8135140321,38.9585326441,33.5253572559,34.9566521964
691, 2026-05-29 09:23:00,1780035780,1380.0,55.9743290548,35.3041717310,37.3028589374,33.2780189521,35.3316373034
692, 2026-05-29 09:23:02,1780035782,1382.0,55.9684947491,36.0224909900,37.9457447343,33.5313385601,36.5903896756
693, 2026-05-29 09:23:04,1780035784,1384.0,55.9626604434,35.8059621908,37.9534096924,34.2614158100,35.2030610698
694, 2026-05-29 09:23:06,1780035786,1386.0,55.9568261377,35.3758906161,38.5266671208,31.6961413204,35.9048634070
695, 2026-05-29 09:23:08,1780035788,1388.0,55.9509918320,34.9315574112,38.3810906909,33.1383884492,33.2751930936
696, 2026-05-29 09:23:10,1780035790,1390.0,55.9451575263,37.0389134801,39.5975524629,34.7232703102,36.7959176674
697, 2026-05-29 09:23:12,1780035792,1392.0,55.9393232205,35.7903157226,38.1677604248,33.8597572396,35.3434295034
698, 2026-05-29 09:23:14,1780035794,1394.0,55.9334889148,35.5250181778,38.1186797427,33.8275871188,34.6287876720
699, 2026-05-29 09:23:16,1780035796,1396.0,55.9276546091,36.0883949318,39.1260777500,33.2767352554,35.8623717899
700, 2026-05-29 09:23:18,1780035798,1398.0,55.9218203034,35.9454771597,37.2421761076,33.5153964321,37.0788589395
701, 2026-05-29 09:23:20,1780035800,1400.0,55.9159859977,35.7593325496,39.2019380453,33.0663837160,35.0096758875
702, 2026-05-29 09:23:22,1780035802,1402.0,55.9101516919,35.6444799692,37.2516071406,32.8379366890,36.8438960780
703, 2026-05-29 09:23:24,1780035804,1404.0,55.9043173862,35.4670410700,38.4033568626,33.5377911929,34.4599751544
704, 2026-05-29 09:23:26,1780035806,1406.0,55.8984830805,35.0356963127,37.8972651367,32.2247153200,34.9851084815
705, 2026-05-29 09:23:28,1780035808,1408.0,55.8926487748,35.5749720069,37.5581202086,32.2675629682,36.8992328440
706, 2026-05-29 09:23:30,1780035810,1410.0,55.8868144691,35.3505624772,37.7499777392,33.4076370384,34.8940726539
707, 2026-05-29 09:23:32,1780035812,1412.0,55.8809801634,36.0275216990,38.9884519785,33.7014476944,35.3926654241
708, 2026-05-29 09:23:34,1780035814,1414.0,55.8751458576,35.7342623055,37.6814371662,33.5830058311,35.9383439191
709, 2026-05-29 09:23:36,1780035816,1416.0,55.8693115519,35.3621007321,38.5348418980,33.1011441104,34.4503161880
710, 2026-05-29 09:23:38,1780035818,1418.0,55.8634772462,36.1546263347,38.4270949439,33.5026057939,36.5341782662
711, 2026-05-29 09:23:40,1780035820,1420.0,55.8576429405,35.3403314321,37.5930575837,33.2640905404,35.1638461723
712, 2026-05-29 09:23:42,1780035822,1422.0,55.8518086348,35.3487258053,37.4193528543,33.2921773014,35.3346472600
713, 2026-05-29 09:23:44,1780035824,1424.0,55.8459743291,36.1788138558,39.6761111270,32.9879427229,35.8723877175
714, 2026-05-29 09:23:46,1780035826,1426.0,55.8401400233,35.4190803319,37.7136967081,34.1202767106,34.4232675771
715, 2026-05-29 09:23:48,1780035828,1428.0,55.8343057176,36.2427128491,38.4557322532,33.5258284629,36.7465778311
716, 2026-05-29 09:23:50,1780035830,1430.0,55.8284714119,34.9810353786,37.3559723100,31.4340290449,36.1531047810
717, 2026-05-29 09:23:52,1780035832,1432.0,55.8226371062,35.6012011997,38.4415367753,33.5148020332,34.8472647904
718, 2026-05-29 09:23:54,1780035834,1434.0,55.8168028005,35.2065173407,38.2464013928,31.9688297273,35.4043209020
719, 2026-05-29 09:23:56,1780035836,1436.0,55.8109684947,35.4754810846,37.9630305080,33.0972776095,35.3661351363
720, 2026-05-29 09:23:58,1780035838,1438.0,55.8051341890,35.6580051276,36.9826998057,34.0896697129,35.9016458642
721, 2026-05-29 09:24:00,1780035840,1440.0,55.7992998833,35.2477108782,37.6347643277,32.9633914927,35.1449768141
722, 2026-05-29 09:24:02,1780035842,1442.0,55.7934655776,36.4109175047,38.0609525672,34.6531658531,36.5186340938
723, 2026-05-29 09:24:04,1780035844,1444.0,55.7876312719,34.9182091781,36.2368878717,34.0182307108,34.4995089520
724, 2026-05-29 09:24:06,1780035846,1446.0,55.7817969662,35.4229008093,36.9607278157,32.9199256900,36.3880489223
725, 2026-05-29 09:24:08,1780035848,1448.0,55.7759626604,35.2451103937,38.7886975500,32.8435854499,34.1030481812
726, 2026-05-29 09:24:10,1780035850,1450.0,55.7701283547,35.4521576704,38.1301217858,32.0622192422,36.1641319831
727, 2026-05-29 09:24:12,1780035852,1452.0,55.7642940490,34.7826520355,38.6333873673,32.7904362359,32.9241325033
728, 2026-05-29 09:24:14,1780035854,1454.0,55.7584597433,35.9605518943,37.7258902441,34.6435175648,35.5122478739
729, 2026-05-29 09:24:16,1780035856,1456.0,55.7526254376,35.5466743609,37.8290164797,34.0378467079,34.7731598953
730, 2026-05-29 09:24:18,1780035858,1458.0,55.7467911319,35.1908425801,38.1678819045,33.2534821239,34.1511637118
731, 2026-05-29 09:24:20,1780035860,1460.0,55.7409568261,35.1649164937,38.5455462388,32.5877401498,34.3614630926
732, 2026-05-29 09:24:22,1780035862,1462.0,55.7351225204,34.8455192970,37.3474775983,31.9460840369,35.2429962558
733, 2026-05-29 09:24:24,1780035864,1464.0,55.7292882147,35.6682268882,38.7869871732,32.9937240425,35.2239694489
734, 2026-05-29 09:24:26,1780035866,1466.0,55.7234539090,35.2633497282,37.3249008084,33.6827952779,34.7823530983
735, 2026-05-29 09:24:28,1780035868,1468.0,55.7176196033,35.4593995280,37.9691052235,32.8125899421,35.5965034184
736, 2026-05-29 09:24:30,1780035870,1470.0,55.7117852975,35.8309727995,38.1776081293,33.8187007831,35.4966094862
737, 2026-05-29 09:24:32,1780035872,1472.0,55.7059509918,35.3755106321,38.4625174072,32.7909171368,34.8730973524
738, 2026-05-29 09:24:34,1780035874,1474.0,55.7001166861,36.0859591438,38.4884682765,33.1924548139,36.5769543411
739, 2026-05-29 09:24:36,1780035876,1476.0,55.6942823804,35.8553717587,38.7508775473,33.9323094296,34.8829282992
740, 2026-05-29 09:24:38,1780035878,1478.0,55.6884480747,35.4269723574,38.2974509825,33.0812771802,34.9021889096
741, 2026-05-29 09:24:40,1780035880,1480.0,55.6826137690,35.7653365710,37.7394056738,33.7574029670,35.7992010721
742, 2026-05-29 09:24:42,1780035882,1482.0,55.6767794632,36.0098597816,38.7306544859,33.7412090981,35.5577157608
743, 2026-05-29 09:24:44,1780035884,1484.0,55.6709451575,35.4188445299,38.0571656079,33.6962535297,34.5031144519
744, 2026-05-29 09:24:46,1780035886,1486.0,55.6651108518,35.1914346484,37.6347927542,33.4794914579,34.4600197330
745, 2026-05-29 09:24:48,1780035888,1488.0,55.6592765461,35.5845573520,38.1790334598,32.4296477742,36.1449908221
746, 2026-05-29 09:24:50,1780035890,1490.0,55.6534422404,35.5626574069,37.8180872254,33.6575568674,35.2123281279
747, 2026-05-29 09:24:52,1780035892,1492.0,55.6476079347,35.1642529279,36.9400647542,33.2139476430,35.3387463864
748, 2026-05-29 09:24:54,1780035894,1494.0,55.6417736289,35.7129580291,38.5000308285,33.3417918298,35.2970514289
749, 2026-05-29 09:24:56,1780035896,1496.0,55.6359393232,35.6239005796,38.3557951646,33.4614080767,35.0544984974
750, 2026-05-29 09:24:58,1780035898,1498.0,55.6301050175,35.4173579446,38.1536479731,33.4986511010,34.5997747598
751, 2026-05-29 09:25:00,1780035900,1500.0,55.6242707118,36.4407097226,38.4886310235,34.3185884747,36.5149096696
752, 2026-05-29 09:25:02,1780035902,1502.0,55.6184364061,35.4880003380,37.8880061168,34.0513246059,34.5246702912
753, 2026-05-29 09:25:04,1780035904,1504.0,55.6126021004,35.8181854051,38.4631502508,34.1595112388,34.8318947259
754, 2026-05-29 09:25:06,1780035906,1506.0,55.6067677946,35.7883907478,39.0937974698,33.5726879540,34.6986868194
755, 2026-05-29 09:25:08,1780035908,1508.0,55.6009334889,35.2504383648,37.1114187018,33.1162421859,35.5236542069
756, 2026-05-29 09:25:10,1780035910,1510.0,55.5950991832,34.8064249931,36.6072306924,32.6802893563,35.1317549308
757, 2026-05-29 09:25:12,1780035912,1512.0,55.5892648775,36.5455590383,38.8328685682,34.8648558755,35.9389526711
758, 2026-05-29 09:25:14,1780035914,1514.0,55.5834305718,35.4702814155,38.1848369712,32.5474185421,35.6785887332
759, 2026-05-29 09:25:16,1780035916,1516.0,55.5775962660,35.4242234359,38.0597481021,33.1989708571,35.0139513485
760, 2026-05-29 09:25:18,1780035918,1518.0,55.5717619603,35.1869192032,37.8384568287,33.3622394607,34.3600613202
761, 2026-05-29 09:25:20,1780035920,1520.0,55.5659276546,35.2038560228,36.6410433671,33.5814182952,35.3891064060
762, 2026-05-29 09:25:22,1780035922,1522.0,55.5600933489,35.3878971111,37.8375194998,33.7634844188,34.5626874145
763, 2026-05-29 09:25:24,1780035924,1524.0,55.5542590432,35.0511032754,37.5792130117,33.1967981856,34.3772986290
764, 2026-05-29 09:25:26,1780035926,1526.0,55.5484247375,35.6013371506,38.3145111339,33.5289025434,34.9605977745
765, 2026-05-29 09:25:28,1780035928,1528.0,55.5425904317,35.8041720404,39.9782555833,33.0384504445,34.3958100933
766, 2026-05-29 09:25:30,1780035930,1530.0,55.5367561260,35.8769199958,38.2315108185,33.5151170814,35.8841320875
767, 2026-05-29 09:25:32,1780035932,1532.0,55.5309218203,36.5800285887,39.4243201986,34.2484303563,36.0673352112
768, 2026-05-29 09:25:34,1780035934,1534.0,55.5250875146,35.4575797441,38.6108390731,33.0764063772,34.6854937818
769, 2026-05-29 09:25:36,1780035936,1536.0,55.5192532089,35.1484867308,37.6466556360,32.7067174218,35.0920871347
770, 2026-05-29 09:25:38,1780035938,1538.0,55.5134189032,35.1578995339,36.7161728898,32.9234750914,35.8340506204
771, 2026-05-29 09:25:40,1780035940,1540.0,55.5075845974,34.8905523833,37.7040195708,33.3070764218,33.6605611573
772, 2026-05-29 09:25:42,1780035942,1542.0,55.5017502917,35.6997833897,38.0705405287,33.0106088476,36.0182007927
773, 2026-05-29 09:25:44,1780035944,1544.0,55.4959159860,35.3332577404,38.2414085483,31.4384570231,36.3199076499
774, 2026-05-29 09:25:46,1780035946,1546.0,55.4900816803,35.5341082774,37.8271411705,34.1040079352,34.6711757265
775, 2026-05-29 09:25:48,1780035948,1548.0,55.4842473746,35.7574686604,37.5380754749,33.8491598273,35.8851706788
776, 2026-05-29 09:25:50,1780035950,1550.0,55.4784130688,36.7236106294,39.8560468725,34.0973019525,36.2174830631
777, 2026-05-29 09:25:52,1780035952,1552.0,55.4725787631,35.8291980178,38.4037086943,33.9472617170,35.1366236422
778, 2026-05-29 09:25:54,1780035954,1554.0,55.4667444574,35.3765184226,37.0600482501,33.3761196885,35.6933873291
779, 2026-05-29 09:25:56,1780035956,1556.0,55.4609101517,35.5338558500,38.8017977864,33.4691794634,34.3305903002
780, 2026-05-29 09:25:58,1780035958,1558.0,55.4550758460,35.0711558575,38.2763389839,32.2864202504,34.6507083383
781, 2026-05-29 09:26:00,1780035960,1560.0,55.4492415403,35.9796524321,38.4347631784,33.6813471314,35.8228469866
782, 2026-05-29 09:26:02,1780035962,1562.0,55.4434072345,36.0774876737,38.8892935506,33.4781347121,35.8650347586
783, 2026-05-29 09:26:04,1780035964,1564.0,55.4375729288,35.9173836888,38.8710144548,33.8949474607,34.9861891509
784, 2026-05-29 09:26:06,1780035966,1566.0,55.4317386231,35.3768190854,38.3183189459,33.6348669348,34.1772713757
785, 2026-05-29 09:26:08,1780035968,1568.0,55.4259043174,35.4786640883,38.4198409382,33.5527770965,34.4633742302
786, 2026-05-29 09:26:10,1780035970,1570.0,55.4200700117,36.2334148653,38.3671068263,34.3462701763,35.9868675933
787, 2026-05-29 09:26:12,1780035972,1572.0,55.4142357060,35.8910656271,38.1524849729,33.9020067421,35.6187051663
788, 2026-05-29 09:26:14,1780035974,1574.0,55.4084014002,35.0922701329,37.0698960289,33.0955863131,35.1113280567
789, 2026-05-29 09:26:16,1780035976,1576.0,55.4025670945,35.1630497374,37.3369188407,33.5544626624,34.5977677093
790, 2026-05-29 09:26:18,1780035978,1578.0,55.3967327888,35.4823333827,37.4223643628,33.9412885454,35.0833472398
791, 2026-05-29 09:26:20,1780035980,1580.0,55.3908984831,35.5621356860,37.7000243291,33.4640680144,35.5223147145
792, 2026-05-29 09:26:22,1780035982,1582.0,55.3850641774,36.4555577452,39.4606258172,33.8361211208,36.0699262977
793, 2026-05-29 09:26:24,1780035984,1584.0,55.3792298716,35.5692033249,37.3427961196,33.2940365805,36.0707772747
794, 2026-05-29 09:26:26,1780035986,1586.0,55.3733955659,36.2425615762,39.0753087863,33.4571261260,36.1952498164
795, 2026-05-29 09:26:28,1780035988,1588.0,55.3675612602,35.8035337280,38.8247475485,33.2933537799,35.2924998555
796, 2026-05-29 09:26:30,1780035990,1590.0,55.3617269545,35.7384297432,38.6177555002,34.0150589036,34.5824748258
797, 2026-05-29 09:26:32,1780035992,1592.0,55.3558926488,34.9000644480,37.6234052254,32.6017474031,34.4750407155
798, 2026-05-29 09:26:34,1780035994,1594.0,55.3500583431,36.1584848068,38.7076089636,33.8431230969,35.9247223599
799, 2026-05-29 09:26:36,1780035996,1596.0,55.3442240373,35.4913253674,37.2925840288,33.4099754925,35.7714165808
800, 2026-05-29 09:26:38,1780035998,1598.0,55.3383897316,36.0782621983,39.5962535562,33.7044651245,34.9340679142
801, 2026-05-29 09:26:40,1780036000,1600.0,55.3325554259,35.1382256170,37.5771613778,33.2907444550,34.5467710182
802, 2026-05-29 09:26:42,1780036002,1602.0,55.3267211202,36.2587860327,38.6696131446,33.7299693430,36.3767756106
803, 2026-05-29 09:26:44,1780036004,1604.0,55.3208868145,35.5117965675,37.3325877626,33.6116786975,35.5911232425
804, 2026-05-29 09:26:46,1780036006,1606.0,55.3150525088,35.2934500090,37.4951648876,32.4985030004,35.8866821389
805, 2026-05-29 09:26:48,1780036008,1608.0,55.3092182030,36.0305012486,39.3272488218,33.2532078621,35.5110470620
806, 2026-05-29 09:26:50,1780036010,1610.0,55.3033838973,35.4050250915,37.9794319389,33.0619143890,35.1737289465
807, 2026-05-29 09:26:52,1780036012,1612.0,55.2975495916,35.2756431614,37.3033675433,32.9660337815,35.5575281596
808, 2026-05-29 09:26:54,1780036014,1614.0,55.2917152859,35.5433465009,39.1719083125,32.9898437724,34.4682874178
809, 2026-05-29 09:26:56,1780036016,1616.0,55.2858809802,36.2978819432,39.4141335066,33.6411467281,35.8383655950
810, 2026-05-29 09:26:58,1780036018,1618.0,55.2800466744,35.1835684461,37.6255817355,33.0292678635,34.8958557395
811, 2026-05-29 09:27:00,1780036020,1620.0,55.2742123687,36.0738823955,38.5349125699,33.3745557538,36.3121788627
812, 2026-05-29 09:27:02,1780036022,1622.0,55.2683780630,35.6982809488,38.5891625041,33.2236364226,35.2820439196
813, 2026-05-29 09:27:04,1780036024,1624.0,55.2625437573,35.2950901209,37.6249584663,33.1098329321,35.1504789641
814, 2026-05-29 09:27:06,1780036026,1626.0,55.2567094516,34.4119037959,36.4437693212,33.0067663201,33.7851757463
815, 2026-05-29 09:27:08,1780036028,1628.0,55.2508751459,34.5138498530,37.9253634490,31.2939844703,34.3222016395
816, 2026-05-29 09:27:10,1780036030,1630.0,55.2450408401,34.8860197004,37.7457280866,33.1561254321,33.7562055825
817, 2026-05-29 09:27:12,1780036032,1632.0,55.2392065344,35.1288576670,37.5831150722,33.0628195268,34.7406384021
818, 2026-05-29 09:27:14,1780036034,1634.0,55.2333722287,35.8467241663,38.5602392030,33.1219149915,35.8580183044
819, 2026-05-29 09:27:16,1780036036,1636.0,55.2275379230,35.7261429206,37.8846532320,33.0886538618,36.2051216680
820, 2026-05-29 09:27:18,1780036038,1638.0,55.2217036173,35.7482220337,38.3797887110,33.6647679052,35.2001094849
821, 2026-05-29 09:27:20,1780036040,1640.0,55.2158693116,35.5750679196,38.7664346684,33.5168080938,34.4419609966
822, 2026-05-29 09:27:22,1780036042,1642.0,55.2100350058,36.0845618603,38.2989424480,33.6108299560,36.3439131768
823, 2026-05-29 09:27:24,1780036044,1644.0,55.2042007001,35.7508984009,38.1346324495,32.6919468813,36.4261158721
824, 2026-05-29 09:27:26,1780036046,1646.0,55.1983663944,35.5485278280,37.8128274661,32.8553120753,35.9774439426
825, 2026-05-29 09:27:28,1780036048,1648.0,55.1925320887,35.2196821640,37.2057600062,34.4110642920,34.0422221936
826, 2026-05-29 09:27:30,1780036050,1650.0,55.1866977830,35.5466513357,38.2208941399,33.5835036482,34.8355562192
827, 2026-05-29 09:27:32,1780036052,1652.0,55.1808634772,35.5553615838,37.9464491606,33.7737544721,34.9458811188
828, 2026-05-29 09:27:34,1780036054,1654.0,55.1750291715,35.6594331262,38.1647432372,32.8455132109,35.9680429303
829, 2026-05-29 09:27:36,1780036056,1656.0,55.1691948658,35.4858310294,37.7577483528,33.3410166701,35.3587280655
830, 2026-05-29 09:27:38,1780036058,1658.0,55.1633605601,36.2960021188,38.2421232339,34.2344255815,36.4114575410
831, 2026-05-29 09:27:40,1780036060,1660.0,55.1575262544,35.3569823952,37.6531941325,33.1174709745,35.3002820787
832, 2026-05-29 09:27:42,1780036062,1662.0,55.1516919487,35.2182856117,37.5975647393,33.7274629299,34.3298291660
833, 2026-05-29 09:27:44,1780036064,1664.0,55.1458576429,35.1537124185,37.5878182609,32.3034763031,35.5698426915
834, 2026-05-29 09:27:46,1780036066,1666.0,55.1400233372,35.8109683183,37.7010587631,33.5425547080,36.1892914838
835, 2026-05-29 09:27:48,1780036068,1668.0,55.1341890315,35.4547212321,37.8629200775,33.1335266708,35.3677169481
836, 2026-05-29 09:27:50,1780036070,1670.0,55.1283547258,35.4742223194,37.6508323214,32.9294518780,35.8423827587
837, 2026-05-29 09:27:52,1780036072,1672.0,55.1225204201,35.6901306394,38.4723397558,33.1718222637,35.4262298988
838, 2026-05-29 09:27:54,1780036074,1674.0,55.1166861144,35.9982005234,38.7133822849,33.3856080849,35.8956112004
839, 2026-05-29 09:27:56,1780036076,1676.0,55.1108518086,35.0171053703,38.1608718659,32.4453405620,34.4451036830
840, 2026-05-29 09:27:58,1780036078,1678.0,55.1050175029,35.6186238970,37.6359907862,33.5006591344,35.7192217705
841, 2026-05-29 09:28:00,1780036080,1680.0,55.0991831972,35.9289456949,37.9139944251,34.3116996162,35.5611430433
842, 2026-05-29 09:28:02,1780036082,1682.0,55.0933488915,35.3001621419,37.7865308032,32.1858225826,35.9281330399
843, 2026-05-29 09:28:04,1780036084,1684.0,55.0875145858,36.1074049717,39.1490183866,34.6882706190,34.4849259096
844, 2026-05-29 09:28:06,1780036086,1686.0,55.0816802800,35.5702226046,38.3532822128,33.9316811634,34.4257044375
845, 2026-05-29 09:28:08,1780036088,1688.0,55.0758459743,35.1729419384,37.6261530846,33.1655629768,34.7271097537
846, 2026-05-29 09:28:10,1780036090,1690.0,55.0700116686,35.3877120859,37.6492341278,33.6541950062,34.8597071236
847, 2026-05-29 09:28:12,1780036092,1692.0,55.0641773629,35.2804966640,37.3852229080,33.1339104522,35.3223566317
848, 2026-05-29 09:28:14,1780036094,1694.0,55.0583430572,35.4599699872,38.6688557591,33.0938041131,34.6172500894
849, 2026-05-29 09:28:16,1780036096,1696.0,55.0525087515,34.8643485310,37.6168662199,32.0099620953,34.9662172779
850, 2026-05-29 09:28:18,1780036098,1698.0,55.0466744457,35.4577013473,37.3895200405,33.6170452042,35.3665387972
851, 2026-05-29 09:28:20,1780036100,1700.0,55.0408401400,36.1167276621,37.7526623587,34.3687830867,36.2287375411
852, 2026-05-29 09:28:22,1780036102,1702.0,55.0350058343,35.1497452716,37.4278424749,32.7948483220,35.2265450178
853, 2026-05-29 09:28:24,1780036104,1704.0,55.0291715286,36.1130828699,37.8933764150,33.7079007099,36.7379714847
854, 2026-05-29 09:28:26,1780036106,1706.0,55.0233372229,35.4685802214,38.5994203082,33.0038389606,34.8024813953
855, 2026-05-29 09:28:28,1780036108,1708.0,55.0175029172,35.9889091830,38.5831742286,35.3417845989,34.0417687214
856, 2026-05-29 09:28:30,1780036110,1710.0,55.0116686114,35.5849644873,38.0966804224,33.6659739390,34.9922391005
857, 2026-05-29 09:28:32,1780036112,1712.0,55.0058343057,35.6179720424,37.3428914795,33.4863687324,36.0246559154
858, 2026-05-29 09:28:34,1780036114,1714.0,55.0000000000,35.3274135534,37.5062342388,33.1057747251,35.3702316963
859, 2026-05-29 09:28:36,1780036116,1716.0,54.9941656943,35.7083358933,38.3110360176,33.8022663843,35.0117052780
860, 2026-05-29 09:28:38,1780036118,1718.0,54.9883313886,35.4086566828,37.7631218428,32.9822000508,35.4806481549
861, 2026-05-29 09:28:40,1780036120,1720.0,54.9824970828,35.1023210146,38.1280743101,33.3904545687,33.7884341651
862, 2026-05-29 09:28:42,1780036122,1722.0,54.9766627771,35.0367253415,36.7946819385,33.0547567868,35.2607372991
863, 2026-05-29 09:28:44,1780036124,1724.0,54.9708284714,35.7378862410,38.2899593404,34.2391255536,34.6845738289
864, 2026-05-29 09:28:46,1780036126,1726.0,54.9649941657,35.3678927320,38.5717124965,33.2006842697,34.3312814297
865, 2026-05-29 09:28:48,1780036128,1728.0,54.9591598600,35.5089770535,38.4598753579,33.4682652637,34.5987905388
866, 2026-05-29 09:28:50,1780036130,1730.0,54.9533255543,35.2960587824,37.9657334555,33.3269517235,34.5954911682
867, 2026-05-29 09:28:52,1780036132,1732.0,54.9474912485,36.0472741058,38.0278217324,34.3308092252,35.7831913599
868, 2026-05-29 09:28:54,1780036134,1734.0,54.9416569428,35.6518672304,37.7214364956,33.5137795536,35.7203856419
869, 2026-05-29 09:28:56,1780036136,1736.0,54.9358226371,35.3767667564,38.0031459051,33.4977263035,34.6294280606
870, 2026-05-29 09:28:58,1780036138,1738.0,54.9299883314,35.5750605845,36.9690637003,34.4022785543,35.3538394990
871, 2026-05-29 09:29:00,1780036140,1740.0,54.9241540257,35.9949569230,38.4898697187,33.6097510344,35.8852500158
872, 2026-05-29 09:29:02,1780036142,1742.0,54.9183197200,35.4012587710,38.6369649038,33.3683341719,34.1984772372
873, 2026-05-29 09:29:04,1780036144,1744.0,54.9124854142,35.6045409164,37.4047615663,33.5554736492,35.8533875337
874, 2026-05-29 09:29:06,1780036146,1746.0,54.9066511085,35.5506348055,37.8705830085,33.0867408785,35.6945805293
875, 2026-05-29 09:29:08,1780036148,1748.0,54.9008168028,35.9583378601,38.9420112094,33.6359187736,35.2970835973
876, 2026-05-29 09:29:10,1780036150,1750.0,54.8949824971,35.0129663687,36.2505462597,33.7830886018,35.0052642446
877, 2026-05-29 09:29:12,1780036152,1752.0,54.8891481914,35.3211440192,37.5656439638,33.3014385798,35.0963495139
878, 2026-05-29 09:29:14,1780036154,1754.0,54.8833138856,35.3920716787,37.9269812886,33.6935717229,34.5556620246
879, 2026-05-29 09:29:16,1780036156,1756.0,54.8774795799,35.5939705741,38.6885808352,32.8423075053,35.2510233818
880, 2026-05-29 09:29:18,1780036158,1758.0,54.8716452742,35.9447938029,38.2916376937,33.5662174634,35.9765262516
881, 2026-05-29 09:29:20,1780036160,1760.0,54.8658109685,35.3954572749,38.9001774961,31.8787057101,35.4074886186
882, 2026-05-29 09:29:22,1780036162,1762.0,54.8599766628,36.0026806261,37.8513001078,34.6800931196,35.4766486508
883, 2026-05-29 09:29:24,1780036164,1764.0,54.8541423571,36.1614232179,39.8252028470,32.8537232472,35.8053435594
884, 2026-05-29 09:29:26,1780036166,1766.0,54.8483080513,35.7914687725,38.0569459831,33.1213032497,36.1961570846
885, 2026-05-29 09:29:28,1780036168,1768.0,54.8424737456,35.4549520063,37.5198548805,32.9155691269,35.9294320114
886, 2026-05-29 09:29:30,1780036170,1770.0,54.8366394399,35.2977504185,38.1566013961,33.0096479858,34.7270018736
887, 2026-05-29 09:29:32,1780036172,1772.0,54.8308051342,35.5354220490,38.6471225436,33.0886030215,34.8705405818
888, 2026-05-29 09:29:34,1780036174,1774.0,54.8249708285,36.5418055409,38.2204081891,34.5286684892,36.8763399443
889, 2026-05-29 09:29:36,1780036176,1776.0,54.8191365228,36.6304814630,39.8208937721,34.6366429925,35.4339076244
890, 2026-05-29 09:29:38,1780036178,1778.0,54.8133022170,35.8362841223,37.7661399605,34.6901240248,35.0525883815
891, 2026-05-29 09:29:40,1780036180,1780.0,54.8074679113,35.9604163546,38.2687278977,33.7597412765,35.8527798896
892, 2026-05-29 09:29:42,1780036182,1782.0,54.8016336056,35.3221250259,37.8587633237,32.4189947296,35.6886170243
893, 2026-05-29 09:29:44,1780036184,1784.0,54.7957992999,35.7426570457,38.2160072229,33.8613150481,35.1506488661
894, 2026-05-29 09:29:46,1780036186,1786.0,54.7899649942,35.5743695229,39.0491505064,32.6959251518,34.9780329104
895, 2026-05-29 09:29:48,1780036188,1788.0,54.7841306884,35.1856953496,36.6145427561,34.1609236660,34.7816196269
896, 2026-05-29 09:29:50,1780036190,1790.0,54.7782963827,35.4208535213,37.9596601254,33.3699109314,34.9329895071
897, 2026-05-29 09:29:52,1780036192,1792.0,54.7724620770,35.0872042448,36.7225293053,33.7369216162,34.8021618128
898, 2026-05-29 09:29:54,1780036194,1794.0,54.7666277713,35.0385314533,36.9304815578,33.3704157157,34.8146970863
899, 2026-05-29 09:29:56,1780036196,1796.0,54.7607934656,35.1901602841,38.1457482153,33.4202114879,34.0045211491
900, 2026-05-29 09:29:58,1780036198,1798.0,54.7549591599,35.5402019164,38.1256469067,33.3972948445,35.0976639981
901, 2026-05-29 09:30:00,1780036200,1800.0,54.7491248541,35.9432625237,37.3727102306,34.6093653491,35.8477119913
902, 2026-05-29 09:30:02,1780036202,1802.0,54.7432905484,35.3807288976,37.7744473726,32.5862899681,35.7814493521
903, 2026-05-29 09:30:04,1780036204,1804.0,54.7374562427,35.4283735886,37.0917179546,33.2524360343,35.9409667767
904, 2026-05-29 09:30:06,1780036206,1806.0,54.7316219370,35.7806836494,37.9011403959,34.8496251489,34.5912854033
905, 2026-05-29 09:30:08,1780036208,1808.0,54.7257876313,35.8712950823,38.8240376062,33.7776069383,35.0122407024
906, 2026-05-29 09:30:10,1780036210,1810.0,54.7199533256,35.7330769370,37.9933396039,32.4018504319,36.8040407751
907, 2026-05-29 09:30:12,1780036212,1812.0,54.7141190198,36.3760683449,38.3490441047,34.2777733306,36.5013875993
908, 2026-05-29 09:30:14,1780036214,1814.0,54.7082847141,35.8045640649,38.4097521989,33.7838233795,35.2201166163
909, 2026-05-29 09:30:16,1780036216,1816.0,54.7024504084,35.3594336604,37.4087141841,32.7871308491,35.8824559478
910, 2026-05-29 09:30:18,1780036218,1818.0,54.6966161027,35.2659857844,36.7765003914,33.2987169346,35.7227400273
911, 2026-05-29 09:30:20,1780036220,1820.0,54.6907817970,35.9076938906,38.6999405947,34.4856772686,34.5374638086
912, 2026-05-29 09:30:22,1780036222,1822.0,54.6849474912,35.6458685977,37.8931256422,33.9486728708,35.0958072802
913, 2026-05-29 09:30:24,1780036224,1824.0,54.6791131855,35.4806767505,37.2184642429,33.5520599015,35.6715061072
914, 2026-05-29 09:30:26,1780036226,1826.0,54.6732788798,35.5955853049,37.8173644778,34.1143758329,34.8550156040
915, 2026-05-29 09:30:28,1780036228,1828.0,54.6674445741,35.0794566788,38.0970464997,33.6689743845,33.4723491522
916, 2026-05-29 09:30:30,1780036230,1830.0,54.6616102684,35.7617490811,38.1201390392,33.6073294388,35.5577787654
917, 2026-05-29 09:30:32,1780036232,1832.0,54.6557759627,35.6090673952,38.3477730752,33.6437479584,34.8356811522
918, 2026-05-29 09:30:34,1780036234,1834.0,54.6499416569,35.8908125472,38.8760349017,33.7460323532,35.0503703866
919, 2026-05-29 09:30:36,1780036236,1836.0,54.6441073512,34.8055201853,37.2938115222,32.5633766415,34.5593723923
920, 2026-05-29 09:30:38,1780036238,1838.0,54.6382730455,34.7425678790,37.6414202474,32.2260642560,34.3602191336
921, 2026-05-29 09:30:40,1780036240,1840.0,54.6324387398,35.1566540137,37.2393788575,33.2223484019,35.0082347817
922, 2026-05-29 09:30:42,1780036242,1842.0,54.6266044341,36.0514865952,38.2813037042,33.6619482198,36.2112078615
923, 2026-05-29 09:30:44,1780036244,1844.0,54.6207701284,35.4842396866,36.8256371312,34.4892526502,35.1378292784
924, 2026-05-29 09:30:46,1780036246,1846.0,54.6149358226,35.8062577095,36.9874093926,34.3509378876,36.0804258483
925, 2026-05-29 09:30:48,1780036248,1848.0,54.6091015169,35.2516562001,37.9290186752,32.0098496055,35.8161003195
926, 2026-05-29 09:30:50,1780036250,1850.0,54.6032672112,36.2764888994,38.3665231248,33.8992687912,36.5636747823
927, 2026-05-29 09:30:52,1780036252,1852.0,54.5974329055,35.6883756684,37.6637610045,33.5283734285,35.8729925722
928, 2026-05-29 09:30:54,1780036254,1854.0,54.5915985998,36.4542183878,38.6486620697,34.1754900434,36.5385030504
929, 2026-05-29 09:30:56,1780036256,1856.0,54.5857642940,35.8308624539,36.5824519631,34.5316485416,36.3784868571
930, 2026-05-29 09:30:58,1780036258,1858.0,54.5799299883,35.5019355343,38.6054486090,32.8067866978,35.0935712961
931, 2026-05-29 09:31:00,1780036260,1860.0,54.5740956826,35.1227197511,37.5557142924,33.0118126845,34.8006322762
932, 2026-05-29 09:31:02,1780036262,1862.0,54.5682613769,35.9867391454,38.6094496306,33.1873825785,36.1633852270
933, 2026-05-29 09:31:04,1780036264,1864.0,54.5624270712,36.2928546939,39.0386304926,34.2269850030,35.6129485861
934, 2026-05-29 09:31:06,1780036266,1866.0,54.5565927655,35.8671974351,37.8921482053,33.7384815182,35.9709625817
935, 2026-05-29 09:31:08,1780036268,1868.0,54.5507584597,35.7707424397,37.6834331346,33.1793797463,36.4494144381
936, 2026-05-29 09:31:10,1780036270,1870.0,54.5449241540,35.3458398877,37.2705047617,34.1770376345,34.5899772668
937, 2026-05-29 09:31:12,1780036272,1872.0,54.5390898483,35.9436818746,38.1521601804,34.4878819428,35.1910035006
938, 2026-05-29 09:31:14,1780036274,1874.0,54.5332555426,35.0254236618,37.2758806262,32.9527985978,34.8475917615
939, 2026-05-29 09:31:16,1780036276,1876.0,54.5274212369,34.6906271493,37.1620010291,32.1585232131,34.7513572057
940, 2026-05-29 09:31:18,1780036278,1878.0,54.5215869312,35.0757178526,36.2922373559,33.4353261745,35.4995900274
941, 2026-05-29 09:31:20,1780036280,1880.0,54.5157526254,35.1670007174,37.5568964982,32.4004359567,35.5436696972
942, 2026-05-29 09:31:22,1780036282,1882.0,54.5099183197,34.8675215621,37.6816177515,32.8609132726,34.0600336622
943, 2026-05-29 09:31:24,1780036284,1884.0,54.5040840140,35.7053150740,37.7634341620,32.7885344875,36.5639765727
944, 2026-05-29 09:31:26,1780036286,1886.0,54.4982497083,35.0719786200,37.5160930903,33.3345384067,34.3653043631
945, 2026-05-29 09:31:28,1780036288,1888.0,54.4924154026,35.9965467724,37.8672850256,34.0791095822,36.0432457095
946, 2026-05-29 09:31:30,1780036290,1890.0,54.4865810968,35.6867574976,38.1062991596,32.7350032186,36.2189701146
947, 2026-05-29 09:31:32,1780036292,1892.0,54.4807467911,35.1314413802,38.1379508108,32.4887372549,34.7676360748
948, 2026-05-29 09:31:34,1780036294,1894.0,54.4749124854,35.8183384680,39.4605697137,33.9492148056,34.0452308849
949, 2026-05-29 09:31:36,1780036296,1896.0,54.4690781797,35.5437902955,38.3689089594,32.6458829784,35.6165789487
950, 2026-05-29 09:31:38,1780036298,1898.0,54.4632438740,35.7168753715,38.9320402073,32.7112462527,35.5073396544
951, 2026-05-29 09:31:40,1780036300,1900.0,54.4574095683,34.6020088501,36.9516405802,32.4420419867,34.4123439834
952, 2026-05-29 09:31:42,1780036302,1902.0,54.4515752625,35.4222392099,38.1039410190,33.3683170868,34.7944595238
953, 2026-05-29 09:31:44,1780036304,1904.0,54.4457409568,35.9229175853,39.7931112843,33.4629758546,34.5126656171
954, 2026-05-29 09:31:46,1780036306,1906.0,54.4399066511,35.0116021841,36.9860922793,33.8855436453,34.1631706278
955, 2026-05-29 09:31:48,1780036308,1908.0,54.4340723454,35.8545530320,37.7185871781,34.3432522080,35.5018197098
956, 2026-05-29 09:31:50,1780036310,1910.0,54.4282380397,35.5186686160,37.8658029031,32.9741368033,35.7160661416
957, 2026-05-29 09:31:52,1780036312,1912.0,54.4224037340,35.1982417241,38.5018778024,32.8737246888,34.2191226809
958, 2026-05-29 09:31:54,1780036314,1914.0,54.4165694282,35.6307133559,38.0209900991,33.6978988815,35.1732510872
959, 2026-05-29 09:31:56,1780036316,1916.0,54.4107351225,35.3825221986,37.8531652603,34.5448683054,33.7495330303
960, 2026-05-29 09:31:58,1780036318,1918.0,54.4049008168,35.5298407423,38.3402416477,33.8480727270,34.4012078521
961, 2026-05-29 09:32:00,1780036320,1920.0,54.3990665111,35.7025409669,38.9187471543,33.1775638082,35.0113119382
962, 2026-05-29 09:32:02,1780036322,1922.0,54.3932322054,35.9878842959,38.6688610217,33.0352270965,36.2595647695
963, 2026-05-29 09:32:04,1780036324,1924.0,54.3873978996,35.7098812812,38.2149150590,33.2337000108,35.6810287739
964, 2026-05-29 09:32:06,1780036326,1926.0,54.3815635939,36.0160773919,38.7857201239,33.4119193828,35.8505926689
965, 2026-05-29 09:32:08,1780036328,1928.0,54.3757292882,34.9853806409,37.3580718359,32.8885331367,34.7095369501
966, 2026-05-29 09:32:10,1780036330,1930.0,54.3698949825,36.1044686305,38.3832324471,34.6096210062,35.3205524381
967, 2026-05-29 09:32:12,1780036332,1932.0,54.3640606768,35.6799899401,39.2076039155,32.7206837780,35.1116821270
968, 2026-05-29 09:32:14,1780036334,1934.0,54.3582263711,35.3876797370,36.9415973633,33.3034752078,35.9179666399
969, 2026-05-29 09:32:16,1780036336,1936.0,54.3523920653,34.8219097553,36.9795708379,33.8466484226,33.6395100053
970, 2026-05-29 09:32:18,1780036338,1938.0,54.3465577596,35.3602015060,37.4814608468,33.1289819813,35.4701616899
971, 2026-05-29 09:32:20,1780036340,1940.0,54.3407234539,36.5527471355,39.3310054194,33.1511495257,37.1760864615
972, 2026-05-29 09:32:22,1780036342,1942.0,54.3348891482,35.8230842998,38.5097329473,33.9915564438,34.9679635081
973, 2026-05-29 09:32:24,1780036344,1944.0,54.3290548425,35.4220819438,37.0075754036,33.5625059895,35.6961644382
974, 2026-05-29 09:32:26,1780036346,1946.0,54.3232205368,35.4127783620,37.2078401791,33.8464107372,35.1840841697
975, 2026-05-29 09:32:28,1780036348,1948.0,54.3173862310,35.2289721534,38.1140039496,32.7623159053,34.8105966053
976, 2026-05-29 09:32:30,1780036350,1950.0,54.3115519253,35.6789862375,37.7556635275,33.8344832067,35.4468119782
977, 2026-05-29 09:32:32,1780036352,1952.0,54.3057176196,34.8882389477,37.6414223446,32.6177523384,34.4055421601
978, 2026-05-29 09:32:34,1780036354,1954.0,54.2998833139,35.2197684328,38.2687221872,33.1874048170,34.2031782943
979, 2026-05-29 09:32:36,1780036356,1956.0,54.2940490082,35.7233775127,37.8732573981,33.4822769053,35.8145982347
980, 2026-05-29 09:32:38,1780036358,1958.0,54.2882147025,34.9927719493,37.4875170008,33.1835912444,34.3072076027
981, 2026-05-29 09:32:40,1780036360,1960.0,54.2823803967,35.5568240200,37.6149462460,33.0338012783,36.0217245355
982, 2026-05-29 09:32:42,1780036362,1962.0,54.2765460910,35.8215036002,37.5969687276,34.7051267474,35.1624153255
983, 2026-05-29 09:32:44,1780036364,1964.0,54.2707117853,34.7978418392,38.3291335322,32.2817565291,33.7826354563
984, 2026-05-29 09:32:46,1780036366,1966.0,54.2648774796,35.7462956319,39.2151864370,33.1871687509,34.8365317079
985, 2026-05-29 09:32:48,1780036368,1968.0,54.2590431739,35.9823188727,39.0931629767,33.8083657672,35.0454278741
986, 2026-05-29 09:32:50,1780036370,1970.0,54.2532088681,35.2106844973,37.8086672574,34.6557335496,33.1676526850
987, 2026-05-29 09:32:52,1780036372,1972.0,54.2473745624,35.6603639991,37.8810511308,33.1875396692,35.9125011972
988, 2026-05-29 09:32:54,1780036374,1974.0,54.2415402567,35.2743047104,37.5270704606,33.0285975665,35.2672461041
989, 2026-05-29 09:32:56,1780036376,1976.0,54.2357059510,35.6949572501,38.3647924592,33.0656457966,35.6544334945
990, 2026-05-29 09:32:58,1780036378,1978.0,54.2298716453,35.5894465674,38.0746891722,33.5847175392,35.1089329907
991, 2026-05-29 09:33:00,1780036380,1980.0,54.2240373396,35.4282742871,37.9508608627,33.4382874118,34.8956745868
992, 2026-05-29 09:33:02,1780036382,1982.0,54.2182030338,35.9266086801,38.2534085140,33.8524155172,35.6740020092
993, 2026-05-29 09:33:04,1780036384,1984.0,54.2123687281,35.1749463161,37.8460824334,32.5364463386,35.1423101763
994, 2026-05-29 09:33:06,1780036386,1986.0,54.2065344224,35.4573067330,38.8309362511,33.4357874983,34.1051964498
995, 2026-05-29 09:33:08,1780036388,1988.0,54.2007001167,35.6323950296,37.6330879846,33.2286676309,36.0354294735
996, 2026-05-29 09:33:10,1780036390,1990.0,54.1948658110,36.1767015754,37.4920273754,34.9352697479,36.1028076028
997, 2026-05-29 09:33:12,1780036392,1992.0,54.1890315053,36.0060641797,38.2430336313,33.7241337108,36.0510251970
998, 2026-05-29 09:33:14,1780036394,1994.0,54.1831971995,35.5258250717,38.3236141673,33.7919002361,34.4619608116
999, 2026-05-29 09:33:16,1780036396,1996.0,54.1773628938,35.6821267979,38.2072442377,33.9319532448,34.9071829111
1000, 2026-05-29 09:33:18,1780036398,1998.0,54.1715285881,35.8958113325,38.5015782255,33.5529708080,35.6328849640
1001, 2026-05-29 09:33:20,1780036400,2000.0,54.1656942824,35.4975080212,38.3763454909,33.4210110807,34.6951674918
1002, 2026-05-29 09:33:22,1780036402,2002.0,54.1598599767,34.7813771802,37.5040059057,31.0706288558,35.7694967791
1003, 2026-05-29 09:33:24,1780036404,2004.0,54.1540256709,34.9540256301,37.4421041950,32.3641567471,35.0558159483
1004, 2026-05-29 09:33:26,1780036406,2006.0,54.1481913652,35.8019972181,37.7921936222,33.4815100116,36.1322880205
1005, 2026-05-29 09:33:28,1780036408,2008.0,54.1423570595,36.0647423141,38.7780527608,33.1419966793,36.2741775022
1006, 2026-05-29 09:33:30,1780036410,2010.0,54.1365227538,35.6181059572,38.1358336474,33.6435855434,35.0748986808
1007, 2026-05-29 09:33:32,1780036412,2012.0,54.1306884481,36.0070996857,38.6920513621,34.0301592043,35.2990884906
1008, 2026-05-29 09:33:34,1780036414,2014.0,54.1248541424,35.3501044646,37.9666209123,33.5892823846,34.4944100970
1009, 2026-05-29 09:33:36,1780036416,2016.0,54.1190198366,35.2552236202,36.8902292948,34.0762800763,34.7991614895
1010, 2026-05-29 09:33:38,1780036418,2018.0,54.1131855309,34.9931615953,37.3224364031,32.5095648854,35.1474834975
1011, 2026-05-29 09:33:40,1780036420,2020.0,54.1073512252,35.2996613431,38.8249652060,32.9915735167,34.0824453068
1012, 2026-05-29 09:33:42,1780036422,2022.0,54.1015169195,35.7715419746,37.6093084139,34.5082216492,35.1970958606
1013, 2026-05-29 09:33:44,1780036424,2024.0,54.0956826138,35.5591793433,37.2503301076,33.9223883494,35.5048195728
1014, 2026-05-29 09:33:46,1780036426,2026.0,54.0898483081,34.8071280673,38.3975954837,31.9843093027,34.0394794156
1015, 2026-05-29 09:33:48,1780036428,2028.0,54.0840140023,35.1021668564,36.9641993849,33.0947563059,35.2475448784
1016, 2026-05-29 09:33:50,1780036430,2030.0,54.0781796966,35.3064753235,37.4824539367,32.8914313549,35.5455406788
1017, 2026-05-29 09:33:52,1780036432,2032.0,54.0723453909,35.4222376887,39.1631563180,32.4039144538,34.6996422944
1018, 2026-05-29 09:33:54,1780036434,2034.0,54.0665110852,35.5304992718,37.7797769270,33.4844155090,35.3273053793
1019, 2026-05-29 09:33:56,1780036436,2036.0,54.0606767795,35.5080278386,38.1332761519,33.4311228145,34.9596845495
1020, 2026-05-29 09:33:58,1780036438,2038.0,54.0548424737,35.4392262691,38.1489530163,33.9840025537,34.1847232374
1021, 2026-05-29 09:34:00,1780036440,2040.0,54.0490081680,36.0895365261,38.8719651827,33.2949807135,36.1016636820
1022, 2026-05-29 09:34:02,1780036442,2042.0,54.0431738623,35.2233705002,37.1460849866,32.9174011303,35.6066253836
1023, 2026-05-29 09:34:04,1780036444,2044.0,54.0373395566,35.1402003159,37.6473578255,33.5426270096,34.2306161127
1024, 2026-05-29 09:34:06,1780036446,2046.0,54.0315052509,35.2688607857,37.4773194386,33.2011466054,35.1281163132
1025, 2026-05-29 09:34:08,1780036448,2048.0,54.0256709452,35.1333102826,38.3205198654,33.1717559598,33.9076550226
1026, 2026-05-29 09:34:10,1780036450,2050.0,54.0198366394,34.7271052115,36.8248558705,32.2706851838,35.0857745802
1027, 2026-05-29 09:34:12,1780036452,2052.0,54.0140023337,35.6278825370,37.4171468093,34.4661172429,35.0003835588
1028, 2026-05-29 09:34:14,1780036454,2054.0,54.0081680280,35.0845241323,36.8301441611,32.7165846252,35.7068436107
1029, 2026-05-29 09:34:16,1780036456,2056.0,54.0023337223,35.6746393057,37.6500771166,34.7762149651,34.5976258353
1030, 2026-05-29 09:34:18,1780036458,2058.0,53.9964994166,35.7928806669,38.1431802396,34.0086580412,35.2268037200
1031, 2026-05-29 09:34:20,1780036460,2060.0,53.9906651109,35.6331732717,36.9737872190,34.3285216516,35.5972109445
1032, 2026-05-29 09:34:22,1780036462,2062.0,53.9848308051,35.6792641496,38.0492933824,33.6357484300,35.3527506365
1033, 2026-05-29 09:34:24,1780036464,2064.0,53.9789964994,36.2065761478,38.3731463785,32.9853560717,37.2612259932
1034, 2026-05-29 09:34:26,1780036466,2066.0,53.9731621937,36.1867049715,39.2404343777,34.1580094989,35.1616710379
1035, 2026-05-29 09:34:28,1780036468,2068.0,53.9673278880,35.4854125333,38.6055567938,32.3104367784,35.5402440276
1036, 2026-05-29 09:34:30,1780036470,2070.0,53.9614935823,35.6619209836,37.9793000408,34.2114807440,34.7949821659
1037, 2026-05-29 09:34:32,1780036472,2072.0,53.9556592765,35.0579079919,37.4668918500,33.5505954525,34.1562366733
1038, 2026-05-29 09:34:34,1780036474,2074.0,53.9498249708,35.4056956070,37.4592525585,33.7254792509,35.0323550116
1039, 2026-05-29 09:34:36,1780036476,2076.0,53.9439906651,34.8764797228,37.4340561155,32.7260289100,34.4693541430
1040, 2026-05-29 09:34:38,1780036478,2078.0,53.9381563594,34.8427721656,38.1254990503,33.5209903310,32.8818271155
1041, 2026-05-29 09:34:40,1780036480,2080.0,53.9323220537,34.8509956978,37.3225707691,31.9376174926,35.2927988316
1042, 2026-05-29 09:34:42,1780036482,2082.0,53.9264877480,35.1295163655,37.0352652759,33.5964420988,34.7568417217
1043, 2026-05-29 09:34:44,1780036484,2084.0,53.9206534422,35.4067461734,39.1578354155,31.5604224824,35.5019806223
1044, 2026-05-29 09:34:46,1780036486,2086.0,53.9148191365,34.9856437785,37.5727677155,33.2326019448,34.1515616753
1045, 2026-05-29 09:34:48,1780036488,2088.0,53.9089848308,35.4644907098,38.0060695701,32.0259316894,36.3614708698
1046, 2026-05-29 09:34:50,1780036490,2090.0,53.9031505251,35.5524578544,37.2916024956,33.7784858995,35.5872851681
1047, 2026-05-29 09:34:52,1780036492,2092.0,53.8973162194,35.2376014669,36.9494396595,34.4582989929,34.3050657484
1048, 2026-05-29 09:34:54,1780036494,2094.0,53.8914819137,35.9355446137,38.0418844354,33.7632691438,36.0014802618
1049, 2026-05-29 09:34:56,1780036496,2096.0,53.8856476079,35.7259693229,38.4565563454,33.6439369387,35.0774146846
1050, 2026-05-29 09:34:58,1780036498,2098.0,53.8798133022,35.6271171780,38.0205806279,34.1519446684,34.7088262376
1051, 2026-05-29 09:35:00,1780036500,2100.0,53.8739789965,35.5755459022,38.0556806442,32.9616654694,35.7092915930
1052, 2026-05-29 09:35:02,1780036502,2102.0,53.8681446908,35.1578171193,37.6287004989,33.0095779391,34.8351729199
1053, 2026-05-29 09:35:04,1780036504,2104.0,53.8623103851,35.3156447804,38.4779716917,32.4431880211,35.0257746285
1054, 2026-05-29 09:35:06,1780036506,2106.0,53.8564760793,36.2748489222,38.6773888524,34.2292993000,35.9178586142
1055, 2026-05-29 09:35:08,1780036508,2108.0,53.8506417736,34.8217432595,36.7072753692,33.2292806242,34.5286737851
1056, 2026-05-29 09:35:10,1780036510,2110.0,53.8448074679,35.2393028867,38.5673385211,32.1396755399,35.0108945992
1057, 2026-05-29 09:35:12,1780036512,2112.0,53.8389731622,35.3371207179,37.3961918608,32.7949093481,35.8202609448
1058, 2026-05-29 09:35:14,1780036514,2114.0,53.8331388565,35.9968463944,38.7474651795,32.8061808303,36.4368931732
1059, 2026-05-29 09:35:16,1780036516,2116.0,53.8273045508,35.4944594941,37.3389624740,34.2910142124,34.8534017957
1060, 2026-05-29 09:35:18,1780036518,2118.0,53.8214702450,36.3308389422,39.3577297759,33.4728593830,36.1619276677
1061, 2026-05-29 09:35:20,1780036520,2120.0,53.8156359393,35.7621650922,37.7241549824,34.5409815148,35.0213587795
1062, 2026-05-29 09:35:22,1780036522,2122.0,53.8098016336,34.9362297500,36.4457405001,33.7742632781,34.5886854718
1063, 2026-05-29 09:35:24,1780036524,2124.0,53.8039673279,34.9976638148,37.5662080139,32.8815043556,34.5452790747
1064, 2026-05-29 09:35:26,1780036526,2126.0,53.7981330222,35.8107698723,38.9010794184,34.0742375494,34.4569926492
1065, 2026-05-29 09:35:28,1780036528,2128.0,53.7922987165,35.8987894809,38.5053086055,32.9200662531,36.2709935840
1066, 2026-05-29 09:35:30,1780036530,2130.0,53.7864644107,35.2478556813,37.7911086358,33.9966067530,33.9558516553
1067, 2026-05-29 09:35:32,1780036532,2132.0,53.7806301050,35.6583398484,38.0281913038,33.5775919398,35.3692363017
1068, 2026-05-29 09:35:34,1780036534,2134.0,53.7747957993,35.3949975040,37.6560140403,33.5497345325,34.9792439393
1069, 2026-05-29 09:35:36,1780036536,2136.0,53.7689614936,35.2048673884,36.4524368316,34.2309737958,34.9311915377
1070, 2026-05-29 09:35:38,1780036538,2138.0,53.7631271879,36.1281054352,39.1823472409,33.5670298569,35.6349392079
1071, 2026-05-29 09:35:40,1780036540,2140.0,53.7572928821,35.1514131235,37.1414987562,33.0442527349,35.2684878795
1072, 2026-05-29 09:35:42,1780036542,2142.0,53.7514585764,35.2408456344,37.2412403503,33.1831458856,35.2981506671
1073, 2026-05-29 09:35:44,1780036544,2144.0,53.7456242707,35.9954012938,38.1078707397,34.0168529180,35.8614802238
1074, 2026-05-29 09:35:46,1780036546,2146.0,53.7397899650,35.5862065687,37.8746761996,34.4969213247,34.3870221818
1075, 2026-05-29 09:35:48,1780036548,2148.0,53.7339556593,35.4424296768,38.0689385465,33.4443178055,34.8140326785
1076, 2026-05-29 09:35:50,1780036550,2150.0,53.7281213536,35.5528391456,37.9713951763,33.5381596500,35.1489626105
1077, 2026-05-29 09:35:52,1780036552,2152.0,53.7222870478,34.9824674325,38.1662298488,32.5798817506,34.2012906979
1078, 2026-05-29 09:35:54,1780036554,2154.0,53.7164527421,35.1146055084,37.2419652314,33.7927176877,34.3091336060
1079, 2026-05-29 09:35:56,1780036556,2156.0,53.7106184364,35.4871679730,37.8014742419,32.8839550331,35.7760746441
1080, 2026-05-29 09:35:58,1780036558,2158.0,53.7047841307,35.1878579966,37.8663373607,33.3077891395,34.3894474895
1081, 2026-05-29 09:36:00,1780036560,2160.0,53.6989498250,34.8616098395,37.4060936658,33.1836399035,33.9950959493
1082, 2026-05-29 09:36:02,1780036562,2162.0,53.6931155193,35.5594937622,37.8836605961,33.9780623363,34.8167583543
1083, 2026-05-29 09:36:04,1780036564,2164.0,53.6872812135,35.1648023051,38.1747780077,31.7346544554,35.5849744524
1084, 2026-05-29 09:36:06,1780036566,2166.0,53.6814469078,35.6991632422,37.9564978573,33.4686319457,35.6723599235
1085, 2026-05-29 09:36:08,1780036568,2168.0,53.6756126021,35.4776591668,39.2033539874,32.9898024277,34.2398210852
1086, 2026-05-29 09:36:10,1780036570,2170.0,53.6697782964,35.7182426233,38.3772783966,33.4493991129,35.3280503603
1087, 2026-05-29 09:36:12,1780036572,2172.0,53.6639439907,35.0638847109,36.5982731141,34.0485607234,34.5448202951
1088, 2026-05-29 09:36:14,1780036574,2174.0,53.6581096849,35.5005666931,36.6232839077,35.0067717248,34.8716444467
1089, 2026-05-29 09:36:16,1780036576,2176.0,53.6522753792,34.7206386941,36.5412859758,32.3044319147,35.3161981918
1090, 2026-05-29 09:36:18,1780036578,2178.0,53.6464410735,35.8645644091,38.2530562414,33.5084276120,35.8322093738
1091, 2026-05-29 09:36:20,1780036580,2180.0,53.6406067678,35.7555551660,38.4954050047,32.8780595596,35.8932009337
1092, 2026-05-29 09:36:22,1780036582,2182.0,53.6347724621,34.9779122460,38.3433653418,32.7361360114,33.8542353848
1093, 2026-05-29 09:36:24,1780036584,2184.0,53.6289381564,35.5793046604,37.6853622895,33.5519361948,35.5006154970
1094, 2026-05-29 09:36:26,1780036586,2186.0,53.6231038506,35.8441424551,38.4714139796,33.6912367589,35.3697766268
1095, 2026-05-29 09:36:28,1780036588,2188.0,53.6172695449,35.7810157961,38.0814013556,33.9814139586,35.2802320740
1096, 2026-05-29 09:36:30,1780036590,2190.0,53.6114352392,36.3287768939,39.2484699368,33.3532197712,36.3846409739
1097, 2026-05-29 09:36:32,1780036592,2192.0,53.6056009335,35.4905314649,37.7017718427,33.6844318706,35.0853906814
1098, 2026-05-29 09:36:34,1780036594,2194.0,53.5997666278,35.0207263539,37.6286485299,32.4521141055,34.9814164263
1099, 2026-05-29 09:36:36,1780036596,2196.0,53.5939323221,36.2113777071,39.0336016372,33.6549248989,35.9456065852
1100, 2026-05-29 09:36:38,1780036598,2198.0,53.5880980163,36.3216453781,38.5508998537,34.2630780759,36.1509582047
1101, 2026-05-29 09:36:40,1780036600,2200.0,53.5822637106,36.3003696006,39.6742662297,33.0076400988,36.2192024732
1102, 2026-05-29 09:36:42,1780036602,2202.0,53.5764294049,35.7471671144,39.3231796824,33.2245976544,34.6937240064
1103, 2026-05-29 09:36:44,1780036604,2204.0,53.5705950992,35.8371478300,38.3507650969,32.7492710010,36.4114073921
1104, 2026-05-29 09:36:46,1780036606,2206.0,53.5647607935,36.7784624476,38.5101329702,35.1707114595,36.6545429130
1105, 2026-05-29 09:36:48,1780036608,2208.0,53.5589264877,35.8036696944,38.9585501237,33.0378832330,35.4145757267
1106, 2026-05-29 09:36:50,1780036610,2210.0,53.5530921820,36.7596404719,39.5838209703,35.0883410000,35.6067594454
1107, 2026-05-29 09:36:52,1780036612,2212.0,53.5472578763,35.8194965413,38.1505512328,33.1441691187,36.1637692724
1108, 2026-05-29 09:36:54,1780036614,2214.0,53.5414235706,36.5039893013,38.6578346248,34.3430730184,36.5110602607
1109, 2026-05-29 09:36:56,1780036616,2216.0,53.5355892649,36.8769832997,38.6043683078,35.1884302027,36.8381513886
1110, 2026-05-29 09:36:58,1780036618,2218.0,53.5297549592,35.7474713908,37.6876273628,34.2566011584,35.2981856512
1111, 2026-05-29 09:37:00,1780036620,2220.0,53.5239206534,36.9177199327,39.6281362582,34.4357787074,36.6892448326
1112, 2026-05-29 09:37:02,1780036622,2222.0,53.5180863477,36.2720995785,39.6102733651,33.3945671273,35.8114582429
1113, 2026-05-29 09:37:04,1780036624,2224.0,53.5122520420,36.6906640048,39.3922295831,34.6013231700,36.0784392614
1114, 2026-05-29 09:37:06,1780036626,2226.0,53.5064177363,36.7190282910,39.2954107249,34.4180382007,36.4436359474
1115, 2026-05-29 09:37:08,1780036628,2228.0,53.5005834306,37.1861946020,40.2439730128,34.5393085435,36.7753022496
1116, 2026-05-29 09:37:10,1780036630,2230.0,53.4947491249,36.8064270526,39.2135438643,34.5555743041,36.6501629893
1117, 2026-05-29 09:37:12,1780036632,2232.0,53.4889148191,37.1983531853,38.8905960291,35.2032779025,37.5011856242
1118, 2026-05-29 09:37:14,1780036634,2234.0,53.4830805134,36.4692895868,39.3058926746,34.2514732107,35.8505028752
1119, 2026-05-29 09:37:16,1780036636,2236.0,53.4772462077,36.7165987882,38.9186705833,34.4761110625,36.7550147186
1120, 2026-05-29 09:37:18,1780036638,2238.0,53.4714119020,36.4728984787,39.2220567397,35.9369209377,34.2597177588
1121, 2026-05-29 09:37:20,1780036640,2240.0,53.4655775963,37.1207330150,38.7918036667,36.2123931323,36.3580022460
1122, 2026-05-29 09:37:22,1780036642,2242.0,53.4597432905,36.4452501884,39.3570691804,34.1027005143,35.8759808704
1123, 2026-05-29 09:37:24,1780036644,2244.0,53.4539089848,37.6507785593,41.0986516714,34.6128261569,37.2408578496
1124, 2026-05-29 09:37:26,1780036646,2246.0,53.4480746791,37.7997613178,40.4484694928,36.4624934503,36.4883210102
1125, 2026-05-29 09:37:28,1780036648,2248.0,53.4422403734,37.4497140787,40.0516028262,34.8663187246,37.4312206853
1126, 2026-05-29 09:37:30,1780036650,2250.0,53.4364060677,37.3040523474,40.0598613814,34.6541795739,37.1981160868
1127, 2026-05-29 09:37:32,1780036652,2252.0,53.4305717620,37.5843277240,40.3272010615,35.1416773452,37.2841047652
1128, 2026-05-29 09:37:34,1780036654,2254.0,53.4247374562,37.4230347306,39.1923516238,35.7221755518,37.3545770162
1129, 2026-05-29 09:37:36,1780036656,2256.0,53.4189031505,37.6719741292,39.7412664805,36.4647704199,36.8098854871
1130, 2026-05-29 09:37:38,1780036658,2258.0,53.4130688448,37.8497097657,40.2885691310,36.3013099347,36.9592502315
1131, 2026-05-29 09:37:40,1780036660,2260.0,53.4072345391,38.6447824752,41.2398968218,36.8929455822,37.8015050218
1132, 2026-05-29 09:37:42,1780036662,2262.0,53.4014002334,39.2669332103,42.2979399946,37.4854106692,38.0174489672
1133, 2026-05-29 09:37:44,1780036664,2264.0,53.3955659277,38.4516352585,40.5952111695,36.7171087680,38.0425858380
1134, 2026-05-29 09:37:46,1780036666,2266.0,53.3897316219,38.5021621131,42.0433632540,36.7711423204,36.6919807649
1135, 2026-05-29 09:37:48,1780036668,2268.0,53.3838973162,39.2972357342,42.9404075147,36.8770802251,38.0742194629
1136, 2026-05-29 09:37:50,1780036670,2270.0,53.3780630105,38.7064755185,40.7550374611,35.7877266308,39.5766624637
1137, 2026-05-29 09:37:52,1780036672,2272.0,53.3722287048,38.3866854156,41.4409693647,35.8211750005,37.8979118815
1138, 2026-05-29 09:37:54,1780036674,2274.0,53.3663943991,38.5579233230,42.2135228872,36.8929191843,36.5673278976
1139, 2026-05-29 09:37:56,1780036676,2276.0,53.3605600933,39.4640218391,42.0331598489,37.7419733562,38.6169323122
1140, 2026-05-29 09:37:58,1780036678,2278.0,53.3547257876,38.9403216897,41.8438142081,37.6240722137,37.3530786474
1141, 2026-05-29 09:38:00,1780036680,2280.0,53.3488914819,39.0544430016,43.0791122093,36.6031978481,37.4810189476
1142, 2026-05-29 09:38:02,1780036682,2282.0,53.3430571762,39.5277052419,43.5967618698,36.9972070342,37.9891468215
1143, 2026-05-29 09:38:04,1780036684,2284.0,53.3372228705,39.7606237671,43.1383599718,37.4393896762,38.7041216534
1144, 2026-05-29 09:38:06,1780036686,2286.0,53.3313885648,40.1656540521,43.0771427935,37.7520394723,39.6677798904
1145, 2026-05-29 09:38:08,1780036688,2288.0,53.3255542590,40.5658513445,43.2198314032,38.7203208640,39.7574017662
1146, 2026-05-29 09:38:10,1780036690,2290.0,53.3197199533,40.1847017362,43.4276084013,37.7448352967,39.3816615105
1147, 2026-05-29 09:38:12,1780036692,2292.0,53.3138856476,40.5056499900,44.0538246406,37.9454807738,39.5176445556
1148, 2026-05-29 09:38:14,1780036694,2294.0,53.3080513419,40.1186554992,43.8087337977,37.7168296054,38.8304030946
1149, 2026-05-29 09:38:16,1780036696,2296.0,53.3022170362,41.3510718331,44.6484187149,39.4057820697,39.9990147148
1150, 2026-05-29 09:38:18,1780036698,2298.0,53.2963827305,41.0724778455,43.8879263800,37.8846846343,41.4448225221
1151, 2026-05-29 09:38:20,1780036700,2300.0,53.2905484247,40.5147375088,44.3097598759,38.9105986439,38.3238540065
1152, 2026-05-29 09:38:22,1780036702,2302.0,53.2847141190,40.7396638967,43.9662589396,39.0741575312,39.1785752193
1153, 2026-05-29 09:38:24,1780036704,2304.0,53.2788798133,41.5532604347,45.3702726052,39.0981780644,40.1913306344
1154, 2026-05-29 09:38:26,1780036706,2306.0,53.2730455076,42.0935308687,45.9982548154,39.8965626516,40.3857751391
1155, 2026-05-29 09:38:28,1780036708,2308.0,53.2672112019,41.3671188135,45.3731264318,39.1051963412,39.6230336676
1156, 2026-05-29 09:38:30,1780036710,2310.0,53.2613768961,41.0971286545,45.0054668663,38.7308770310,39.5550420662
1157, 2026-05-29 09:38:32,1780036712,2312.0,53.2555425904,42.0545801957,46.7664343496,39.2442749854,40.1530312520
1158, 2026-05-29 09:38:34,1780036714,2314.0,53.2497082847,42.6900300471,46.2628034989,40.0248078597,41.7824787827
1159, 2026-05-29 09:38:36,1780036716,2316.0,53.2438739790,42.7773537531,45.4478773149,41.3861993580,41.4979845865
1160, 2026-05-29 09:38:38,1780036718,2318.0,53.2380396733,41.1045046211,45.0594183881,38.3569292316,39.8971662435
1161, 2026-05-29 09:38:40,1780036720,2320.0,53.2322053676,42.3847013267,44.6862055365,41.5370442591,40.9308541846
1162, 2026-05-29 09:38:42,1780036722,2322.0,53.2263710618,42.5995653694,45.0823991431,41.4008367001,41.3154602649
1163, 2026-05-29 09:38:44,1780036724,2324.0,53.2205367561,43.5032577255,45.4729767884,41.4237388676,43.6130575204
1164, 2026-05-29 09:38:46,1780036726,2326.0,53.2147024504,43.2023193348,46.9651397152,40.2753145425,42.3665037467
1165, 2026-05-29 09:38:48,1780036728,2328.0,53.2088681447,41.8193013850,45.6534858643,39.4910534116,40.3133648791
1166, 2026-05-29 09:38:50,1780036730,2330.0,53.2030338390,42.3924040545,46.5007068143,39.8244795786,40.8520257705
1167, 2026-05-29 09:38:52,1780036732,2332.0,53.1971995333,43.2052828702,47.5521237539,41.1499067454,40.9138181111
1168, 2026-05-29 09:38:54,1780036734,2334.0,53.1913652275,41.8037900746,46.3933589394,38.4469280145,40.5710832698
1169, 2026-05-29 09:38:56,1780036736,2336.0,53.1855309218,43.2055265086,46.0955041333,41.5858221648,41.9352532277
1170, 2026-05-29 09:38:58,1780036738,2338.0,53.1796966161,44.4359272053,49.1886417039,41.2888839078,42.8302560042
1171, 2026-05-29 09:39:00,1780036740,2340.0,53.1738623104,44.3184934117,48.3263791349,41.9316546577,42.6974464423
1172, 2026-05-29 09:39:02,1780036742,2342.0,53.1680280047,44.4446050659,48.8799345689,42.7677127760,41.6861678529
1173, 2026-05-29 09:39:04,1780036744,2344.0,53.1621936989,43.8755554054,48.7440877612,42.0950367979,40.7875416570
1174, 2026-05-29 09:39:06,1780036746,2346.0,53.1563593932,43.0791906383,46.0334454226,41.0590401164,42.1450863758
1175, 2026-05-29 09:39:08,1780036748,2348.0,53.1505250875,44.6773873128,49.3066704365,42.0920531862,42.6334383157
1176, 2026-05-29 09:39:10,1780036750,2350.0,53.1446907818,44.4172080436,48.9926142749,41.7743398196,42.4846700365
1177, 2026-05-29 09:39:12,1780036752,2352.0,53.1388564761,45.0768698519,49.7844530922,42.5282177612,42.9179387022
1178, 2026-05-29 09:39:14,1780036754,2354.0,53.1330221704,44.6923035104,47.0880015870,43.6791433357,43.3097656084
1179, 2026-05-29 09:39:16,1780036756,2356.0,53.1271878646,45.7383944826,51.1042329009,44.3767060238,41.7342445233
1180, 2026-05-29 09:39:18,1780036758,2358.0,53.1213535589,45.4439719331,49.5269888542,42.7481934261,44.0567335190
1181, 2026-05-29 09:39:20,1780036760,2360.0,53.1155192532,45.2895660386,49.6769521117,44.1348728778,42.0568731262
1182, 2026-05-29 09:39:22,1780036762,2362.0,53.1096849475,45.5650100166,49.7143369587,44.3164550319,42.6642380593
1183, 2026-05-29 09:39:24,1780036764,2364.0,53.1038506418,46.2385096763,51.4175975364,41.9416960334,45.3562354589
1184, 2026-05-29 09:39:26,1780036766,2366.0,53.0980163361,46.1811552361,49.8206403997,42.6840463818,46.0387789266
1185, 2026-05-29 09:39:28,1780036768,2368.0,53.0921820303,46.1401773166,48.9636986603,45.2329465377,44.2238867517
1186, 2026-05-29 09:39:30,1780036770,2370.0,53.0863477246,46.6576495988,50.2135322957,44.5545236619,45.2048928390
1187, 2026-05-29 09:39:32,1780036772,2372.0,53.0805134189,46.0430317259,50.2737365297,43.8821279171,43.9732307309
1188, 2026-05-29 09:39:34,1780036774,2374.0,53.0746791132,46.6362003919,49.4169092680,45.5839754685,44.9077164393
1189, 2026-05-29 09:39:36,1780036776,2376.0,53.0688448075,46.2347719273,50.7079747328,43.2000896449,44.7962514043
1190, 2026-05-29 09:39:38,1780036778,2378.0,53.0630105018,47.2944430476,51.5459713246,46.2353865435,44.1019712749
1191, 2026-05-29 09:39:40,1780036780,2380.0,53.0571761960,46.8029297495,50.6179809576,44.8641857968,44.9266224941
1192, 2026-05-29 09:39:42,1780036782,2382.0,53.0513418903,47.4587466941,50.3554904297,45.1970207304,46.8237289222
1193, 2026-05-29 09:39:44,1780036784,2384.0,53.0455075846,47.4074478312,50.7979158547,46.1751129944,45.2493146444
1194, 2026-05-29 09:39:46,1780036786,2386.0,53.0396732789,47.2309689800,51.4462260996,45.1653295927,45.0813512476
1195, 2026-05-29 09:39:48,1780036788,2388.0,53.0338389732,47.3199131917,51.0974033019,45.1132110836,45.7491251895
1196, 2026-05-29 09:39:50,1780036790,2390.0,53.0280046674,46.6696578037,50.6974182191,46.1965825968,43.1149725951
1197, 2026-05-29 09:39:52,1780036792,2392.0,53.0221703617,47.6151560984,53.3280308339,45.2722749270,44.2451625343
1198, 2026-05-29 09:39:54,1780036794,2394.0,53.0163360560,47.6091033518,51.6217425260,45.7031654285,45.5024021008
1199, 2026-05-29 09:39:56,1780036796,2396.0,53.0105017503,47.2646338369,52.2975632908,46.4653134162,43.0310248039
1200, 2026-05-29 09:39:58,1780036798,2398.0,53.0046674446,47.7946518168,52.8025139332,45.1087153405,45.4727261768
1201, 2026-05-29 09:40:00,1780036800,2400.0,52.9988331389,47.9876174140,52.4758577945,45.8772716593,45.6097227882
1202, 2026-05-29 09:40:02,1780036802,2402.0,52.9929988331,47.2025652406,50.9132659683,46.6259263598,44.0685033938
1203, 2026-05-29 09:40:04,1780036804,2404.0,52.9871645274,48.3714750377,53.6498103165,46.3332660821,45.1313487145
1204, 2026-05-29 09:40:06,1780036806,2406.0,52.9813302217,48.3686537677,52.5304078236,45.8883990174,46.6871544621
1205, 2026-05-29 09:40:08,1780036808,2408.0,52.9754959160,48.5393678399,52.7370373653,45.5594249445,47.3216412101
1206, 2026-05-29 09:40:10,1780036810,2410.0,52.9696616103,48.5600592556,53.4378138894,45.9984349395,46.2439289380
1207, 2026-05-29 09:40:12,1780036812,2412.0,52.9638273046,47.6547730219,51.7540269084,46.0051509129,45.2051412443
1208, 2026-05-29 09:40:14,1780036814,2414.0,52.9579929988,47.8207433521,51.1042963020,47.2277230754,45.1302106790
1209, 2026-05-29 09:40:16,1780036816,2416.0,52.9521586931,48.4272637351,53.1864257094,46.6657593559,45.4296061399
1210, 2026-05-29 09:40:18,1780036818,2418.0,52.9463243874,49.0016504981,54.2691977798,47.8527482405,44.8830054739
1211, 2026-05-29 09:40:20,1780036820,2420.0,52.9404900817,49.4188329920,54.1410344339,47.7957925955,46.3196719466
1212, 2026-05-29 09:40:22,1780036822,2422.0,52.9346557760,47.8186051634,52.1013756504,46.9045932482,44.4498465915
1213, 2026-05-29 09:40:24,1780036824,2424.0,52.9288214702,48.9724987551,51.9700720764,47.6777624744,47.2696617145
1214, 2026-05-29 09:40:26,1780036826,2426.0,52.9229871645,48.8248164675,54.0745032211,45.7671488954,46.6327972860
1215, 2026-05-29 09:40:28,1780036828,2428.0,52.9171528588,49.7156758883,53.7065441311,48.0272668786,47.4132166551
1216, 2026-05-29 09:40:30,1780036830,2430.0,52.9113185531,48.9528544473,53.1741017932,47.1983721326,46.4860894159
1217, 2026-05-29 09:40:32,1780036832,2432.0,52.9054842474,48.7407048830,52.2014310945,47.7361018488,46.2845817057
1218, 2026-05-29 09:40:34,1780036834,2434.0,52.8996499417,49.6059032729,53.7067344867,47.4517697518,47.6592055802
1219, 2026-05-29 09:40:36,1780036836,2436.0,52.8938156359,49.6571537085,54.9842334789,46.0697093836,47.9175182628
1220, 2026-05-29 09:40:38,1780036838,2438.0,52.8879813302,49.1332455281,53.6145500941,47.8532964873,45.9318900028
1221, 2026-05-29 09:40:40,1780036840,2440.0,52.8821470245,49.7318840546,53.2485095443,48.2566575635,47.6904850559
1222, 2026-05-29 09:40:42,1780036842,2442.0,52.8763127188,48.1026147331,51.0060570388,46.5423665157,46.7594206446
1223, 2026-05-29 09:40:44,1780036844,2444.0,52.8704784131,50.1350959353,54.8415994237,47.4936526128,48.0700357692
1224, 2026-05-29 09:40:46,1780036846,2446.0,52.8646441074,49.2666511927,54.9919481639,45.5610197933,47.2469856208
1225, 2026-05-29 09:40:48,1780036848,2448.0,52.8588098016,48.2932611078,53.8836368043,46.6087089800,44.3874375391
1226, 2026-05-29 09:40:50,1780036850,2450.0,52.8529754959,49.0512104001,50.7891999335,47.6439669177,48.7204643492
1227, 2026-05-29 09:40:52,1780036852,2452.0,52.8471411902,49.7931930290,54.2278110488,46.6049503870,48.5468176513
1228, 2026-05-29 09:40:54,1780036854,2454.0,52.8413068845,48.9731179595,52.8741025636,47.6644629752,46.3807883397
1229, 2026-05-29 09:40:56,1780036856,2456.0,52.8354725788,49.6736523170,55.5164099179,46.5714909272,46.9330561061
1230, 2026-05-29 09:40:58,1780036858,2458.0,52.8296382730,48.9300995122,53.3327549126,47.6776818428,45.7798617813
1231, 2026-05-29 09:41:00,1780036860,2460.0,52.8238039673,50.1582193261,54.7497851239,47.5669892835,48.1578835708
1232, 2026-05-29 09:41:02,1780036862,2462.0,52.8179696616,49.2386648255,53.5980226515,48.1361627443,45.9818090807
1233, 2026-05-29 09:41:04,1780036864,2464.0,52.8121353559,50.7088319114,55.6244547440,48.7624791376,47.7395618525
1234, 2026-05-29 09:41:06,1780036866,2466.0,52.8063010502,49.7207346114,55.1449665590,47.7441390865,46.2730981887
1235, 2026-05-29 09:41:08,1780036868,2468.0,52.8004667445,49.5601647698,54.6682449928,48.2821682490,45.7300810675
1236, 2026-05-29 09:41:10,1780036870,2470.0,52.7946324387,50.1903211819,54.8113894688,49.3935510781,46.3660229988
1237, 2026-05-29 09:41:12,1780036872,2472.0,52.7887981330,50.2342785711,53.4657024361,48.9463727688,48.2907605084
1238, 2026-05-29 09:41:14,1780036874,2474.0,52.7829638273,49.0735702031,53.7015353814,45.5672773758,47.9518978521
1239, 2026-05-29 09:41:16,1780036876,2476.0,52.7771295216,49.1489718174,54.1770005696,45.5514057094,47.7185091733
1240, 2026-05-29 09:41:18,1780036878,2478.0,52.7712952159,49.4092990837,52.7914856666,48.1464842877,47.2899272966
1241, 2026-05-29 09:41:20,1780036880,2480.0,52.7654609102,49.0566504969,53.4046445151,47.7627338339,46.0025731417
1242, 2026-05-29 09:41:22,1780036882,2482.0,52.7596266044,49.1766086683,54.1814049006,46.3662449885,46.9821761158
1243, 2026-05-29 09:41:24,1780036884,2484.0,52.7537922987,49.6014820598,55.1331989790,47.3097789771,46.3614682234
1244, 2026-05-29 09:41:26,1780036886,2486.0,52.7479579930,49.1739086503,54.4284251604,46.0479985012,47.0453022894
1245, 2026-05-29 09:41:28,1780036888,2488.0,52.7421236873,49.4739591173,56.2582046743,47.4852799726,44.6783927051
1246, 2026-05-29 09:41:30,1780036890,2490.0,52.7362893816,49.4336949053,52.9557594210,49.0225671051,46.3227581899
1247, 2026-05-29 09:41:32,1780036892,2492.0,52.7304550758,50.1486472784,54.9451748079,47.7921028671,47.7086641602
1248, 2026-05-29 09:41:34,1780036894,2494.0,52.7246207701,49.1418720449,54.6470848628,46.4370893990,46.3414418728
1249, 2026-05-29 09:41:36,1780036896,2496.0,52.7187864644,49.9137460758,54.4020801284,47.8727690628,47.4663890363
1250, 2026-05-29 09:41:38,1780036898,2498.0,52.7129521587,48.8580395666,54.4739932806,45.6028845050,46.4972409142
1251, 2026-05-29 09:41:40,1780036900,2500.0,52.7071178530,48.6093898108,52.8355672818,46.5452059126,46.4473962379
1252, 2026-05-29 09:41:42,1780036902,2502.0,52.7012835473,49.1034860985,54.4261832923,47.3212594184,45.5630155847
1253, 2026-05-29 09:41:44,1780036904,2504.0,52.6954492415,49.6396632496,54.1493219661,47.4584796756,47.3111881070
1254, 2026-05-29 09:41:46,1780036906,2506.0,52.6896149358,48.6016778762,53.7958001937,46.4316815182,45.5775519168
1255, 2026-05-29 09:41:48,1780036908,2508.0,52.6837806301,49.2764558101,52.4789707749,48.2451551929,47.1052414626
1256, 2026-05-29 09:41:50,1780036910,2510.0,52.6779463244,49.8647177520,55.3216064829,46.6200380921,47.6525086811
1257, 2026-05-29 09:41:52,1780036912,2512.0,52.6721120187,49.9608696652,54.4044822862,47.3333166943,48.1448100152
1258, 2026-05-29 09:41:54,1780036914,2514.0,52.6662777130,49.7859322344,53.6791844601,48.2579233942,47.4206888490
1259, 2026-05-29 09:41:56,1780036916,2516.0,52.6604434072,49.6166038538,54.2506090549,47.8852425668,46.7139599396
1260, 2026-05-29 09:41:58,1780036918,2518.0,52.6546091015,49.4924350004,53.6742218716,47.7049255407,47.0981575888
1261, 2026-05-29 09:42:00,1780036920,2520.0,52.6487747958,50.3245153701,53.7783402412,48.1575559745,49.0376498945
1262, 2026-05-29 09:42:02,1780036922,2522.0,52.6429404901,49.9107347989,53.9208159344,48.2380812682,47.5733071941
1263, 2026-05-29 09:42:04,1780036924,2524.0,52.6371061844,50.4655359429,57.0964727724,46.7198747249,47.5802603314
1264, 2026-05-29 09:42:06,1780036926,2526.0,52.6312718786,50.2928965040,55.9756046881,47.8095438914,47.0935409326
1265, 2026-05-29 09:42:08,1780036928,2528.0,52.6254375729,50.1734031399,55.6240002851,47.1888007240,47.7074084107
1266, 2026-05-29 09:42:10,1780036930,2530.0,52.6196032672,50.2783883266,55.6968145565,48.5578140630,46.5805363604
1267, 2026-05-29 09:42:12,1780036932,2532.0,52.6137689615,49.0863982385,54.7054926999,47.9608857833,44.5928162322
1268, 2026-05-29 09:42:14,1780036934,2534.0,52.6079346558,50.4215532995,55.6915486771,48.1585125415,47.4145986800
1269, 2026-05-29 09:42:16,1780036936,2536.0,52.6021003501,50.4773969840,55.6130728526,48.5037763523,47.3153417470
1270, 2026-05-29 09:42:18,1780036938,2538.0,52.5962660443,50.2880903390,55.1787807701,48.2350902835,47.4503999634
1271, 2026-05-29 09:42:20,1780036940,2540.0,52.5904317386,49.5108358763,54.8228366422,46.9976284951,46.7120424917
1272, 2026-05-29 09:42:22,1780036942,2542.0,52.5845974329,48.5322661263,52.1251606220,46.8051233498,46.6665144072
1273, 2026-05-29 09:42:24,1780036944,2544.0,52.5787631272,49.3191356024,54.2971170794,47.4843841490,46.1759055788
1274, 2026-05-29 09:42:26,1780036946,2546.0,52.5729288215,48.6492035838,53.5046686127,46.4361269173,46.0068152213
1275, 2026-05-29 09:42:28,1780036948,2548.0,52.5670945158,50.8737104732,55.9971460519,49.0381095578,47.5858758098
1276, 2026-05-29 09:42:30,1780036950,2550.0,52.5612602100,50.1221774164,54.3835527105,47.4254169759,48.5575625629
1277, 2026-05-29 09:42:32,1780036952,2552.0,52.5554259043,50.3832166708,54.1252746009,47.7424688324,49.2819065791
1278, 2026-05-29 09:42:34,1780036954,2554.0,52.5495915986,50.0583915865,56.0097540658,46.9443693766,47.2210513170
1279, 2026-05-29 09:42:36,1780036956,2556.0,52.5437572929,50.8866121948,55.1686249911,50.1364589744,47.3547526189
1280, 2026-05-29 09:42:38,1780036958,2558.0,52.5379229872,50.8417123194,54.3933197330,48.3669549706,49.7648622545
1281, 2026-05-29 09:42:40,1780036960,2560.0,52.5320886814,49.5058038594,53.6108451247,48.0602556121,46.8463108414
1282, 2026-05-29 09:42:42,1780036962,2562.0,52.5262543757,49.9999413761,54.4378404065,48.4076616612,47.1543220605
1283, 2026-05-29 09:42:44,1780036964,2564.0,52.5204200700,50.7158713540,54.6856426005,50.1939036772,47.2680677843
1284, 2026-05-29 09:42:46,1780036966,2566.0,52.5145857643,49.3450917804,55.0401860414,46.6947056029,46.3003836968
1285, 2026-05-29 09:42:48,1780036968,2568.0,52.5087514586,50.6508622610,56.1454344230,47.1358705586,48.6712818015
1286, 2026-05-29 09:42:50,1780036970,2570.0,52.5029171529,50.5484513203,55.7155512783,49.7726995581,46.1571031244
1287, 2026-05-29 09:42:52,1780036972,2572.0,52.4970828471,50.7916652065,56.6128485418,48.7119093883,47.0502376894
1288, 2026-05-29 09:42:54,1780036974,2574.0,52.4912485414,50.0506340439,56.3966043433,47.1621898909,46.5931078975
1289, 2026-05-29 09:42:56,1780036976,2576.0,52.4854142357,50.2546477908,53.9775432302,49.1411237937,47.6452763485
1290, 2026-05-29 09:42:58,1780036978,2578.0,52.4795799300,49.4105375717,53.6844583352,47.3507934746,47.1963609053
1291, 2026-05-29 09:43:00,1780036980,2580.0,52.4737456243,50.4808856045,54.6981571797,47.3738307345,49.3706688993
1292, 2026-05-29 09:43:02,1780036982,2582.0,52.4679113186,50.3111165827,54.5617456997,47.4747328546,48.8968711937
1293, 2026-05-29 09:43:04,1780036984,2584.0,52.4620770128,49.7689171388,53.0735102774,48.6593713310,47.5738698080
1294, 2026-05-29 09:43:06,1780036986,2586.0,52.4562427071,50.1493131282,54.0969492684,49.9388642044,46.4121259119
1295, 2026-05-29 09:43:08,1780036988,2588.0,52.4504084014,50.2275012174,54.2307875047,48.7469867827,47.7047293649
1296, 2026-05-29 09:43:10,1780036990,2590.0,52.4445740957,50.0769666182,54.9916886761,48.2457736747,46.9934375037
1297, 2026-05-29 09:43:12,1780036992,2592.0,52.4387397900,50.7464216393,55.2479909841,48.4027538697,48.5885200640
1298, 2026-05-29 09:43:14,1780036994,2594.0,52.4329054842,50.7809342654,56.2870414057,47.9905225599,48.0652388307
1299, 2026-05-29 09:43:16,1780036996,2596.0,52.4270711785,49.5715308358,54.3903178515,46.7880105475,47.5362641084
1300, 2026-05-29 09:43:18,1780036998,2598.0,52.4212368728,49.9064233974,53.4779407093,47.3528677561,48.8884617269
1301, 2026-05-29 09:43:20,1780037000,2600.0,52.4154025671,49.9609007786,54.0757074369,48.5652674377,47.2417274612
1302, 2026-05-29 09:43:22,1780037002,2602.0,52.4095682614,49.7914805195,55.4566505725,46.9807238460,46.9370671400
1303, 2026-05-29 09:43:24,1780037004,2604.0,52.4037339557,49.0656802672,53.9419203523,48.2679015353,44.9872189142
1304, 2026-05-29 09:43:26,1780037006,2606.0,52.3978996499,49.8776723137,55.4138119024,47.2202046932,46.9990003454
1305, 2026-05-29 09:43:28,1780037008,2608.0,52.3920653442,50.0765065760,55.3574359551,46.7726086329,48.0994751399
1306, 2026-05-29 09:43:30,1780037010,2610.0,52.3862310385,49.9124175258,53.3572590267,49.4693347239,46.9106588268
1307, 2026-05-29 09:43:32,1780037012,2612.0,52.3803967328,50.4118355728,54.8189244482,48.5059988282,47.9105834420
1308, 2026-05-29 09:43:34,1780037014,2614.0,52.3745624271,50.0020960107,54.1170724675,49.1604938497,46.7287217150
1309, 2026-05-29 09:43:36,1780037016,2616.0,52.3687281214,50.8263104287,54.4006286253,47.8858687837,50.1924338770
1310, 2026-05-29 09:43:38,1780037018,2618.0,52.3628938156,50.8674169880,55.5512652110,48.9752236577,48.0757620954
1311, 2026-05-29 09:43:40,1780037020,2620.0,52.3570595099,49.7212055086,53.5288421781,47.8129339091,47.8218404385
1312, 2026-05-29 09:43:42,1780037022,2622.0,52.3512252042,50.7003615162,55.2130206591,47.5173025344,49.3707613553
1313, 2026-05-29 09:43:44,1780037024,2624.0,52.3453908985,50.6145804788,56.9338351535,48.1462004705,46.7637058123
1314, 2026-05-29 09:43:46,1780037026,2626.0,52.3395565928,50.3548104757,54.3428677862,48.2938264834,48.4277371575
1315, 2026-05-29 09:43:48,1780037028,2628.0,52.3337222870,50.4527421514,54.6311760338,49.6559616119,47.0710888084
1316, 2026-05-29 09:43:50,1780037030,2630.0,52.3278879813,49.7189240680,55.5133275101,49.1154298294,44.5280148646
1317, 2026-05-29 09:43:52,1780037032,2632.0,52.3220536756,50.1003429019,55.3915668020,48.0173888593,46.8920730445
1318, 2026-05-29 09:43:54,1780037034,2634.0,52.3162193699,50.3201199154,54.8916979529,48.8756991394,47.1929626538
1319, 2026-05-29 09:43:56,1780037036,2636.0,52.3103850642,50.4299989800,55.6517430844,47.2830347543,48.3552191014
1320, 2026-05-29 09:43:58,1780037038,2638.0,52.3045507585,49.8531965518,54.8681538453,47.9998984251,46.6915373851
1321, 2026-05-29 09:44:00,1780037040,2640.0,52.2987164527,50.4430878399,54.9917769940,49.2771414846,47.0603450412
1322, 2026-05-29 09:44:02,1780037042,2642.0,52.2928821470,50.8392269875,55.5808710380,48.2850901541,48.6517197705
1323, 2026-05-29 09:44:04,1780037044,2644.0,52.2870478413,49.9778194422,54.3574532990,47.1608205060,48.4151845217
1324, 2026-05-29 09:44:06,1780037046,2646.0,52.2812135356,49.9642976781,54.5894673485,48.5490484100,46.7543772759
1325, 2026-05-29 09:44:08,1780037048,2648.0,52.2753792299,50.2932565235,55.1311323834,47.5506694176,48.1979677696
1326, 2026-05-29 09:44:10,1780037050,2650.0,52.2695449242,49.0922849885,53.8086202907,46.4895983965,46.9786362784
1327, 2026-05-29 09:44:12,1780037052,2652.0,52.2637106184,49.2020988905,54.8511369324,46.9529488184,45.8022109207
1328, 2026-05-29 09:44:14,1780037054,2654.0,52.2578763127,50.2118310705,54.7124063077,49.6040566555,46.3190302482
1329, 2026-05-29 09:44:16,1780037056,2656.0,52.2520420070,50.4508072325,56.4807799813,48.7447034166,46.1269382996
1330, 2026-05-29 09:44:18,1780037058,2658.0,52.2462077013,49.4230761603,54.2083016408,48.2111495770,45.8497772632
1331, 2026-05-29 09:44:20,1780037060,2660.0,52.2403733956,50.4540805386,54.2689126939,49.0662675164,48.0270614056
1332, 2026-05-29 09:44:22,1780037062,2662.0,52.2345390898,49.4727775642,53.6805980475,47.7914967046,46.9462379406
1333, 2026-05-29 09:44:24,1780037064,2664.0,52.2287047841,49.0161583635,54.2989433655,46.8058016494,45.9437300757
1334, 2026-05-29 09:44:26,1780037066,2666.0,52.2228704784,51.8919330871,55.5978268001,50.0641068513,50.0138656099
1335, 2026-05-29 09:44:28,1780037068,2668.0,52.2170361727,50.9703827528,55.0679030102,49.8433443973,47.9999008509
1336, 2026-05-29 09:44:30,1780037070,2670.0,52.2112018670,50.6437044541,56.9282088255,46.6766887906,48.3262157462
1337, 2026-05-29 09:44:32,1780037072,2672.0,52.2053675613,50.0107263944,55.4121390455,47.0698394523,47.5502006855
1338, 2026-05-29 09:44:34,1780037074,2674.0,52.1995332555,50.1577805075,55.9316730347,47.3403133326,47.2013551553
1339, 2026-05-29 09:44:36,1780037076,2676.0,52.1936989498,50.0440894145,54.7400522639,47.6277825317,47.7644334480
1340, 2026-05-29 09:44:38,1780037078,2678.0,52.1878646441,51.1873901013,56.0533326951,50.5388596230,46.9699779857
1341, 2026-05-29 09:44:40,1780037080,2680.0,52.1820303384,49.9644035367,55.3027048772,47.4855498411,47.1049558918
1342, 2026-05-29 09:44:42,1780037082,2682.0,52.1761960327,50.0922311287,54.5170677662,47.2552108171,48.5044148026
1343, 2026-05-29 09:44:44,1780037084,2684.0,52.1703617270,49.6324492752,54.6869000262,46.7550699273,47.4553778722
1344, 2026-05-29 09:44:46,1780037086,2686.0,52.1645274212,49.8457601706,55.4696540454,47.6131314491,46.4544950174
1345, 2026-05-29 09:44:48,1780037088,2688.0,52.1586931155,50.3432869793,55.7569436181,47.2683821846,48.0045351353
1346, 2026-05-29 09:44:50,1780037090,2690.0,52.1528588098,49.6931899639,55.6196273100,46.9658485699,46.4940940117
1347, 2026-05-29 09:44:52,1780037092,2692.0,52.1470245041,50.0579189352,55.0745769003,47.7258414180,47.3733384874
1348, 2026-05-29 09:44:54,1780037094,2694.0,52.1411901984,50.6658036240,54.5310530948,49.9070954681,47.5592623091
1349, 2026-05-29 09:44:56,1780037096,2696.0,52.1353558926,50.7844422974,55.1603434342,48.7944222270,48.3985612312
1350, 2026-05-29 09:44:58,1780037098,2698.0,52.1295215869,50.2613223362,52.8019630121,48.8171440462,49.1648599504
1351, 2026-05-29 09:45:00,1780037100,2700.0,52.1236872812,50.0434474033,54.2847993856,49.4005262864,46.4450165378
1352, 2026-05-29 09:45:02,1780037102,2702.0,52.1178529755,50.2103896483,55.0298306870,47.4717729285,48.1295653293
1353, 2026-05-29 09:45:04,1780037104,2704.0,52.1120186698,50.6743553608,56.0915007252,47.4959971483,48.4355682090
1354, 2026-05-29 09:45:06,1780037106,2706.0,52.1061843641,51.3690571796,57.5487107123,47.9799120644,48.5785487623
1355, 2026-05-29 09:45:08,1780037108,2708.0,52.1003500583,50.0522632095,53.9625085215,47.7904326779,48.4038484290
1356, 2026-05-29 09:45:10,1780037110,2710.0,52.0945157526,50.1944195077,54.7598356484,47.5244187403,48.2990041342
1357, 2026-05-29 09:45:12,1780037112,2712.0,52.0886814469,50.0711310089,55.8519943193,47.9196729565,46.4417257507
1358, 2026-05-29 09:45:14,1780037114,2714.0,52.0828471412,50.6063479503,54.0609666724,49.3817904726,48.3762867058
1359, 2026-05-29 09:45:16,1780037116,2716.0,52.0770128355,50.2197343671,54.8244590255,49.0978223668,46.7369217089
1360, 2026-05-29 09:45:18,1780037118,2718.0,52.0711785298,49.1703554176,53.6178468736,46.4798491667,47.4133702126
1361, 2026-05-29 09:45:20,1780037120,2720.0,52.0653442240,50.7388949292,55.8558336697,48.3954150088,47.9654361091
1362, 2026-05-29 09:45:22,1780037122,2722.0,52.0595099183,50.8289840234,56.1268240709,47.1112281987,49.2488998008
1363, 2026-05-29 09:45:24,1780037124,2724.0,52.0536756126,50.7018540780,55.0116003681,49.2178120787,47.8761497871
1364, 2026-05-29 09:45:26,1780037126,2726.0,52.0478413069,50.6335756065,55.2492578270,47.3062238510,49.3452451417
1365, 2026-05-29 09:45:28,1780037128,2728.0,52.0420070012,50.3178855098,55.1869593071,48.3101230149,47.4565742076
1366, 2026-05-29 09:45:30,1780037130,2730.0,52.0361726954,50.2833869060,55.1303755474,48.5446729297,47.1751122410
1367, 2026-05-29 09:45:32,1780037132,2732.0,52.0303383897,50.2703985228,55.4795468414,48.4916573596,46.8399913674
1368, 2026-05-29 09:45:34,1780037134,2734.0,52.0245040840,50.4024323697,55.2357461641,47.3453145725,48.6262363726
1369, 2026-05-29 09:45:36,1780037136,2736.0,52.0186697783,51.8111839770,57.2636162028,50.6726857414,47.4972499868
1370, 2026-05-29 09:45:38,1780037138,2738.0,52.0128354726,50.4627148039,56.3788639699,47.9668793420,47.0424010998
1371, 2026-05-29 09:45:40,1780037140,2740.0,52.0070011669,50.2507175696,55.9228898976,47.3597420941,47.4695207171
1372, 2026-05-29 09:45:42,1780037142,2742.0,52.0011668611,51.3759417166,56.5128364157,50.8892190975,46.7257696366
1373, 2026-05-29 09:45:44,1780037144,2744.0,51.9953325554,51.1118277806,54.5899008346,49.8234363843,48.9221461229
1374, 2026-05-29 09:45:46,1780037146,2746.0,51.9894982497,49.9719448920,52.6183934306,48.7625849208,48.5348563247
1375, 2026-05-29 09:45:48,1780037148,2748.0,51.9836639440,50.2194117188,56.6343033558,46.4451669001,47.5787649004
1376, 2026-05-29 09:45:50,1780037150,2750.0,51.9778296383,50.7814320526,55.8308108252,48.2167161765,48.2967691561
1377, 2026-05-29 09:45:52,1780037152,2752.0,51.9719953326,50.8959991590,55.9247418560,48.6159415892,48.1473140317
1378, 2026-05-29 09:45:54,1780037154,2754.0,51.9661610268,50.1306180727,54.5157439584,49.3589291450,46.5171811146
1379, 2026-05-29 09:45:56,1780037156,2756.0,51.9603267211,50.9784734971,55.3350138270,47.2169825245,50.3834241398
1380, 2026-05-29 09:45:58,1780037158,2758.0,51.9544924154,51.0438507581,56.5895684431,49.5901495282,46.9518343031
1381, 2026-05-29 09:46:00,1780037160,2760.0,51.9486581097,50.7020515867,56.0836597902,48.0067948676,48.0157001022
1382, 2026-05-29 09:46:02,1780037162,2762.0,51.9428238040,49.9478915693,54.6612114689,48.5644539501,46.6180092889
1383, 2026-05-29 09:46:04,1780037164,2764.0,51.9369894982,51.3804234314,56.1062026900,50.3518710552,47.6831965489
1384, 2026-05-29 09:46:06,1780037166,2766.0,51.9311551925,50.5175461741,54.4508630789,48.5579027199,48.5438727234
1385, 2026-05-29 09:46:08,1780037168,2768.0,51.9253208868,50.9489224573,55.3623254180,48.5041767957,48.9802651583
1386, 2026-05-29 09:46:10,1780037170,2770.0,51.9194865811,51.3309318848,56.6143267273,49.8214584918,47.5570104352
1387, 2026-05-29 09:46:12,1780037172,2772.0,51.9136522754,50.3154232497,52.6752338157,50.4802895952,47.7907463382
1388, 2026-05-29 09:46:14,1780037174,2774.0,51.9078179697,51.0062456916,56.7071670128,48.8587768620,47.4527931999
1389, 2026-05-29 09:46:16,1780037176,2776.0,51.9019836639,50.1839659311,55.1663806329,48.6770609762,46.7084561841
1390, 2026-05-29 09:46:18,1780037178,2778.0,51.8961493582,51.1570098864,56.4256927854,49.0467784688,47.9985584051
1391, 2026-05-29 09:46:20,1780037180,2780.0,51.8903150525,50.0364906582,54.2902098559,48.1337397140,47.6855224047
1392, 2026-05-29 09:46:22,1780037182,2782.0,51.8844807468,50.6278321401,54.6278284443,49.5319336017,47.7237343743
1393, 2026-05-29 09:46:24,1780037184,2784.0,51.8786464411,51.2828438723,55.6906986909,49.1217107137,49.0361222122
1394, 2026-05-29 09:46:26,1780037186,2786.0,51.8728121354,49.8841773878,54.7013915618,47.9803156427,46.9708249588
1395, 2026-05-29 09:46:28,1780037188,2788.0,51.8669778296,49.8322839625,53.4741375943,47.0065423550,49.0161719381
1396, 2026-05-29 09:46:30,1780037190,2790.0,51.8611435239,50.1469860896,54.5509404452,46.4305414537,49.4594763700
1397, 2026-05-29 09:46:32,1780037192,2792.0,51.8553092182,51.0107036650,56.8112205829,47.9983626976,48.2225277144
1398, 2026-05-29 09:46:34,1780037194,2794.0,51.8494749125,50.6268441945,55.1626818687,49.2903705355,47.4274801794
1399, 2026-05-29 09:46:36,1780037196,2796.0,51.8436406068,50.9585546114,55.9315633062,49.1656141324,47.7784863957
1400, 2026-05-29 09:46:38,1780037198,2798.0,51.8378063011,50.4587394464,54.5753707847,49.1188838686,47.6819636857
1401, 2026-05-29 09:46:40,1780037200,2800.0,51.8319719953,50.1515380878,53.4615232315,47.6579652141,49.3351258179
1402, 2026-05-29 09:46:42,1780037202,2802.0,51.8261376896,50.8583315186,55.7070633391,48.0837240642,48.7842071526
1403, 2026-05-29 09:46:44,1780037204,2804.0,51.8203033839,50.3693517439,55.2547106161,48.1660155967,47.6873290191
1404, 2026-05-29 09:46:46,1780037206,2806.0,51.8144690782,50.9198399948,53.7118609948,50.6482166512,48.3994423384
1405, 2026-05-29 09:46:48,1780037208,2808.0,51.8086347725,49.8568293011,54.1843123728,48.3686573247,47.0175182058
1406, 2026-05-29 09:46:50,1780037210,2810.0,51.8028004667,51.1036339299,55.2193814001,48.8667812614,49.2247391282
1407, 2026-05-29 09:46:52,1780037212,2812.0,51.7969661610,51.0425907162,58.0079385464,46.8118833472,48.3079502550
1408, 2026-05-29 09:46:54,1780037214,2814.0,51.7911318553,49.6181584593,51.8369502179,49.4811200375,47.5364051224
1409, 2026-05-29 09:46:56,1780037216,2816.0,51.7852975496,50.3574353070,55.2776395342,47.4578299781,48.3368364085
1410, 2026-05-29 09:46:58,1780037218,2818.0,51.7794632439,50.9691244482,55.8111629686,48.4883745408,48.6078358352
1411, 2026-05-29 09:47:00,1780037220,2820.0,51.7736289382,51.3758828018,58.0880440357,48.0161742540,48.0234301159
1412, 2026-05-29 09:47:02,1780037222,2822.0,51.7677946324,50.1864507655,54.3214560366,47.2217689636,49.0161272964
1413, 2026-05-29 09:47:04,1780037224,2824.0,51.7619603267,50.2809831860,56.5755158603,47.6065708421,46.6608628558
1414, 2026-05-29 09:47:06,1780037226,2826.0,51.7561260210,50.5955217296,53.7452761520,49.6985911690,48.3426978679
1415, 2026-05-29 09:47:08,1780037228,2828.0,51.7502917153,50.9694308192,56.2289699768,49.4405678805,47.2387546002
1416, 2026-05-29 09:47:10,1780037230,2830.0,51.7444574096,51.6828475910,56.3837931933,50.1652191867,48.4995303931
1417, 2026-05-29 09:47:12,1780037232,2832.0,51.7386231039,49.9644059533,54.5950014911,48.9584876443,46.3397287244
1418, 2026-05-29 09:47:14,1780037234,2834.0,51.7327887981,50.9532217737,55.9693342840,48.5451438831,48.3451871541
1419, 2026-05-29 09:47:16,1780037236,2836.0,51.7269544924,50.8474482315,55.9645087696,49.0661829198,47.5116530051
1420, 2026-05-29 09:47:18,1780037238,2838.0,51.7211201867,50.7564595315,56.2086140878,49.1998488491,46.8609156576
1421, 2026-05-29 09:47:20,1780037240,2840.0,51.7152858810,50.0437183677,54.8158841209,48.2356559933,47.0796149890
1422, 2026-05-29 09:47:22,1780037242,2842.0,51.7094515753,50.9181833682,56.5011469460,48.4610277510,47.7923754076
1423, 2026-05-29 09:47:24,1780037244,2844.0,51.7036172695,50.2800903000,54.7010516374,49.0634665574,47.0757527052
1424, 2026-05-29 09:47:26,1780037246,2846.0,51.6977829638,51.1000943995,55.2270038945,49.1749682754,48.8983110285
1425, 2026-05-29 09:47:28,1780037248,2848.0,51.6919486581,50.8283794120,57.1654290244,48.3208841062,46.9988251053
1426, 2026-05-29 09:47:30,1780037250,2850.0,51.6861143524,50.9322864213,55.5811141123,49.2238837158,47.9918614359
1427, 2026-05-29 09:47:32,1780037252,2852.0,51.6802800467,50.8248274046,55.5212010808,48.3975393278,48.5557418054
1428, 2026-05-29 09:47:34,1780037254,2854.0,51.6744457410,50.2460924560,55.5456437625,47.1545811838,48.0380524216
1429, 2026-05-29 09:47:36,1780037256,2856.0,51.6686114352,50.4019540705,54.6762771244,48.6256384206,47.9039466665
1430, 2026-05-29 09:47:38,1780037258,2858.0,51.6627771295,50.8269043939,57.3669771792,48.0289743157,47.0847616867
1431, 2026-05-29 09:47:40,1780037260,2860.0,51.6569428238,49.4540996897,53.1578612451,48.8485070640,46.3559307601
1432, 2026-05-29 09:47:42,1780037262,2862.0,51.6511085181,50.1102435727,53.2108062305,48.3263550919,48.7935693956
1433, 2026-05-29 09:47:44,1780037264,2864.0,51.6452742124,51.3766128681,57.1977095365,49.2129085153,47.7192205526
1434, 2026-05-29 09:47:46,1780037266,2866.0,51.6394399067,50.1616670609,54.4797141310,48.3137515951,47.6915354567
1435, 2026-05-29 09:47:48,1780037268,2868.0,51.6336056009,49.5754408462,55.8216737787,45.7548816853,47.1497670745
1436, 2026-05-29 09:47:50,1780037270,2870.0,51.6277712952,51.7224193966,57.6267568737,48.1691836567,49.3713176594
1437, 2026-05-29 09:47:52,1780037272,2872.0,51.6219369895,50.1097226428,57.3886593750,47.9849967723,44.9555117812
1438, 2026-05-29 09:47:54,1780037274,2874.0,51.6161026838,50.2914713494,55.7753407598,46.9319992338,48.1670740547
1439, 2026-05-29 09:47:56,1780037276,2876.0,51.6102683781,51.2449973016,55.2880857087,48.7361466943,49.7107595017
1440, 2026-05-29 09:47:58,1780037278,2878.0,51.6044340723,51.1475023046,54.7921575343,49.5860858279,49.0642635515
1441, 2026-05-29 09:48:00,1780037280,2880.0,51.5985997666,51.5566475485,56.2066670677,49.4135923629,49.0496832150
1442, 2026-05-29 09:48:02,1780037282,2882.0,51.5927654609,51.2795383959,56.3200058007,48.0234981579,49.4951112292
1443, 2026-05-29 09:48:04,1780037284,2884.0,51.5869311552,51.8337489991,55.2277271894,49.0339858850,51.2395339229
1444, 2026-05-29 09:48:06,1780037286,2886.0,51.5810968495,51.5336420506,56.7938324212,48.1946818735,49.6124118571
1445, 2026-05-29 09:48:08,1780037288,2888.0,51.5752625438,50.8719334470,55.1188890094,48.9125076791,48.5844036524
1446, 2026-05-29 09:48:10,1780037290,2890.0,51.5694282380,50.7792218322,57.1102991017,47.9594606579,47.2679057371
1447, 2026-05-29 09:48:12,1780037292,2892.0,51.5635939323,50.8886180957,56.1085770959,47.8188371121,48.7384400790
1448, 2026-05-29 09:48:14,1780037294,2894.0,51.5577596266,50.5423620766,57.1615225130,47.6434239572,46.8221397596
1449, 2026-05-29 09:48:16,1780037296,2896.0,51.5519253209,51.2362940528,56.5987761414,48.1138908196,48.9962151974
1450, 2026-05-29 09:48:18,1780037298,2898.0,51.5460910152,50.5342816645,53.9949304534,50.1555447987,47.4523697414
1451, 2026-05-29 09:48:20,1780037300,2900.0,51.5402567095,50.1413823757,54.5679581071,47.8687337325,47.9874552874
1452, 2026-05-29 09:48:22,1780037302,2902.0,51.5344224037,51.0882603704,56.5415565940,49.8098225902,46.9134019270
1453, 2026-05-29 09:48:24,1780037304,2904.0,51.5285880980,52.0884527327,57.1575327669,50.6441523595,48.4636730716
1454, 2026-05-29 09:48:26,1780037306,2906.0,51.5227537923,51.3299475015,56.7624883171,48.5367948533,48.6905593343
1455, 2026-05-29 09:48:28,1780037308,2908.0,51.5169194866,50.6725746410,54.1127118111,49.1737587557,48.7312533561
1456, 2026-05-29 09:48:30,1780037310,2910.0,51.5110851809,50.7666173775,57.5227217926,48.3974468558,46.3796834841
1457, 2026-05-29 09:48:32,1780037312,2912.0,51.5052508751,50.5876029746,56.6884904713,47.8299439880,47.2443744645
1458, 2026-05-29 09:48:34,1780037314,2914.0,51.4994165694,50.1159700004,55.3858445337,46.9484846402,48.0135808272
1459, 2026-05-29 09:48:36,1780037316,2916.0,51.4935822637,51.0434318389,57.3745264669,47.5108314100,48.2449376399
1460, 2026-05-29 09:48:38,1780037318,2918.0,51.4877479580,49.9165484008,54.6849824529,46.9274911451,48.1371716044
1461, 2026-05-29 09:48:40,1780037320,2920.0,51.4819136523,51.0942138942,56.6535666907,48.0605305369,48.5685444551
1462, 2026-05-29 09:48:42,1780037322,2922.0,51.4760793466,49.6638233632,54.5533511503,46.5256892521,47.9124296871
1463, 2026-05-29 09:48:44,1780037324,2924.0,51.4702450408,50.4716789615,55.9488400694,48.6494162826,46.8167805325
1464, 2026-05-29 09:48:46,1780037326,2926.0,51.4644107351,50.1968503636,54.7856007660,49.1578314987,46.6471188261
1465, 2026-05-29 09:48:48,1780037328,2928.0,51.4585764294,52.0175004415,56.4959347602,48.8364837873,50.7200827770
1466, 2026-05-29 09:48:50,1780037330,2930.0,51.4527421237,51.2160663505,54.8709353197,49.6372296929,49.1400340388
1467, 2026-05-29 09:48:52,1780037332,2932.0,51.4469078180,50.8860951387,55.9466443028,48.2006242866,48.5110168266
1468, 2026-05-29 09:48:54,1780037334,2934.0,51.4410735123,50.1283260570,55.2996823481,47.6323066027,47.4529892202
1469, 2026-05-29 09:48:56,1780037336,2936.0,51.4352392065,51.4582339338,54.9313285394,50.8068473683,48.6365258936
1470, 2026-05-29 09:48:58,1780037338,2938.0,51.4294049008,51.4584543977,54.9533150886,49.7993388440,49.6227092604
1471, 2026-05-29 09:49:00,1780037340,2940.0,51.4235705951,51.4259395243,57.3698048528,46.8728140598,50.0351996604
1472, 2026-05-29 09:49:02,1780037342,2942.0,51.4177362894,51.4077770075,57.5130153105,48.9774622469,47.7328534649
1473, 2026-05-29 09:49:04,1780037344,2944.0,51.4119019837,51.3985685165,56.5557911297,50.5435607092,47.0963537106
1474, 2026-05-29 09:49:06,1780037346,2946.0,51.4060676779,52.0561137964,56.6806506661,49.5985017233,49.8891889999
1475, 2026-05-29 09:49:08,1780037348,2948.0,51.4002333722,49.4511426181,54.2383559835,48.3427916382,45.7722802326
1476, 2026-05-29 09:49:10,1780037350,2950.0,51.3943990665,51.3167288619,55.9259705262,49.7985546609,48.2256613987
1477, 2026-05-29 09:49:12,1780037352,2952.0,51.3885647608,52.0206488017,57.4765826123,48.6024274578,49.9829363349
1478, 2026-05-29 09:49:14,1780037354,2954.0,51.3827304551,50.7785928088,54.9552080493,49.0806453986,48.2999249783
1479, 2026-05-29 09:49:16,1780037356,2956.0,51.3768961494,49.9229484459,54.1137510217,47.2445681053,48.4105262106
1480, 2026-05-29 09:49:18,1780037358,2958.0,51.3710618436,51.9276580050,55.4837569780,49.2128840076,51.0863330294
1481, 2026-05-29 09:49:20,1780037360,2960.0,51.3652275379,50.8038259876,55.4674016593,48.4161094548,48.5279668487
1482, 2026-05-29 09:49:22,1780037362,2962.0,51.3593932322,50.8406887937,55.1324537078,48.4336255040,48.9559871692
1483, 2026-05-29 09:49:24,1780037364,2964.0,51.3535589265,51.0782680490,56.5147774868,48.6687001432,48.0513265170
1484, 2026-05-29 09:49:26,1780037366,2966.0,51.3477246208,50.5693114209,55.3886577476,48.2877519858,48.0315245294
1485, 2026-05-29 09:49:28,1780037368,2968.0,51.3418903151,51.2511742404,54.6964415567,49.7461867488,49.3108944156
1486, 2026-05-29 09:49:30,1780037370,2970.0,51.3360560093,51.0393565411,55.7397553191,49.7466438064,47.6316704978
1487, 2026-05-29 09:49:32,1780037372,2972.0,51.3302217036,51.0618997247,56.8005438491,48.2338666102,48.1512887147
1488, 2026-05-29 09:49:34,1780037374,2974.0,51.3243873979,50.6361077449,56.9187222479,48.8092601399,46.1803408468
1489, 2026-05-29 09:49:36,1780037376,2976.0,51.3185530922,51.1630872402,56.5769624165,48.8725610422,48.0397382619
1490, 2026-05-29 09:49:38,1780037378,2978.0,51.3127187865,49.6994572862,53.8451890480,49.1250162970,46.1281665135
1491, 2026-05-29 09:49:40,1780037380,2980.0,51.3068844807,51.1455883843,54.7376201017,51.1997399878,47.4994050633
1492, 2026-05-29 09:49:42,1780037382,2982.0,51.3010501750,51.1664665365,57.1304193202,48.6623415006,47.7066387887
1493, 2026-05-29 09:49:44,1780037384,2984.0,51.2952158693,50.9720749235,55.5795542880,48.6595630594,48.6771074232
1494, 2026-05-29 09:49:46,1780037386,2986.0,51.2893815636,49.4166181076,54.6595003906,47.5657025313,46.0246514010
1495, 2026-05-29 09:49:48,1780037388,2988.0,51.2835472579,52.2153253975,57.1288438828,50.8848456710,48.6322866387
1496, 2026-05-29 09:49:50,1780037390,2990.0,51.2777129522,50.2882177501,55.6097731403,47.5233281593,47.7315519506
1497, 2026-05-29 09:49:52,1780037392,2992.0,51.2718786464,51.1307865049,56.9632779261,50.0443968764,46.3846847122
1498, 2026-05-29 09:49:54,1780037394,2994.0,51.2660443407,50.1267347483,54.8650779947,48.9422437474,46.5728825027
1499, 2026-05-29 09:49:56,1780037396,2996.0,51.2602100350,50.4279960427,54.4308818447,48.3916475846,48.4614586988
1500, 2026-05-29 09:49:58,1780037398,2998.0,51.2543757293,50.9457734369,56.5307550377,47.7466097857,48.5599554873
1501, 2026-05-29 09:50:00,1780037400,3000.0,51.2485414236,50.3385553157,56.2555852325,48.3588944442,46.4011862703
1502, 2026-05-29 09:50:02,1780037402,3002.0,51.2427071179,51.4961507911,55.8555374955,48.1723615880,50.4605532896
1503, 2026-05-29 09:50:04,1780037404,3004.0,51.2368728121,51.6557822146,54.9417066346,49.5389788664,50.4866611430
1504, 2026-05-29 09:50:06,1780037406,3006.0,51.2310385064,51.9329937993,56.9065230682,49.8863999760,49.0060583536
1505, 2026-05-29 09:50:08,1780037408,3008.0,51.2252042007,51.8091418443,58.0517612047,48.5770418284,48.7986224999
1506, 2026-05-29 09:50:10,1780037410,3010.0,51.2193698950,51.8065244988,56.7974297350,49.1827180174,49.4394257440
1507, 2026-05-29 09:50:12,1780037412,3012.0,51.2135355893,50.7201004135,55.7478233173,48.2088109141,48.2036670090
1508, 2026-05-29 09:50:14,1780037414,3014.0,51.2077012835,50.4485141039,53.9485075195,49.0649448520,48.3320899402
1509, 2026-05-29 09:50:16,1780037416,3016.0,51.2018669778,51.2621662354,55.8769015740,49.1602611122,48.7493360202
1510, 2026-05-29 09:50:18,1780037418,3018.0,51.1960326721,51.0938014713,55.6321313887,47.9392774654,49.7099955598
1511, 2026-05-29 09:50:20,1780037420,3020.0,51.1901983664,50.9911728019,57.7291038492,47.8688196337,47.3755949226
1512, 2026-05-29 09:50:22,1780037422,3022.0,51.1843640607,51.2345106960,56.5040201090,49.1890235313,48.0104884477
1513, 2026-05-29 09:50:24,1780037424,3024.0,51.1785297550,51.0933646161,56.5583156113,47.7091734104,49.0126048266
1514, 2026-05-29 09:50:26,1780037426,3026.0,51.1726954492,51.0750105451,55.7035977859,49.3889326931,48.1325011563
1515, 2026-05-29 09:50:28,1780037428,3028.0,51.1668611435,49.7593175710,52.3254113916,47.9731312004,48.9794101211
1516, 2026-05-29 09:50:30,1780037430,3030.0,51.1610268378,49.7254243285,54.6929767085,47.8177025815,46.6655936955
1517, 2026-05-29 09:50:32,1780037432,3032.0,51.1551925321,50.7264950190,56.1737994828,49.0420537977,46.9636317764
1518, 2026-05-29 09:50:34,1780037434,3034.0,51.1493582264,50.7770345118,55.5739481871,50.3899491700,46.3672061782
1519, 2026-05-29 09:50:36,1780037436,3036.0,51.1435239207,50.5183338377,56.0638050440,47.5120055340,47.9791909351
1520, 2026-05-29 09:50:38,1780037438,3038.0,51.1376896149,51.8785718694,56.9159880613,48.9221908151,49.7975367319
1521, 2026-05-29 09:50:40,1780037440,3040.0,51.1318553092,50.8416141270,55.3172017360,49.4734208305,47.7342198144
1522, 2026-05-29 09:50:42,1780037442,3042.0,51.1260210035,51.6554261259,56.8802893790,49.2498942616,48.8360947372
1523, 2026-05-29 09:50:44,1780037444,3044.0,51.1201866978,50.1648040630,54.4908811970,48.7660610396,47.2374699525
1524, 2026-05-29 09:50:46,1780037446,3046.0,51.1143523921,51.7604001237,57.3681223627,48.1884049608,49.7246730476
1525, 2026-05-29 09:50:48,1780037448,3048.0,51.1085180863,51.3563750548,56.0869274486,48.9030740942,49.0791236218
1526, 2026-05-29 09:50:50,1780037450,3050.0,51.1026837806,52.0948218816,54.4179988219,50.7746992863,51.0917675365
1527, 2026-05-29 09:50:52,1780037452,3052.0,51.0968494749,50.8360983101,57.3361610839,48.3004181632,46.8717156832
1528, 2026-05-29 09:50:54,1780037454,3054.0,51.0910151692,51.3860740068,54.1772249862,51.0142666032,48.9667304311
1529, 2026-05-29 09:50:56,1780037456,3056.0,51.0851808635,51.9659806100,55.7148821448,50.6115303076,49.5715293775
1530, 2026-05-29 09:50:58,1780037458,3058.0,51.0793465578,49.7475730973,56.0329028348,45.6864256872,47.5233907700
1531, 2026-05-29 09:51:00,1780037460,3060.0,51.0735122520,50.6924227885,54.1892177857,48.3985684233,49.4894821566
1532, 2026-05-29 09:51:02,1780037462,3062.0,51.0676779463,52.1171007386,58.4525749485,48.3485628810,49.5501643862
1533, 2026-05-29 09:51:04,1780037464,3064.0,51.0618436406,51.3099752577,54.7685734883,49.8713522511,49.2900000337
1534, 2026-05-29 09:51:06,1780037466,3066.0,51.0560093349,51.0300841083,54.2028109297,49.7115426505,49.1758987446
1535, 2026-05-29 09:51:08,1780037468,3068.0,51.0501750292,50.9975079809,54.8373940170,50.4082520156,47.7468779103
1536, 2026-05-29 09:51:10,1780037470,3070.0,51.0443407235,51.5989562842,57.3052697593,50.4517166223,47.0398824710
1537, 2026-05-29 09:51:12,1780037472,3072.0,51.0385064177,50.4192190771,56.4787183711,47.7851733761,46.9937654842
1538, 2026-05-29 09:51:14,1780037474,3074.0,51.0326721120,51.3002724817,57.1292265897,49.1384585244,47.6331323309
1539, 2026-05-29 09:51:16,1780037476,3076.0,51.0268378063,50.9038949856,56.8320317893,49.7626844845,46.1169686830
1540, 2026-05-29 09:51:18,1780037478,3078.0,51.0210035006,51.9705422590,57.0646937198,48.5420412054,50.3048918517
1541, 2026-05-29 09:51:20,1780037480,3080.0,51.0151691949,51.1455963387,57.1714439935,49.9564173806,46.3089276420
1542, 2026-05-29 09:51:22,1780037482,3082.0,51.0093348891,50.9961462296,55.9988093806,48.2289244261,48.7607048820
1543, 2026-05-29 09:51:24,1780037484,3084.0,51.0035005834,51.7961203846,57.6295755650,50.2600643960,47.4987211928
1544, 2026-05-29 09:51:26,1780037486,3086.0,50.9976662777,51.6580309717,56.3410397926,49.2379656228,49.3950874998
1545, 2026-05-29 09:51:28,1780037488,3088.0,50.9918319720,50.3944932954,56.6981927658,46.8755321184,47.6097550020
1546, 2026-05-29 09:51:30,1780037490,3090.0,50.9859976663,51.1944309946,55.8272385664,48.8603079256,48.8957464919
1547, 2026-05-29 09:51:32,1780037492,3092.0,50.9801633606,51.8186969957,56.4843437174,50.3036400942,48.6681071756
1548, 2026-05-29 09:51:34,1780037494,3094.0,50.9743290548,51.1420504800,55.6418401341,49.3236555762,48.4606557295
1549, 2026-05-29 09:51:36,1780037496,3096.0,50.9684947491,50.6198258950,54.6758070336,47.4538725021,49.7297981493
1550, 2026-05-29 09:51:38,1780037498,3098.0,50.9626604434,52.3426240855,57.4124067182,50.1447888583,49.4706766800
1551, 2026-05-29 09:51:40,1780037500,3100.0,50.9568261377,51.8681870836,56.6758043149,50.5405750120,48.3881819240
1552, 2026-05-29 09:51:42,1780037502,3102.0,50.9509918320,51.0333400642,54.9361443282,49.4494480965,48.7144277680
1553, 2026-05-29 09:51:44,1780037504,3104.0,50.9451575263,50.8626617490,54.2375435385,49.7474151393,48.6030265691
1554, 2026-05-29 09:51:46,1780037506,3106.0,50.9393232205,52.0269190723,55.6535599257,52.1773384992,48.2498587920
1555, 2026-05-29 09:51:48,1780037508,3108.0,50.9334889148,51.0487064532,57.6011403524,46.6747611189,48.8702178883
1556, 2026-05-29 09:51:50,1780037510,3110.0,50.9276546091,51.0018422856,55.6593804854,49.9037179409,47.4424284305
1557, 2026-05-29 09:51:52,1780037512,3112.0,50.9218203034,51.8115347240,56.0509499381,50.9763054754,48.4073487586
1558, 2026-05-29 09:51:54,1780037514,3114.0,50.9159859977,50.5404775959,54.6660659240,49.0002422550,47.9551246086
1559, 2026-05-29 09:51:56,1780037516,3116.0,50.9101516919,51.6125689679,56.4755082212,49.3654521358,48.9967465467
1560, 2026-05-29 09:51:58,1780037518,3118.0,50.9043173862,50.0396948514,55.2272103920,48.4369360501,46.4549381121
1561, 2026-05-29 09:52:00,1780037520,3120.0,50.8984830805,50.5895909712,54.8911778199,48.4304668161,48.4471282776
1562, 2026-05-29 09:52:02,1780037522,3122.0,50.8926487748,51.6931159634,57.0966780535,48.8088731557,49.1737966810
1563, 2026-05-29 09:52:04,1780037524,3124.0,50.8868144691,50.6665149543,55.2439496153,49.1661348583,47.5894603894
1564, 2026-05-29 09:52:06,1780037526,3126.0,50.8809801634,51.3869770339,57.2286320863,48.6470901177,48.2852088976
1565, 2026-05-29 09:52:08,1780037528,3128.0,50.8751458576,51.8155455566,57.4057895387,49.7740194125,48.2668277187
1566, 2026-05-29 09:52:10,1780037530,3130.0,50.8693115519,52.2298044933,56.3440467652,49.2986561669,51.0467105477
1567, 2026-05-29 09:52:12,1780037532,3132.0,50.8634772462,51.7409323034,55.7503587516,51.1290449088,48.3433932497
1568, 2026-05-29 09:52:14,1780037534,3134.0,50.8576429405,51.2412297593,56.6960445179,48.1061468020,48.9214979579
1569, 2026-05-29 09:52:16,1780037536,3136.0,50.8518086348,52.0318275574,57.5392293506,49.7462374143,48.8100159073
1570, 2026-05-29 09:52:18,1780037538,3138.0,50.8459743291,50.6387790826,55.3269988935,48.2234578733,48.3658804810
1571, 2026-05-29 09:52:20,1780037540,3140.0,50.8401400233,50.9551323297,55.6589455435,48.1121273957,49.0943240498
1572, 2026-05-29 09:52:22,1780037542,3142.0,50.8343057176,51.2821352381,56.0513071344,50.0323422804,47.7627562996
1573, 2026-05-29 09:52:24,1780037544,3144.0,50.8284714119,51.8866398937,56.2368591830,50.1017395380,49.3213209601
1574, 2026-05-29 09:52:26,1780037546,3146.0,50.8226371062,50.6149863696,55.2101678788,49.7327723120,46.9020189181
1575, 2026-05-29 09:52:28,1780037548,3148.0,50.8168028005,50.7929250588,53.5517392025,50.1045676534,48.7224683205
1576, 2026-05-29 09:52:30,1780037550,3150.0,50.8109684947,51.7656066576,55.7336097400,50.4516370559,49.1115731768
1577, 2026-05-29 09:52:32,1780037552,3152.0,50.8051341890,52.2871246596,56.4465351329,50.1071376521,50.3077011939
1578, 2026-05-29 09:52:34,1780037554,3154.0,50.7992998833,51.7736266971,55.9236623557,49.6487703659,49.7484473697
1579, 2026-05-29 09:52:36,1780037556,3156.0,50.7934655776,50.8641334850,56.0362481190,48.8914525164,47.6646998196
1580, 2026-05-29 09:52:38,1780037558,3158.0,50.7876312719,50.8852044080,55.4759796124,49.3514797189,47.8281538927
1581, 2026-05-29 09:52:40,1780037560,3160.0,50.7817969662,51.7390584455,56.2490070938,50.7709381378,48.1972301048
1582, 2026-05-29 09:52:42,1780037562,3162.0,50.7759626604,51.8910883193,58.5912618894,46.8376654504,50.2443376180
1583, 2026-05-29 09:52:44,1780037564,3164.0,50.7701283547,51.2069421240,55.8865145969,51.1656013703,46.5687104046
1584, 2026-05-29 09:52:46,1780037566,3166.0,50.7642940490,51.4156299806,55.5503577041,49.7339642247,48.9625680130
1585, 2026-05-29 09:52:48,1780037568,3168.0,50.7584597433,50.4729792017,54.7098230038,48.1268313219,48.5822832793
1586, 2026-05-29 09:52:50,1780037570,3170.0,50.7526254376,51.5962640263,56.8427941612,48.7804442459,49.1655536716
1587, 2026-05-29 09:52:52,1780037572,3172.0,50.7467911319,51.2562412723,56.5979045006,50.2018979035,46.9689214128
1588, 2026-05-29 09:52:54,1780037574,3174.0,50.7409568261,50.6163415934,56.2350816446,47.6473969055,47.9665462300
1589, 2026-05-29 09:52:56,1780037576,3176.0,50.7351225204,51.4272834156,55.9277862049,51.4782437676,46.8758202743
1590, 2026-05-29 09:52:58,1780037578,3178.0,50.7292882147,51.7416412229,57.0921095852,50.2719120563,47.8609020271
1591, 2026-05-29 09:53:00,1780037580,3180.0,50.7234539090,51.5279578178,55.7414998118,49.3878578049,49.4545158367
1592, 2026-05-29 09:53:02,1780037582,3182.0,50.7176196033,51.3624747150,57.2212752066,47.8038505536,49.0622983848
1593, 2026-05-29 09:53:04,1780037584,3184.0,50.7117852975,52.8907047525,57.2684351659,52.2212521334,49.1824269583
1594, 2026-05-29 09:53:06,1780037586,3186.0,50.7059509918,51.7902175494,56.7182076549,50.0892026518,48.5632423414
1595, 2026-05-29 09:53:08,1780037588,3188.0,50.7001166861,51.1179274252,56.4888577207,47.7240091010,49.1409154538
1596, 2026-05-29 09:53:10,1780037590,3190.0,50.6942823804,51.8284685636,58.0394895879,48.4346908989,49.0112252039
1597, 2026-05-29 09:53:12,1780037592,3192.0,50.6884480747,51.7059933404,57.2050540633,48.3932645810,49.5196613768
1598, 2026-05-29 09:53:14,1780037594,3194.0,50.6826137690,50.5374259038,57.2031198837,46.6304203234,47.7787375043
1599, 2026-05-29 09:53:16,1780037596,3196.0,50.6767794632,51.5161090740,56.5277156315,49.1201568474,48.9004547431
1600, 2026-05-29 09:53:18,1780037598,3198.0,50.6709451575,50.9760167635,55.6534470117,49.0191099764,48.2554933023
1601, 2026-05-29 09:53:20,1780037600,3200.0,50.6651108518,51.5259189376,56.5429036954,47.4274027630,50.6074503545
1602, 2026-05-29 09:53:22,1780037602,3202.0,50.6592765461,50.2659961650,54.9013130799,48.3436748025,47.5530006125
1603, 2026-05-29 09:53:24,1780037604,3204.0,50.6534422404,52.2496028244,56.1965410827,51.2486621634,49.3036052272
1604, 2026-05-29 09:53:26,1780037606,3206.0,50.6476079347,50.9884072206,54.3551431462,50.1135920560,48.4964864596
1605, 2026-05-29 09:53:28,1780037608,3208.0,50.6417736289,51.9251015945,58.9652186233,48.0902571980,48.7198289623
1606, 2026-05-29 09:53:30,1780037610,3210.0,50.6359393232,51.3740541486,57.4168310783,48.1166630461,48.5886683214
1607, 2026-05-29 09:53:32,1780037612,3212.0,50.6301050175,52.9266377779,57.2581132300,50.9341348208,50.5876652827
1608, 2026-05-29 09:53:34,1780037614,3214.0,50.6242707118,52.4409617824,58.7640689118,49.9984506435,48.5603657921
1609, 2026-05-29 09:53:36,1780037616,3216.0,50.6184364061,51.2001950346,56.1919995710,48.4601952699,48.9483902630
1610, 2026-05-29 09:53:38,1780037618,3218.0,50.6126021004,51.7456053182,56.5592054149,49.2436966993,49.4339138403
1611, 2026-05-29 09:53:40,1780037620,3220.0,50.6067677946,50.8997830699,56.7331979594,49.2704203763,46.6957308741
1612, 2026-05-29 09:53:42,1780037622,3222.0,50.6009334889,51.3604743060,56.4044706051,50.2294118707,47.4475404421
1613, 2026-05-29 09:53:44,1780037624,3224.0,50.5950991832,51.4540388197,57.3047261256,48.4371928396,48.6201974940
1614, 2026-05-29 09:53:46,1780037626,3226.0,50.5892648775,51.4499754072,56.1353767943,49.4454175456,48.7691318816
1615, 2026-05-29 09:53:48,1780037628,3228.0,50.5834305718,50.7093217889,55.4828924169,49.1126387268,47.5324342230
1616, 2026-05-29 09:53:50,1780037630,3230.0,50.5775962660,52.4826292351,57.3098989555,50.2978120640,49.8401766858
1617, 2026-05-29 09:53:52,1780037632,3232.0,50.5717619603,51.3403652127,55.8734400848,48.6280578698,49.5195976835
1618, 2026-05-29 09:53:54,1780037634,3234.0,50.5659276546,51.5182822632,56.9413797649,48.4157392286,49.1977277962
1619, 2026-05-29 09:53:56,1780037636,3236.0,50.5600933489,51.1578813017,56.8307531226,47.8827940895,48.7600966928
1620, 2026-05-29 09:53:58,1780037638,3238.0,50.5542590432,52.1009932900,57.0625996025,50.6142387582,48.6261415093
1621, 2026-05-29 09:54:00,1780037640,3240.0,50.5484247375,51.9612830746,57.4670884191,50.1535001797,48.2632606250
1622, 2026-05-29 09:54:02,1780037642,3242.0,50.5425904317,50.3106369837,54.5971196373,49.1423809889,47.1924103249
1623, 2026-05-29 09:54:04,1780037644,3244.0,50.5367561260,51.7033226329,56.9885095495,48.9799607084,49.1414976408
1624, 2026-05-29 09:54:06,1780037646,3246.0,50.5309218203,52.4217061053,57.0590991814,50.2764270300,49.9295921045
1625, 2026-05-29 09:54:08,1780037648,3248.0,50.5250875146,51.9969358513,55.5510117156,51.0404748308,49.3993210075
1626, 2026-05-29 09:54:10,1780037650,3250.0,50.5192532089,51.9792266097,56.7249721474,50.8263405033,48.3863671784
1627, 2026-05-29 09:54:12,1780037652,3252.0,50.5134189032,50.9554881616,55.6554478718,48.5313712628,48.6796453501
1628, 2026-05-29 09:54:14,1780037654,3254.0,50.5075845974,51.5509616294,56.2909389651,49.8292971825,48.5326487408
1629, 2026-05-29 09:54:16,1780037656,3256.0,50.5017502917,51.0779517336,56.7076084422,49.8503892157,46.6758575430
1630, 2026-05-29 09:54:18,1780037658,3258.0,50.4959159860,50.8629736530,57.3213917325,48.7547156563,46.5128135701
1631, 2026-05-29 09:54:20,1780037660,3260.0,50.4900816803,49.8789797688,53.8695916131,48.1239583931,47.6433893002
1632, 2026-05-29 09:54:22,1780037662,3262.0,50.4842473746,51.2970776027,56.6747679095,48.6608229592,48.5556419395
1633, 2026-05-29 09:54:24,1780037664,3264.0,50.4784130688,51.5175022433,57.2397916966,49.6233123776,47.6894026556
1634, 2026-05-29 09:54:26,1780037666,3266.0,50.4725787631,51.5297100926,56.6612490459,49.5588299128,48.3690513192
1635, 2026-05-29 09:54:28,1780037668,3268.0,50.4667444574,51.2055309005,56.1283551228,50.7458102648,46.7424273140
1636, 2026-05-29 09:54:30,1780037670,3270.0,50.4609101517,51.4375829407,55.7131958157,48.5318455922,50.0677074141
1637, 2026-05-29 09:54:32,1780037672,3272.0,50.4550758460,51.7431872414,54.4875345244,52.0557500725,48.6862771272
1638, 2026-05-29 09:54:34,1780037674,3274.0,50.4492415403,51.6411454988,56.7908943817,49.8016277253,48.3309143894
1639, 2026-05-29 09:54:36,1780037676,3276.0,50.4434072345,53.4659830413,58.9320609208,49.4538090595,52.0120791436
1640, 2026-05-29 09:54:38,1780037678,3278.0,50.4375729288,50.9065295465,56.0253154793,48.9471296079,47.7471435524
1641, 2026-05-29 09:54:40,1780037680,3280.0,50.4317386231,50.7728544487,55.8203982410,47.4022666116,49.0958984934
1642, 2026-05-29 09:54:42,1780037682,3282.0,50.4259043174,50.7401639896,56.1281859124,48.5191638504,47.5731422060
1643, 2026-05-29 09:54:44,1780037684,3284.0,50.4200700117,52.8758502993,58.8354902246,50.0970619933,49.6949986798
1644, 2026-05-29 09:54:46,1780037686,3286.0,50.4142357060,52.6509920198,58.2055117402,49.3957648753,50.3516994439
1645, 2026-05-29 09:54:48,1780037688,3288.0,50.4084014002,51.8634972473,56.8698608470,49.0088958730,49.7117350220
1646, 2026-05-29 09:54:50,1780037690,3290.0,50.4025670945,52.2068811069,57.7237157286,50.4821534023,48.4147741898
1647, 2026-05-29 09:54:52,1780037692,3292.0,50.3967327888,50.3168899099,54.4901397740,47.7461573553,48.7143726004
1648, 2026-05-29 09:54:54,1780037694,3294.0,50.3908984831,52.7645009019,57.8337591501,51.0638416210,49.3959019347
1649, 2026-05-29 09:54:56,1780037696,3296.0,50.3850641774,52.6989969839,58.0836949938,50.0976038581,49.9156920997
1650, 2026-05-29 09:54:58,1780037698,3298.0,50.3792298716,52.0720245277,57.4463308239,49.9438223629,48.8259203965
1651, 2026-05-29 09:55:00,1780037700,3300.0,50.3733955659,51.8717390397,57.2412422863,49.4701293329,48.9038455000
1652, 2026-05-29 09:55:02,1780037702,3302.0,50.3675612602,51.6375071483,56.4230757765,49.1004797442,49.3889659243
1653, 2026-05-29 09:55:04,1780037704,3304.0,50.3617269545,51.0832784689,55.0861124946,51.0479243447,47.1157985674
1654, 2026-05-29 09:55:06,1780037706,3306.0,50.3558926488,51.1742295621,56.3238158412,48.4851016362,48.7137712088
1655, 2026-05-29 09:55:08,1780037708,3308.0,50.3500583431,52.0081185139,58.8857098059,49.3833352152,47.7553105206
1656, 2026-05-29 09:55:10,1780037710,3310.0,50.3442240373,51.5320379767,54.9911009411,50.1085388408,49.4964741483
1657, 2026-05-29 09:55:12,1780037712,3312.0,50.3383897316,51.2299692816,56.1553115627,48.4817614482,49.0528348339
1658, 2026-05-29 09:55:14,1780037714,3314.0,50.3325554259,51.4882189215,57.3246486234,49.2460190447,47.8939890963
1659, 2026-05-29 09:55:16,1780037716,3316.0,50.3267211202,52.5588594958,55.6495534863,50.7313953763,51.2956296249
1660, 2026-05-29 09:55:18,1780037718,3318.0,50.3208868145,50.3394815570,55.9275894732,48.5894515550,46.5014036427
1661, 2026-05-29 09:55:20,1780037720,3320.0,50.3150525088,50.3623664141,52.8126682576,48.6474583367,49.6269726480
1662, 2026-05-29 09:55:22,1780037722,3322.0,50.3092182030,51.8726293199,55.6683889877,49.6577230203,50.2917759516
1663, 2026-05-29 09:55:24,1780037724,3324.0,50.3033838973,52.6282509633,58.4812486009,51.5308597326,47.8726445563
1664, 2026-05-29 09:55:26,1780037726,3326.0,50.2975495916,52.7932557360,58.5685548240,48.8982213540,50.9129910301
1665, 2026-05-29 09:55:28,1780037728,3328.0,50.2917152859,51.4058768722,55.5929515923,49.5392227959,49.0854562284
1666, 2026-05-29 09:55:30,1780037730,3330.0,50.2858809802,52.0298995555,58.0314154038,49.3214958248,48.7367874379
1667, 2026-05-29 09:55:32,1780037732,3332.0,50.2800466744,51.1683630743,56.2638423617,48.5276925533,48.7135543081
1668, 2026-05-29 09:55:34,1780037734,3334.0,50.2742123687,52.7817379447,57.5227300243,51.7165308605,49.1059529493
1669, 2026-05-29 09:55:36,1780037736,3336.0,50.2683780630,50.2605791388,55.2657833029,47.6471682281,47.8687858854
1670, 2026-05-29 09:55:38,1780037738,3338.0,50.2625437573,51.2001380866,56.1717178051,47.5953941846,49.8333022702
1671, 2026-05-29 09:55:40,1780037740,3340.0,50.2567094516,51.6724538074,57.2549448745,49.5850232878,48.1773932600
1672, 2026-05-29 09:55:42,1780037742,3342.0,50.2508751459,51.2961427277,56.7127672283,48.7514997968,48.4241611580
1673, 2026-05-29 09:55:44,1780037744,3344.0,50.2450408401,51.4364089277,55.0344225094,51.3053936026,47.9694106710
1674, 2026-05-29 09:55:46,1780037746,3346.0,50.2392065344,51.0956630634,55.4554722484,50.1682627524,47.6632541894
1675, 2026-05-29 09:55:48,1780037748,3348.0,50.2333722287,51.9882784200,57.8506353631,50.4004336083,47.7137662887
1676, 2026-05-29 09:55:50,1780037750,3350.0,50.2275379230,52.1436488704,58.9096995881,49.5259572593,47.9952897638
1677, 2026-05-29 09:55:52,1780037752,3352.0,50.2217036173,51.6642716052,56.2765513682,50.5358959984,48.1803674488
1678, 2026-05-29 09:55:54,1780037754,3354.0,50.2158693116,51.6537001798,56.2163378735,48.9016152106,49.8431474553
1679, 2026-05-29 09:55:56,1780037756,3356.0,50.2100350058,51.6020497748,56.0844406956,49.8347834893,48.8869251394
1680, 2026-05-29 09:55:58,1780037758,3358.0,50.2042007001,51.5695491367,56.9410238785,49.4470581954,48.3205653362
1681, 2026-05-29 09:56:00,1780037760,3360.0,50.1983663944,52.3507566489,57.6079138744,50.7791384416,48.6652176306
1682, 2026-05-29 09:56:02,1780037762,3362.0,50.1925320887,50.7129746692,56.5733872849,47.5364481523,48.0290885704
1683, 2026-05-29 09:56:04,1780037764,3364.0,50.1866977830,50.2861937558,54.6681790358,47.9404722401,48.2499299916
1684, 2026-05-29 09:56:06,1780037766,3366.0,50.1808634772,51.9250489047,57.8129816959,48.8415304029,49.1206346152
1685, 2026-05-29 09:56:08,1780037768,3368.0,50.1750291715,52.9117760093,56.8333517218,51.0588785540,50.8430977522
1686, 2026-05-29 09:56:10,1780037770,3370.0,50.1691948658,52.3296905548,56.4833399461,49.8411674842,50.6645642340
1687, 2026-05-29 09:56:12,1780037772,3372.0,50.1633605601,50.7758110146,56.6123292461,48.9908481871,46.7242556106
1688, 2026-05-29 09:56:14,1780037774,3374.0,50.1575262544,52.1017553127,56.7700194113,49.2932536414,50.2419928854
1689, 2026-05-29 09:56:16,1780037776,3376.0,50.1516919487,51.8126655345,55.2970942418,49.6634019296,50.4775004320
1690, 2026-05-29 09:56:18,1780037778,3378.0,50.1458576429,51.8256637850,57.1784957442,49.1865550714,49.1119405393
1691, 2026-05-29 09:56:20,1780037780,3380.0,50.1400233372,52.7674328748,60.0126196117,49.9695850627,48.3200939499
1692, 2026-05-29 09:56:22,1780037782,3382.0,50.1341890315,51.3776024822,56.3670775169,48.7014476285,49.0642823013
1693, 2026-05-29 09:56:24,1780037784,3384.0,50.1283547258,51.8834466948,55.2917080693,51.2197115114,49.1389205038
1694, 2026-05-29 09:56:26,1780037786,3386.0,50.1225204201,52.1151236268,57.7997988813,48.4934228582,50.0521491409
1695, 2026-05-29 09:56:28,1780037788,3388.0,50.1166861144,52.0834699175,57.2572983813,51.4066110659,47.5865003053
1696, 2026-05-29 09:56:30,1780037790,3390.0,50.1108518086,51.4163558160,56.1166935600,50.1836720634,47.9487018247
1697, 2026-05-29 09:56:32,1780037792,3392.0,50.1050175029,52.3210145289,57.1504227481,50.3640291760,49.4485916627
1698, 2026-05-29 09:56:34,1780037794,3394.0,50.0991831972,52.0986967978,56.6342069689,51.4603257186,48.2015577058
1699, 2026-05-29 09:56:36,1780037796,3396.0,50.0933488915,52.7273409245,56.8120163628,50.1648753095,51.2051311011
1700, 2026-05-29 09:56:38,1780037798,3398.0,50.0875145858,52.9608514458,58.4683668813,51.1968265113,49.2173609446
1701, 2026-05-29 09:56:40,1780037800,3400.0,50.0816802800,51.9124305538,56.6303373573,50.8426243493,48.2643299547
1702, 2026-05-29 09:56:42,1780037802,3402.0,50.0758459743,51.3034092215,55.0434209884,50.7746375593,48.0921691167
1703, 2026-05-29 09:56:44,1780037804,3404.0,50.0700116686,51.4243180003,56.6326251444,49.3670671875,48.2732616690
1704, 2026-05-29 09:56:46,1780037806,3406.0,50.0641773629,53.5401275612,58.7453448711,51.5807218178,50.2943159948
1705, 2026-05-29 09:56:48,1780037808,3408.0,50.0583430572,51.0217458254,55.3593051701,48.5144456050,49.1914867012
1706, 2026-05-29 09:56:50,1780037810,3410.0,50.0525087515,51.7588944741,57.2245137001,48.6222793555,49.4298903666
1707, 2026-05-29 09:56:52,1780037812,3412.0,50.0466744457,52.4220084151,56.6566986976,49.7983681229,50.8109584248
1708, 2026-05-29 09:56:54,1780037814,3414.0,50.0408401400,51.6828526838,58.0507214507,48.0043424073,48.9934941933
1709, 2026-05-29 09:56:56,1780037816,3416.0,50.0350058343,51.8993466673,56.9705153552,49.6030795456,49.1244451010
1710, 2026-05-29 09:56:58,1780037818,3418.0,50.0291715286,52.1456779069,58.3708483111,47.9543345586,50.1118508509
1711, 2026-05-29 09:57:00,1780037820,3420.0,50.0233372229,52.3948757405,56.7605752858,50.7455973190,49.6784546168
1712, 2026-05-29 09:57:02,1780037822,3422.0,50.0175029172,53.1275285233,56.9042587333,50.9545415596,51.5237852770
1713, 2026-05-29 09:57:04,1780037824,3424.0,50.0116686114,51.9060494403,57.7742711855,49.7341859611,48.2096911743
1714, 2026-05-29 09:57:06,1780037826,3426.0,50.0058343057,51.9684536663,55.8027219864,50.7692176387,49.3334213737
1715, 2026-05-29 09:57:08,1780037828,3428.0,50.0000000000,51.2702006789,55.6862136926,48.9633593965,49.1610289474
1716, 2026-05-29 09:57:10,1780037830,3430.0,49.9941656943,52.5766213160,57.9685229826,51.3391631444,48.4221778209
1717, 2026-05-29 09:57:12,1780037832,3432.0,49.9883313886,51.1331495099,55.6623577005,49.3377829628,48.3993078664
1718, 2026-05-29 09:57:14,1780037834,3434.0,49.9824970828,52.4600658749,57.7961164570,50.7223965906,48.8616845772
1719, 2026-05-29 09:57:16,1780037836,3436.0,49.9766627771,51.6701809161,57.1845210491,49.1261831268,48.6998385724
1720, 2026-05-29 09:57:18,1780037838,3438.0,49.9708284714,52.5495106406,58.2936855397,51.8310267520,47.5238196300
1721, 2026-05-29 09:57:20,1780037840,3440.0,49.9649941657,52.3863026940,56.7355989327,49.8901203394,50.5331888100
1722, 2026-05-29 09:57:22,1780037842,3442.0,49.9591598600,52.5674395786,56.8585754629,52.0375921543,48.8061511186
1723, 2026-05-29 09:57:24,1780037844,3444.0,49.9533255543,52.3754222510,57.8480559029,49.8134229118,49.4647879383
1724, 2026-05-29 09:57:26,1780037846,3446.0,49.9474912485,52.1005123223,58.3683881699,47.9850148727,49.9481339242
1725, 2026-05-29 09:57:28,1780037848,3448.0,49.9416569428,51.4258527584,54.3537962762,49.5421304539,50.3816315450
1726, 2026-05-29 09:57:30,1780037850,3450.0,49.9358226371,52.3356423523,59.1420612015,48.2774503560,49.5874154994
1727, 2026-05-29 09:57:32,1780037852,3452.0,49.9299883314,51.6387537091,58.0054453279,48.6143796492,48.2964361502
1728, 2026-05-29 09:57:34,1780037854,3454.0,49.9241540257,51.8352651738,56.9444250286,50.7707728746,47.7905976182
1729, 2026-05-29 09:57:36,1780037856,3456.0,49.9183197200,51.0416661665,57.2045781183,49.1471589228,46.7732614585
1730, 2026-05-29 09:57:38,1780037858,3458.0,49.9124854142,51.1283252533,54.3326594353,48.4247585259,50.6275577988
1731, 2026-05-29 09:57:40,1780037860,3460.0,49.9066511085,51.8382699972,57.3264327733,49.5594073821,48.6289698362
1732, 2026-05-29 09:57:42,1780037862,3462.0,49.9008168028,51.6233642769,57.3231975327,49.5518873107,47.9950079872
1733, 2026-05-29 09:57:44,1780037864,3464.0,49.8949824971,50.9821408613,55.1629548210,49.3701104543,48.4133573086
1734, 2026-05-29 09:57:46,1780037866,3466.0,49.8891481914,51.5808068879,57.0412533519,48.3376018485,49.3635654634
1735, 2026-05-29 09:57:48,1780037868,3468.0,49.8833138856,52.7121391914,58.0691659563,51.4132444807,48.6540071373
1736, 2026-05-29 09:57:50,1780037870,3470.0,49.8774795799,52.2584175917,57.6454334384,49.9329882091,49.1968311274
1737, 2026-05-29 09:57:52,1780037872,3472.0,49.8716452742,51.7929118006,57.9698264162,49.6877142926,47.7211946931
1738, 2026-05-29 09:57:54,1780037874,3474.0,49.8658109685,51.5051131879,57.1754057444,48.5938694526,48.7460643665
1739, 2026-05-29 09:57:56,1780037876,3476.0,49.8599766628,50.8632228438,55.4384354461,49.1137458614,48.0374872238
1740, 2026-05-29 09:57:58,1780037878,3478.0,49.8541423571,51.8565213569,56.5322485522,49.9525033361,49.0848121824
1741, 2026-05-29 09:58:00,1780037880,3480.0,49.8483080513,52.1153009576,57.3909893535,48.6414476380,50.3134658813
1742, 2026-05-29 09:58:02,1780037882,3482.0,49.8424737456,51.6844319662,57.9016981136,49.9718412042,47.1797565807
1743, 2026-05-29 09:58:04,1780037884,3484.0,49.8366394399,52.0193376325,57.7217371601,49.6633226600,48.6729530775
1744, 2026-05-29 09:58:06,1780037886,3486.0,49.8308051342,52.2275447363,58.0056465058,49.0410966532,49.6358910500
1745, 2026-05-29 09:58:08,1780037888,3488.0,49.8249708285,51.7958979267,56.6939678717,48.7169390572,49.9767868513
1746, 2026-05-29 09:58:10,1780037890,3490.0,49.8191365228,52.3615999967,58.0056269280,51.5272248925,47.5519481695
1747, 2026-05-29 09:58:12,1780037892,3492.0,49.8133022170,52.6443472601,57.9041147010,49.3260649578,50.7028621214
1748, 2026-05-29 09:58:14,1780037894,3494.0,49.8074679113,51.7938170384,57.1041305963,50.6464915853,47.6308289335
1749, 2026-05-29 09:58:16,1780037896,3496.0,49.8016336056,52.2003472578,57.3088356119,49.8792004925,49.4130056691
1750, 2026-05-29 09:58:18,1780037898,3498.0,49.7957992999,52.4780407992,54.9536349781,52.2615338077,50.2189536117
1751, 2026-05-29 09:58:20,1780037900,3500.0,49.7899649942,51.8186447270,55.6613558940,49.0669188126,50.7276594745
1752, 2026-05-29 09:58:22,1780037902,3502.0,49.7841306884,52.7188304654,56.5274291506,51.4145427318,50.2145195139
1753, 2026-05-29 09:58:24,1780037904,3504.0,49.7782963827,53.2580840261,57.7660414630,50.6413492234,51.3668613918
1754, 2026-05-29 09:58:26,1780037906,3506.0,49.7724620770,52.8824834945,56.3971271821,52.0321589642,50.2181643373
1755, 2026-05-29 09:58:28,1780037908,3508.0,49.7666277713,52.2567955951,56.9785377716,50.6128326444,49.1790163693
1756, 2026-05-29 09:58:30,1780037910,3510.0,49.7607934656,52.0925560432,56.9851247381,49.6782948297,49.6142485617
1757, 2026-05-29 09:58:32,1780037912,3512.0,49.7549591599,52.1839978432,57.2047638567,50.2605024802,49.0867271927
1758, 2026-05-29 09:58:34,1780037914,3514.0,49.7491248541,52.5112703663,58.8327749337,49.8204160936,48.8806200715
1759, 2026-05-29 09:58:36,1780037916,3516.0,49.7432905484,52.1571208851,56.9357738818,49.6944833711,49.8411054025
1760, 2026-05-29 09:58:38,1780037918,3518.0,49.7374562427,52.3545632596,56.0436544181,49.8788692940,51.1411660667
1761, 2026-05-29 09:58:40,1780037920,3520.0,49.7316219370,51.1978900373,56.7240443480,49.3838335833,47.4857921806
1762, 2026-05-29 09:58:42,1780037922,3522.0,49.7257876313,52.2005188938,57.2635618862,50.5918059463,48.7461888490
1763, 2026-05-29 09:58:44,1780037924,3524.0,49.7199533256,52.0942878802,57.1742162343,49.1562107929,49.9524366135
1764, 2026-05-29 09:58:46,1780037926,3526.0,49.7141190198,52.2788748241,58.7935108930,50.7700204454,47.2730931340
1765, 2026-05-29 09:58:48,1780037928,3528.0,49.7082847141,51.8061951267,56.5524430541,50.2640374460,48.6021048800
1766, 2026-05-29 09:58:50,1780037930,3530.0,49.7024504084,51.6967797581,57.8431991873,49.3232702122,47.9238698748
1767, 2026-05-29 09:58:52,1780037932,3532.0,49.6966161027,50.8886494188,55.2744588013,49.1810043626,48.2104850925
1768, 2026-05-29 09:58:54,1780037934,3534.0,49.6907817970,51.1391036040,58.2931203539,48.6861372584,46.4380531997
1769, 2026-05-29 09:58:56,1780037936,3536.0,49.6849474912,51.8654082766,56.5490413746,50.4106816541,48.6365018012
1770, 2026-05-29 09:58:58,1780037938,3538.0,49.6791131855,52.6673773002,56.9480826871,50.5898806432,50.4641685702
1771, 2026-05-29 09:59:00,1780037940,3540.0,49.6732788798,52.1539904213,58.1169352467,50.2339634693,48.1110725477
1772, 2026-05-29 09:59:02,1780037942,3542.0,49.6674445741,51.8451341937,55.5453202936,50.6752165498,49.3148657376
1773, 2026-05-29 09:59:04,1780037944,3544.0,49.6616102684,51.5954154160,55.2669807893,52.0168359863,47.5024294724
1774, 2026-05-29 09:59:06,1780037946,3546.0,49.6557759627,52.4585459795,58.3568629507,47.9454694578,51.0733055301
1775, 2026-05-29 09:59:08,1780037948,3548.0,49.6499416569,51.6911539631,57.6534975723,48.5756592207,48.8443050963
1776, 2026-05-29 09:59:10,1780037950,3550.0,49.6441073512,52.6703858795,59.2199814491,49.4295038454,49.3616723440
1777, 2026-05-29 09:59:12,1780037952,3552.0,49.6382730455,52.3770100086,56.8134023354,50.4736363474,49.8439913430
1778, 2026-05-29 09:59:14,1780037954,3554.0,49.6324387398,52.0366151641,57.2725061629,48.8104661667,50.0268731627
1779, 2026-05-29 09:59:16,1780037956,3556.0,49.6266044341,52.7480764057,58.2667046819,52.0033483494,47.9741761860
1780, 2026-05-29 09:59:18,1780037958,3558.0,49.6207701284,50.8655479357,55.6519788939,49.2682364631,47.6764284502
1781, 2026-05-29 09:59:20,1780037960,3560.0,49.6149358226,51.0528402038,55.6163876047,48.6510830795,48.8910499270
1782, 2026-05-29 09:59:22,1780037962,3562.0,49.6091015169,51.8830795750,57.7937323438,49.2464631080,48.6090432732
1783, 2026-05-29 09:59:24,1780037964,3564.0,49.6032672112,52.1061094518,57.7538092843,50.6077828462,47.9567362247
1784, 2026-05-29 09:59:26,1780037966,3566.0,49.5974329055,53.0588776613,60.8438467031,49.8321868229,48.5005994577
1785, 2026-05-29 09:59:28,1780037968,3568.0,49.5915985998,52.2829170809,57.1471461625,51.3593000668,48.3423050132
1786, 2026-05-29 09:59:30,1780037970,3570.0,49.5857642940,52.2651516221,56.9677550522,49.7792972069,50.0484026072
1787, 2026-05-29 09:59:32,1780037972,3572.0,49.5799299883,51.3500301559,56.9692584051,48.8152646975,48.2655673652
1788, 2026-05-29 09:59:34,1780037974,3574.0,49.5740956826,52.8081633223,58.6787882665,50.2146055535,49.5310961469
1789, 2026-05-29 09:59:36,1780037976,3576.0,49.5682613769,51.7658911551,57.3644362003,48.1282120035,49.8050252614
1790, 2026-05-29 09:59:38,1780037978,3578.0,49.5624270712,52.1871877561,56.6079475736,49.6454514029,50.3081642918
1791, 2026-05-29 09:59:40,1780037980,3580.0,49.5565927655,51.4336605877,56.2139141320,49.9691296892,48.1179379420
1792, 2026-05-29 09:59:42,1780037982,3582.0,49.5507584597,52.6570872924,57.4140280386,50.9232517927,49.6339820459
1793, 2026-05-29 09:59:44,1780037984,3584.0,49.5449241540,52.1755477824,56.8690938171,50.9723586745,48.6851908557
1794, 2026-05-29 09:59:46,1780037986,3586.0,49.5390898483,52.3521484156,57.5146609548,49.2759224268,50.2658618652
1795, 2026-05-29 09:59:48,1780037988,3588.0,49.5332555426,50.9605196037,55.4600161534,48.8150469084,48.6064957493
1796, 2026-05-29 09:59:50,1780037990,3590.0,49.5274212369,52.1088415845,58.0510058488,49.6715583661,48.6039605387
1797, 2026-05-29 09:59:52,1780037992,3592.0,49.5215869312,51.6158370861,56.6527873355,48.4299550513,49.7647688716
1798, 2026-05-29 09:59:54,1780037994,3594.0,49.5157526254,52.0155423217,58.2369860359,50.5311027650,47.2785381643
1799, 2026-05-29 09:59:56,1780037996,3596.0,49.5099183197,52.4257920583,58.6571706018,50.3602518217,48.2599537515
1800, 2026-05-29 09:59:58,1780037998,3598.0,49.5040840140,52.7187267450,58.5358707438,50.4759910971,49.1443183940
1801, 2026-05-29 10:00:00,1780038000,3600.0,49.4982497083,52.1326722640,55.7079046440,51.3831133185,49.3069988294
1802, 2026-05-29 10:00:02,1780038002,3602.0,49.4924154026,51.5359891618,56.9586059539,47.6593167968,49.9900447347
1803, 2026-05-29 10:00:04,1780038004,3604.0,49.4865810968,51.7948311535,57.4934451999,49.7996890851,48.0913591755
1804, 2026-05-29 10:00:06,1780038006,3606.0,49.4807467911,52.3287530610,58.2073555814,49.8432423101,48.9356612916
1805, 2026-05-29 10:00:08,1780038008,3608.0,49.4749124854,51.8283101609,57.0122256146,49.8380297890,48.6346750790
1806, 2026-05-29 10:00:10,1780038010,3610.0,49.4690781797,51.7486625434,57.2107006194,49.8626265201,48.1726604908
1807, 2026-05-29 10:00:12,1780038012,3612.0,49.4632438740,51.2399745570,55.0609285469,48.9563147090,49.7026804152
1808, 2026-05-29 10:00:14,1780038014,3614.0,49.4574095683,51.7947701036,57.9886298435,47.8811008991,49.5145795682
1809, 2026-05-29 10:00:16,1780038016,3616.0,49.4515752625,52.7601249611,57.6621548772,50.7306692691,49.8875507369
1810, 2026-05-29 10:00:18,1780038018,3618.0,49.4457409568,52.5601804285,57.8731657564,49.6095284938,50.1978470353
1811, 2026-05-29 10:00:20,1780038020,3620.0,49.4399066511,52.1773454302,57.9490624941,50.0465279281,48.5364458683
1812, 2026-05-29 10:00:22,1780038022,3622.0,49.4340723454,51.9939442225,59.2176419205,47.5798592839,49.1843314632
1813, 2026-05-29 10:00:24,1780038024,3624.0,49.4282380397,51.6628680593,56.7057898477,49.4387667620,48.8440475683
1814, 2026-05-29 10:00:26,1780038026,3626.0,49.4224037340,51.4106750823,56.7806023799,48.8493660734,48.6020567936
1815, 2026-05-29 10:00:28,1780038028,3628.0,49.4165694282,51.8647521225,57.2301559294,48.1788964968,50.1852039412
1816, 2026-05-29 10:00:30,1780038030,3630.0,49.4107351225,52.1198387012,56.8550304344,50.1462076948,49.3582779744
1817, 2026-05-29 10:00:32,1780038032,3632.0,49.4049008168,52.2182957950,57.5315732783,49.4913595583,49.6319545484
1818, 2026-05-29 10:00:34,1780038034,3634.0,49.3990665111,52.1132523540,55.6789938508,50.7371845235,49.9235786876
1819, 2026-05-29 10:00:36,1780038036,3636.0,49.3932322054,52.3724570236,58.2874867147,49.1446782603,49.6852060959
1820, 2026-05-29 10:00:38,1780038038,3638.0,49.3873978996,52.3742365375,57.0100818711,48.7287326930,51.3838950483
1821, 2026-05-29 10:00:40,1780038040,3640.0,49.3815635939,52.2835273724,56.3747649555,52.1188316475,48.3569855142
1822, 2026-05-29 10:00:42,1780038042,3642.0,49.3757292882,52.9029258097,58.5550942504,48.4689237834,51.6847593952
1823, 2026-05-29 10:00:44,1780038044,3644.0,49.3698949825,52.6494605335,57.8619343173,50.9685078659,49.1179394172
1824, 2026-05-29 10:00:46,1780038046,3646.0,49.3640606768,52.0310243343,56.1398306240,51.3267138775,48.6265285015
1825, 2026-05-29 10:00:48,1780038048,3648.0,49.3582263711,52.1783976804,57.8546459290,50.8265853999,47.8539617124
1826, 2026-05-29 10:00:50,1780038050,3650.0,49.3523920653,52.2421782176,57.0057329429,49.8286263700,49.8921753399
1827, 2026-05-29 10:00:52,1780038052,3652.0,49.3465577596,52.3000132358,58.5756163571,50.4039944878,47.9204288625
1828, 2026-05-29 10:00:54,1780038054,3654.0,49.3407234539,52.9681208181,56.1826269570,51.4176014257,51.3041340716
1829, 2026-05-29 10:00:56,1780038056,3656.0,49.3348891482,53.0072744431,58.5657684678,50.8160408296,49.6400140320
1830, 2026-05-29 10:00:58,1780038058,3658.0,49.3290548425,52.0053689188,57.5262326209,50.3911150333,48.0987591021
1831, 2026-05-29 10:01:00,1780038060,3660.0,49.3232205368,52.4863244454,57.9843136677,50.5023430078,48.9723166605
1832, 2026-05-29 10:01:02,1780038062,3662.0,49.3173862310,52.1892025195,55.8741460466,51.0348482258,49.6586132862
1833, 2026-05-29 10:01:04,1780038064,3664.0,49.3115519253,51.5321812547,55.1632663567,49.5328590803,49.9004183272
1834, 2026-05-29 10:01:06,1780038066,3666.0,49.3057176196,52.2784805406,56.3638466345,51.5543796831,48.9172153043
1835, 2026-05-29 10:01:08,1780038068,3668.0,49.2998833139,53.0103640206,57.5527774405,51.9149048105,49.5634098108
1836, 2026-05-29 10:01:10,1780038070,3670.0,49.2940490082,51.9480450015,56.7138967420,49.8743562260,49.2558820366
1837, 2026-05-29 10:01:12,1780038072,3672.0,49.2882147025,52.4995279451,58.1166161187,50.8085453842,48.5734223323
1838, 2026-05-29 10:01:14,1780038074,3674.0,49.2823803967,52.9103749600,58.4816024546,51.7194199516,48.5301024738
1839, 2026-05-29 10:01:16,1780038076,3676.0,49.2765460910,52.2618143803,56.8428607487,50.3033216666,49.6392607256
1840, 2026-05-29 10:01:18,1780038078,3678.0,49.2707117853,51.9482506339,57.6254836207,49.1413496641,49.0779186168
1841, 2026-05-29 10:01:20,1780038080,3680.0,49.2648774796,52.0007590791,58.6708591520,49.6549563784,47.6764617069
1842, 2026-05-29 10:01:22,1780038082,3682.0,49.2590431739,52.7245672365,57.0018593512,51.7421918399,49.4296505184
1843, 2026-05-29 10:01:24,1780038084,3684.0,49.2532088681,53.1339426209,57.8320791443,50.2470142441,51.3227344743
1844, 2026-05-29 10:01:26,1780038086,3686.0,49.2473745624,52.3315153854,57.5942659683,49.8620229717,49.5382572162
1845, 2026-05-29 10:01:28,1780038088,3688.0,49.2415402567,52.0125400436,57.8202787706,49.7338876868,48.4834536733
1846, 2026-05-29 10:01:30,1780038090,3690.0,49.2357059510,51.8000635342,57.5032352309,50.5901058907,47.3068494811
1847, 2026-05-29 10:01:32,1780038092,3692.0,49.2298716453,52.1411355690,57.7172232049,50.0581262035,48.6480572985
1848, 2026-05-29 10:01:34,1780038094,3694.0,49.2240373396,52.7041396789,57.1390847653,50.9925022456,49.9808320257
1849, 2026-05-29 10:01:36,1780038096,3696.0,49.2182030338,51.8116044336,55.8876402427,49.9249446679,49.6222283901
1850, 2026-05-29 10:01:38,1780038098,3698.0,49.2123687281,51.9575792551,56.9119881514,49.2424103503,49.7183392638
1851, 2026-05-29 10:01:40,1780038100,3700.0,49.2065344224,52.3415795263,58.2041842968,50.3046385361,48.5159157461
1852, 2026-05-29 10:01:42,1780038102,3702.0,49.2007001167,51.5120955884,56.2049425890,49.8729621036,48.4583820726
1853, 2026-05-29 10:01:44,1780038104,3704.0,49.1948658110,52.4892432811,57.2982369665,50.3855553556,49.7839375213
1854, 2026-05-29 10:01:46,1780038106,3706.0,49.1890315053,52.4187537885,59.5995708593,48.2771849938,49.3795055125
1855, 2026-05-29 10:01:48,1780038108,3708.0,49.1831971995,52.3573204813,56.7115597356,51.2957361564,49.0646655520
1856, 2026-05-29 10:01:50,1780038110,3710.0,49.1773628938,52.6555567677,57.8421501895,48.7621318112,51.3623883024
1857, 2026-05-29 10:01:52,1780038112,3712.0,49.1715285881,51.4001071745,56.4576001260,48.1860542512,49.5566671464
1858, 2026-05-29 10:01:54,1780038114,3714.0,49.1656942824,51.4273830129,56.4950812768,50.4561159005,47.3309518614
1859, 2026-05-29 10:01:56,1780038116,3716.0,49.1598599767,52.3476725778,54.7882536879,51.8473088669,50.4074551786
1860, 2026-05-29 10:01:58,1780038118,3718.0,49.1540256709,53.0523915153,57.4600507257,51.3753831689,50.3217406513
1861, 2026-05-29 10:02:00,1780038120,3720.0,49.1481913652,52.9210637798,59.4612299206,51.3807564488,47.9212049699
1862, 2026-05-29 10:02:02,1780038122,3722.0,49.1423570595,53.4626953602,59.4455752668,50.7429716058,50.1995392079
1863, 2026-05-29 10:02:04,1780038124,3724.0,49.1365227538,51.9300134881,55.8308287313,49.5969918449,50.3622198881
1864, 2026-05-29 10:02:06,1780038126,3726.0,49.1306884481,52.2790651158,58.2736312749,49.6544795637,48.9090845087
1865, 2026-05-29 10:02:08,1780038128,3728.0,49.1248541424,52.4788564973,56.3882359625,51.0130237750,50.0353097544
1866, 2026-05-29 10:02:10,1780038130,3730.0,49.1190198366,51.5794330067,56.2122381953,49.5702439237,48.9558169011
1867, 2026-05-29 10:02:12,1780038132,3732.0,49.1131855309,52.0143060961,57.1969043297,48.7770505987,50.0689633598
1868, 2026-05-29 10:02:14,1780038134,3734.0,49.1073512252,51.1287142826,57.8919241776,48.0062225923,47.4879960780
1869, 2026-05-29 10:02:16,1780038136,3736.0,49.1015169195,53.5478825519,59.2317002540,50.7493642942,50.6625831076
1870, 2026-05-29 10:02:18,1780038138,3738.0,49.0956826138,51.7673870861,57.1555359690,50.7407561939,47.4058690955
1871, 2026-05-29 10:02:20,1780038140,3740.0,49.0898483081,52.9882408217,59.2173798713,51.4335756263,48.3137669675
1872, 2026-05-29 10:02:22,1780038142,3742.0,49.0840140023,52.5595396881,57.0921530345,50.9338157200,49.6526503099
1873, 2026-05-29 10:02:24,1780038144,3744.0,49.0781796966,52.4923613684,57.8208503827,51.2487306842,48.4075030382
1874, 2026-05-29 10:02:26,1780038146,3746.0,49.0723453909,52.1113260786,57.1892965262,49.3387150923,49.8059666174
1875, 2026-05-29 10:02:28,1780038148,3748.0,49.0665110852,52.7118299083,58.4257504997,50.5309656655,49.1787735595
1876, 2026-05-29 10:02:30,1780038150,3750.0,49.0606767795,53.0655936187,57.2388711156,49.7501388702,52.2077708702
1877, 2026-05-29 10:02:32,1780038152,3752.0,49.0548424737,52.3215288012,57.8202417318,48.6268624631,50.5174822088
1878, 2026-05-29 10:02:34,1780038154,3754.0,49.0490081680,52.1381891958,57.5679945567,50.3653933644,48.4811796662
1879, 2026-05-29 10:02:36,1780038156,3756.0,49.0431738623,51.7592472101,57.7054053367,49.5563522038,48.0159840897
1880, 2026-05-29 10:02:38,1780038158,3758.0,49.0373395566,53.0942018203,58.0654532460,50.3238909279,50.8932612870
1881, 2026-05-29 10:02:40,1780038160,3760.0,49.0315052509,52.9531090821,57.2023516821,50.5767993358,51.0801762284
1882, 2026-05-29 10:02:42,1780038162,3762.0,49.0256709452,53.8304664219,59.4462946450,51.7725832808,50.2725213399
1883, 2026-05-29 10:02:44,1780038164,3764.0,49.0198366394,51.6501945008,56.4735255865,50.3244810361,48.1525768798
1884, 2026-05-29 10:02:46,1780038166,3766.0,49.0140023337,51.8461075730,56.4678284346,50.2268927107,48.8436015737
1885, 2026-05-29 10:02:48,1780038168,3768.0,49.0081680280,51.7796149065,57.5066626726,48.7326444627,49.0995375843
1886, 2026-05-29 10:02:50,1780038170,3770.0,49.0023337223,51.8710567089,56.1934024600,51.6909943731,47.7287732934
1887, 2026-05-29 10:02:52,1780038172,3772.0,48.9964994166,52.9552643217,58.7601751219,50.1532685586,49.9523492846
1888, 2026-05-29 10:02:54,1780038174,3774.0,48.9906651109,51.8440870391,55.5968984132,50.0829979451,49.8523647590
1889, 2026-05-29 10:02:56,1780038176,3776.0,48.9848308051,52.5835987054,57.7681600611,49.0530914573,50.9295445976
1890, 2026-05-29 10:02:58,1780038178,3778.0,48.9789964994,52.8941096382,58.7360459716,51.4054484382,48.5408345048
1891, 2026-05-29 10:03:00,1780038180,3780.0,48.9731621937,52.9928306287,58.1364094870,50.4765053652,50.3655770341
1892, 2026-05-29 10:03:02,1780038182,3782.0,48.9673278880,51.8209048923,56.2183040090,49.3142606527,49.9301500153
1893, 2026-05-29 10:03:04,1780038184,3784.0,48.9614935823,52.7568263422,57.7796791686,50.0844930278,50.4063068302
1894, 2026-05-29 10:03:06,1780038186,3786.0,48.9556592765,52.2936939577,56.7954989841,49.8486277979,50.2369550912
1895, 2026-05-29 10:03:08,1780038188,3788.0,48.9498249708,53.0635252232,57.5821615691,51.0194328017,50.5889812988
1896, 2026-05-29 10:03:10,1780038190,3790.0,48.9439906651,52.2885736249,59.1857042887,50.2274422486,47.4525743374
1897, 2026-05-29 10:03:12,1780038192,3792.0,48.9381563594,53.2333103576,57.5593602518,52.3777574974,49.7628133236
1898, 2026-05-29 10:03:14,1780038194,3794.0,48.9323220537,53.0744442952,58.9856542879,50.3345616003,49.9031169974
1899, 2026-05-29 10:03:16,1780038196,3796.0,48.9264877480,52.0896159761,55.9827326088,49.1489164560,51.1371988636
1900, 2026-05-29 10:03:18,1780038198,3798.0,48.9206534422,53.2065106744,58.9399803592,49.4014694488,51.2780822153
1901, 2026-05-29 10:03:20,1780038200,3800.0,48.9148191365,53.2766831069,56.8928835245,52.2966918887,50.6404739074
1902, 2026-05-29 10:03:22,1780038202,3802.0,48.9089848308,51.8653837638,57.6357661954,49.5139613349,48.4464237609
1903, 2026-05-29 10:03:24,1780038204,3804.0,48.9031505251,52.1204524516,57.9721281944,48.7308265947,49.6584025657
1904, 2026-05-29 10:03:26,1780038206,3806.0,48.8973162194,52.4371156073,55.1322026817,51.4288902268,50.7502539133
1905, 2026-05-29 10:03:28,1780038208,3808.0,48.8914819137,52.2137478716,56.4841898463,51.6386034170,48.5184503516
1906, 2026-05-29 10:03:30,1780038210,3810.0,48.8856476079,53.4207337846,58.9971144770,52.6264270369,48.6386598398
1907, 2026-05-29 10:03:32,1780038212,3812.0,48.8798133022,52.9271140995,59.1323595916,50.6059588063,49.0430239005
1908, 2026-05-29 10:03:34,1780038214,3814.0,48.8739789965,51.9598415157,56.2557350103,50.1770989424,49.4466905943
1909, 2026-05-29 10:03:36,1780038216,3816.0,48.8681446908,52.8273393598,56.7126175333,51.7763956857,49.9930048604
1910, 2026-05-29 10:03:38,1780038218,3818.0,48.8623103851,52.6636245360,58.3530822390,51.1543503248,48.4834410443
1911, 2026-05-29 10:03:40,1780038220,3820.0,48.8564760793,52.0999003820,55.8356949618,49.7056576564,50.7583485279
1912, 2026-05-29 10:03:42,1780038222,3822.0,48.8506417736,51.8541329095,56.0787901775,50.4767101890,49.0068983621
1913, 2026-05-29 10:03:44,1780038224,3824.0,48.8448074679,51.8772771695,56.2456885637,50.4687145370,48.9174284079
1914, 2026-05-29 10:03:46,1780038226,3826.0,48.8389731622,53.5869321058,59.8351325482,51.4546796267,49.4709841426
1915, 2026-05-29 10:03:48,1780038228,3828.0,48.8331388565,53.8720357595,57.8864434871,51.8210249892,51.9086388022
1916, 2026-05-29 10:03:50,1780038230,3830.0,48.8273045508,52.1209168501,57.9112244529,50.4314820277,48.0200440696
1917, 2026-05-29 10:03:52,1780038232,3832.0,48.8214702450,52.6005357988,57.9727419560,50.3505035953,49.4783618451
1918, 2026-05-29 10:03:54,1780038234,3834.0,48.8156359393,52.3780108519,58.6254903608,48.9711295422,49.5374126526
1919, 2026-05-29 10:03:56,1780038236,3836.0,48.8098016336,52.7552011486,57.4617280231,50.4271937599,50.3766816628
1920, 2026-05-29 10:03:58,1780038238,3838.0,48.8039673279,52.6039783985,57.6727916926,50.8320209393,49.3071225635
1921, 2026-05-29 10:04:00,1780038240,3840.0,48.7981330222,52.4968528349,58.4638648904,49.2183180411,49.8083755733
1922, 2026-05-29 10:04:02,1780038242,3842.0,48.7922987165,53.5368648977,57.1147659523,51.9529558050,51.5428729359
1923, 2026-05-29 10:04:04,1780038244,3844.0,48.7864644107,54.0671283074,59.7539067489,51.4395516228,51.0079265506
1924, 2026-05-29 10:04:06,1780038246,3846.0,48.7806301050,52.8489232516,59.4140753438,49.6627957838,49.4698986272
1925, 2026-05-29 10:04:08,1780038248,3848.0,48.7747957993,53.0836698764,56.2240936886,51.4473994413,51.5795164992
1926, 2026-05-29 10:04:10,1780038250,3850.0,48.7689614936,52.7982545511,58.4865414238,51.1255514877,48.7826707418
1927, 2026-05-29 10:04:12,1780038252,3852.0,48.7631271879,51.9281439138,55.8724775498,49.2604712339,50.6514829579
1928, 2026-05-29 10:04:14,1780038254,3854.0,48.7572928821,52.8152109915,57.5781477058,51.5201834508,49.3473018180
1929, 2026-05-29 10:04:16,1780038256,3856.0,48.7514585764,52.8022282512,59.4191267156,50.2139592649,48.7735987733
1930, 2026-05-29 10:04:18,1780038258,3858.0,48.7456242707,53.3760539467,58.9731799510,51.1477553910,50.0072264982
1931, 2026-05-29 10:04:20,1780038260,3860.0,48.7397899650,53.6995117375,60.6396730527,49.7496374658,50.7092246941
1932, 2026-05-29 10:04:22,1780038262,3862.0,48.7339556593,52.6730371341,57.7189483854,50.9507300797,49.3494329373
1933, 2026-05-29 10:04:24,1780038264,3864.0,48.7281213536,52.7995703904,57.8232085819,51.7805365398,48.7949660496
1934, 2026-05-29 10:04:26,1780038266,3866.0,48.7222870478,53.4655370649,59.3060467336,51.6709233330,49.4196411280
1935, 2026-05-29 10:04:28,1780038268,3868.0,48.7164527421,53.8450039481,59.4005107569,50.9914339700,51.1430671173
1936, 2026-05-29 10:04:30,1780038270,3870.0,48.7106184364,52.9851699036,58.5658932996,51.5109829195,48.8786334917
1937, 2026-05-29 10:04:32,1780038272,3872.0,48.7047841307,53.8315869062,58.4795102381,50.8554407573,52.1598097233
1938, 2026-05-29 10:04:34,1780038274,3874.0,48.6989498250,53.1272483426,57.7905093852,49.9242056917,51.6670299509
1939, 2026-05-29 10:04:36,1780038276,3876.0,48.6931155193,52.5282704424,56.9149407071,52.3064906096,48.3633800104
1940, 2026-05-29 10:04:38,1780038278,3878.0,48.6872812135,53.1714340841,58.2798256591,51.4555509868,49.7789256064
1941, 2026-05-29 10:04:40,1780038280,3880.0,48.6814469078,53.2188230624,57.1666025882,51.9196713104,50.5701952886
1942, 2026-05-29 10:04:42,1780038282,3882.0,48.6756126021,53.4193355533,58.8577107051,51.9355940544,49.4647019003
1943, 2026-05-29 10:04:44,1780038284,3884.0,48.6697782964,54.4454009339,58.6160795404,52.9168791429,51.8032441183
1944, 2026-05-29 10:04:46,1780038286,3886.0,48.6639439907,53.6953164764,59.1830528305,50.3566065286,51.5462900701
1945, 2026-05-29 10:04:48,1780038288,3888.0,48.6581096849,54.1828023372,60.1081594865,51.2888123289,51.1514351963
1946, 2026-05-29 10:04:50,1780038290,3890.0,48.6522753792,53.9789806226,60.5827318573,52.4397001400,48.9145098706
1947, 2026-05-29 10:04:52,1780038292,3892.0,48.6464410735,54.0213652337,59.6086863377,50.9049469061,51.5504624572
1948, 2026-05-29 10:04:54,1780038294,3894.0,48.6406067678,52.9772936598,58.5420066144,51.0123797125,49.3774946526
1949, 2026-05-29 10:04:56,1780038296,3896.0,48.6347724621,53.7678831999,58.8472227329,53.2904399939,49.1659868728
1950, 2026-05-29 10:04:58,1780038298,3898.0,48.6289381564,53.9469428991,59.2974044450,51.8186573356,50.7247669169
1951, 2026-05-29 10:05:00,1780038300,3900.0,48.6231038506,55.1780831955,61.5222135596,51.9431290397,52.0689069871
1952, 2026-05-29 10:05:02,1780038302,3902.0,48.6172695449,53.8770551812,57.9331013032,52.3435753524,51.3544888880
1953, 2026-05-29 10:05:04,1780038304,3904.0,48.6114352392,54.6105361706,60.9424256313,51.7664642823,51.1227185983
1954, 2026-05-29 10:05:06,1780038306,3906.0,48.6056009335,53.6919450590,60.2892109387,49.8330255216,50.9535987168
1955, 2026-05-29 10:05:08,1780038308,3908.0,48.5997666278,55.5334027861,59.9669158860,54.3254983937,52.3077940787
1956, 2026-05-29 10:05:10,1780038310,3910.0,48.5939323221,55.4999208008,61.4263425805,51.9227331445,53.1506866773
1957, 2026-05-29 10:05:12,1780038312,3912.0,48.5880980163,55.4477302046,61.0584964711,53.4940110122,51.7906831304
1958, 2026-05-29 10:05:14,1780038314,3914.0,48.5822637106,55.1865295441,59.6550823132,52.7237874620,53.1807188571
1959, 2026-05-29 10:05:16,1780038316,3916.0,48.5764294049,54.6462199107,58.8896960904,53.5057508269,51.5432128147
1960, 2026-05-29 10:05:18,1780038318,3918.0,48.5705950992,55.8315391851,61.3616895327,54.8144946227,51.3184334000
1961, 2026-05-29 10:05:20,1780038320,3920.0,48.5647607935,56.6637914940,61.7965581452,55.0908300816,53.1039862552
1962, 2026-05-29 10:05:22,1780038322,3922.0,48.5589264877,56.5204952973,62.1260231595,56.5411666454,50.8942960869
1963, 2026-05-29 10:05:24,1780038324,3924.0,48.5530921820,55.9717610600,61.6051577186,55.7995869141,50.5105385472
1964, 2026-05-29 10:05:26,1780038326,3926.0,48.5472578763,56.2876809640,61.4655509135,54.4896325934,52.9078593851
1965, 2026-05-29 10:05:28,1780038328,3928.0,48.5414235706,56.1020304580,61.7378976633,53.7425274142,52.8256662965
1966, 2026-05-29 10:05:30,1780038330,3930.0,48.5355892649,56.5972188315,63.4638344713,54.9378295234,51.3899924997
1967, 2026-05-29 10:05:32,1780038332,3932.0,48.5297549592,56.1698112867,60.5430374770,54.6911579177,53.2752384655
1968, 2026-05-29 10:05:34,1780038334,3934.0,48.5239206534,57.9476168999,64.6564835557,55.0188552300,54.1675119141
1969, 2026-05-29 10:05:36,1780038336,3936.0,48.5180863477,57.0080813706,62.4971013799,57.1180040866,51.4091386455
1970, 2026-05-29 10:05:38,1780038338,3938.0,48.5122520420,58.8666418561,64.2743252382,58.3436096593,53.9819906707
1971, 2026-05-29 10:05:40,1780038340,3940.0,48.5064177363,57.1543764609,63.4744173182,55.6065090649,52.3822029997
1972, 2026-05-29 10:05:42,1780038342,3942.0,48.5005834306,57.7150538618,62.6204529908,56.2432527107,54.2814558840
1973, 2026-05-29 10:05:44,1780038344,3944.0,48.4947491249,58.8874070307,64.2857360276,56.7117378117,55.6647472527
1974, 2026-05-29 10:05:46,1780038346,3946.0,48.4889148191,59.1557337521,63.3496390923,56.6722533349,57.4453088289
1975, 2026-05-29 10:05:48,1780038348,3948.0,48.4830805134,58.3465366703,65.1843245466,55.9513367625,53.9039487019
1976, 2026-05-29 10:05:50,1780038350,3950.0,48.4772462077,58.2859667384,63.6174939108,56.5445418025,54.6958645018
1977, 2026-05-29 10:05:52,1780038352,3952.0,48.4714119020,57.8220804877,64.0630559990,56.6756825014,52.7275029627
1978, 2026-05-29 10:05:54,1780038354,3954.0,48.4655775963,59.3184967997,62.5209468366,58.6390365797,56.7955069828
1979, 2026-05-29 10:05:56,1780038356,3956.0,48.4597432905,60.1817945083,65.8097058862,57.8490568690,56.8866207696
1980, 2026-05-29 10:05:58,1780038358,3958.0,48.4539089848,60.4256626761,65.9850979506,57.8313624029,57.4605276749
1981, 2026-05-29 10:06:00,1780038360,3960.0,48.4480746791,59.6758019512,64.8893717691,57.7775863642,56.3604477205
1982, 2026-05-29 10:06:02,1780038362,3962.0,48.4422403734,61.2042151105,65.7449432230,59.0776185368,58.7900835718
1983, 2026-05-29 10:06:04,1780038364,3964.0,48.4364060677,60.7993419199,66.3038367426,58.7380401305,57.3561488866
1984, 2026-05-29 10:06:06,1780038366,3966.0,48.4305717620,61.0255696178,67.9760449996,58.1608393583,56.9398244954
1985, 2026-05-29 10:06:08,1780038368,3968.0,48.4247374562,61.7497966429,67.4472540793,60.3646500534,57.4374857960
1986, 2026-05-29 10:06:10,1780038370,3970.0,48.4189031505,62.9248234981,67.4590945575,60.6805128148,60.6348631220
1987, 2026-05-29 10:06:12,1780038372,3972.0,48.4130688448,61.7212212019,68.1874868494,58.9229997801,58.0531769763
1988, 2026-05-29 10:06:14,1780038374,3974.0,48.4072345391,62.2319442091,66.3827555559,62.0007975738,58.3122794977
1989, 2026-05-29 10:06:16,1780038376,3976.0,48.4014002334,63.6032559779,70.4051415495,61.0020077319,59.4026186523
1990, 2026-05-29 10:06:18,1780038378,3978.0,48.3955659277,64.0947053468,70.4512683777,61.9015640101,59.9312836524
1991, 2026-05-29 10:06:20,1780038380,3980.0,48.3897316219,64.3689187411,71.0564231191,61.4839129586,60.5664201457
1992, 2026-05-29 10:06:22,1780038382,3982.0,48.3838973162,64.5197919178,70.1517659019,63.5171667383,59.8904431132
1993, 2026-05-29 10:06:24,1780038384,3984.0,48.3780630105,64.1276260075,69.8674342769,62.2847267102,60.2307170354
1994, 2026-05-29 10:06:26,1780038386,3986.0,48.3722287048,64.1458108535,68.2624603771,63.9146872366,60.2602849468
1995, 2026-05-29 10:06:28,1780038388,3988.0,48.3663943991,64.7629699089,72.6090854710,62.4085061380,59.2713181179
1996, 2026-05-29 10:06:30,1780038390,3990.0,48.3605600933,65.6030556457,71.3026466643,64.2294840379,61.2770362349
1997, 2026-05-29 10:06:32,1780038392,3992.0,48.3547257876,65.4386604840,72.1939728306,62.5077104744,61.6142981471
1998, 2026-05-29 10:06:34,1780038394,3994.0,48.3488914819,65.6887817709,71.3616607213,65.4892725503,60.2154120412
1999, 2026-05-29 10:06:36,1780038396,3996.0,48.3430571762,66.0725351242,72.2134530850,64.1865497562,61.8176025315
2000, 2026-05-29 10:06:38,1780038398,3998.0,48.3372228705,66.5229245511,73.1651086205,63.4353237807,62.9683412522
2001, 2026-05-29 10:06:40,1780038400,4000.0,48.3313885648,68.1319541079,74.6669554746,67.6679407752,62.0609660741
2002, 2026-05-29 10:06:42,1780038402,4002.0,48.3255542590,67.0730310348,71.9998737937,66.2996302927,62.9195890181
2003, 2026-05-29 10:06:44,1780038404,4004.0,48.3197199533,68.3625114804,72.6356158489,67.2116850856,65.2402335068
2004, 2026-05-29 10:06:46,1780038406,4006.0,48.3138856476,68.0318117222,74.9228393154,65.3883474102,63.7842484411
2005, 2026-05-29 10:06:48,1780038408,4008.0,48.3080513419,68.1058859412,74.9690246862,65.4505679485,63.8980651889
2006, 2026-05-29 10:06:50,1780038410,4010.0,48.3022170362,66.8484557066,73.4319263543,63.7487034832,63.3647372824
2007, 2026-05-29 10:06:52,1780038412,4012.0,48.2963827305,69.5544602033,73.8461842356,70.8633183887,63.9538779856
2008, 2026-05-29 10:06:54,1780038414,4014.0,48.2905484247,69.6786871681,78.3525970217,68.4131779994,62.2702864831
2009, 2026-05-29 10:06:56,1780038416,4016.0,48.2847141190,69.7772298527,77.1881177024,67.7830937265,64.3604781293
2010, 2026-05-29 10:06:58,1780038418,4018.0,48.2788798133,70.3529063435,76.8488703615,69.0973044330,65.1125442360
2011, 2026-05-29 10:07:00,1780038420,4020.0,48.2730455076,71.2521437279,76.0865873483,70.4633657528,67.2064780825
2012, 2026-05-29 10:07:02,1780038422,4022.0,48.2672112019,70.7138263661,78.0399388122,69.2626939504,64.8388463356
2013, 2026-05-29 10:07:04,1780038424,4024.0,48.2613768961,70.3167228960,77.1620290655,69.3644812769,64.4236583455
2014, 2026-05-29 10:07:06,1780038426,4026.0,48.2555425904,72.6404947208,79.7851954662,70.5559116672,67.5803770291
2015, 2026-05-29 10:07:08,1780038428,4028.0,48.2497082847,73.5000128342,81.5904618116,70.5341028522,68.3754738389
2016, 2026-05-29 10:07:10,1780038430,4030.0,48.2438739790,72.0536200076,80.1255355551,69.8027224375,66.2326020302
2017, 2026-05-29 10:07:12,1780038432,4032.0,48.2380396733,73.3803038162,81.6793074323,71.9945885923,66.4670154240
2018, 2026-05-29 10:07:14,1780038434,4034.0,48.2322053676,73.7099227013,81.0732898441,71.9202275003,68.1362507596
2019, 2026-05-29 10:07:16,1780038436,4036.0,48.2263710618,74.4973001621,80.7494153303,73.7020299800,69.0404551760
2020, 2026-05-29 10:07:18,1780038438,4038.0,48.2205367561,73.8781194103,77.7699103329,73.5281488658,70.3362990323
2021, 2026-05-29 10:07:20,1780038440,4040.0,48.2147024504,74.3540598986,81.6449283290,72.4432756917,68.9739756751
2022, 2026-05-29 10:07:22,1780038442,4042.0,48.2088681447,75.6961884742,82.4078044022,75.6490105187,69.0317505018
2023, 2026-05-29 10:07:24,1780038444,4044.0,48.2030338390,75.3621426671,82.8771731398,72.1484270552,71.0608278064
2024, 2026-05-29 10:07:26,1780038446,4046.0,48.1971995333,76.9489246478,84.8088095605,75.9704875897,70.0674767930
2025, 2026-05-29 10:07:28,1780038448,4048.0,48.1913652275,75.9308496646,83.1040016202,76.1765814520,68.5119659216
2026, 2026-05-29 10:07:30,1780038450,4050.0,48.1855309218,76.6362023738,82.0396642401,75.1288682722,72.7400746091
2027, 2026-05-29 10:07:32,1780038452,4052.0,48.1796966161,77.0530488164,84.5847038101,75.5656952078,71.0087474314
2028, 2026-05-29 10:07:34,1780038454,4054.0,48.1738623104,78.0064399159,85.8557251337,76.2217526278,71.9418419863
2029, 2026-05-29 10:07:36,1780038456,4056.0,48.1680280047,77.0203793277,82.4453760562,78.5643355741,70.0514263529
2030, 2026-05-29 10:07:38,1780038458,4058.0,48.1621936989,80.2426132714,89.0739971968,79.3203203446,72.3335222729
2031, 2026-05-29 10:07:40,1780038460,4060.0,48.1563593932,79.7386325130,86.7920968911,78.6806272293,73.7431734185
2032, 2026-05-29 10:07:42,1780038462,4062.0,48.1505250875,79.1360160607,86.1419285147,76.8731247114,74.3929949561
2033, 2026-05-29 10:07:44,1780038464,4064.0,48.1446907818,81.2247117242,88.1967297480,79.3496956525,76.1277097721
2034, 2026-05-29 10:07:46,1780038466,4066.0,48.1388564761,81.4721711899,89.1100552840,80.5318001793,74.7746581064
2035, 2026-05-29 10:07:48,1780038468,4068.0,48.1330221704,79.8721416113,88.0051021807,76.7950840851,74.8162385681
2036, 2026-05-29 10:07:50,1780038470,4070.0,48.1271878646,80.9404100293,87.9738397156,79.8809366923,74.9664536799
2037, 2026-05-29 10:07:52,1780038472,4072.0,48.1213535589,82.1695912245,89.5691685726,80.5790027708,76.3606023301
2038, 2026-05-29 10:07:54,1780038474,4074.0,48.1155192532,82.3781192071,91.1751256637,80.1658828676,75.7933490901
2039, 2026-05-29 10:07:56,1780038476,4076.0,48.1096849475,82.4121876356,88.6616932297,82.8547430451,75.7201266319
2040, 2026-05-29 10:07:58,1780038478,4078.0,48.1038506418,83.2543509571,91.9684180827,83.2379039141,74.5567308744
2041, 2026-05-29 10:08:00,1780038480,4080.0,48.0980163361,83.2872213155,92.1847187527,81.0609729421,76.6159722516
2042, 2026-05-29 10:08:02,1780038482,4082.0,48.0921820303,83.6967511254,91.5191977339,84.6197861539,74.9512694884
2043, 2026-05-29 10:08:04,1780038484,4084.0,48.0863477246,83.7481717780,89.2340078966,84.5225123237,77.4879951139
2044, 2026-05-29 10:08:06,1780038486,4086.0,48.0805134189,84.9230697503,92.3566341609,84.8109092665,77.6016658233
2045, 2026-05-29 10:08:08,1780038488,4088.0,48.0746791132,85.7107241876,92.5905352043,85.0234306687,79.5182066898
2046, 2026-05-29 10:08:10,1780038490,4090.0,48.0688448075,85.7856362764,94.1396396554,85.0203055793,78.1969635945
2047, 2026-05-29 10:08:12,1780038492,4092.0,48.0630105018,86.5661971720,94.3479225980,85.3098372516,80.0408316664
2048, 2026-05-29 10:08:14,1780038494,4094.0,48.0571761960,86.7309825514,94.6813080611,85.3089876616,80.2026519314
2049, 2026-05-29 10:08:16,1780038496,4096.0,48.0513418903,86.8208977711,95.0400118674,86.2991518925,79.1235295534
2050, 2026-05-29 10:08:18,1780038498,4098.0,48.0455075846,87.8196411086,97.5402486925,85.6815182382,80.2371563952
2051, 2026-05-29 10:08:20,1780038500,4100.0,48.0396732789,89.0321983300,97.4849901735,87.6106851271,82.0009196894
2052, 2026-05-29 10:08:22,1780038502,4102.0,48.0338389732,88.1474436396,95.4073613917,86.2556390751,82.7793304520
2053, 2026-05-29 10:08:24,1780038504,4104.0,48.0280046674,88.5404750284,98.2960620405,87.6038648057,79.7214982390
2054, 2026-05-29 10:08:26,1780038506,4106.0,48.0221703617,89.3085721034,95.6110893035,89.7479795925,82.5666474142
2055, 2026-05-29 10:08:28,1780038508,4108.0,48.0163360560,89.7382363914,97.0835548860,89.1752892489,82.9558650393
2056, 2026-05-29 10:08:30,1780038510,4110.0,48.0105017503,91.4196992055,100.2739077820,91.1932751792,82.7919146552
2057, 2026-05-29 10:08:32,1780038512,4112.0,48.0046674446,90.6108852504,99.1579650192,90.1778821705,82.4968085614
2058, 2026-05-29 10:08:34,1780038514,4114.0,47.9988331389,90.7118037942,100.8366797588,89.2926003917,82.0061312319
2059, 2026-05-29 10:08:36,1780038516,4116.0,47.9929988331,92.2582517194,99.8832256546,91.3693122402,85.5222172635
2060, 2026-05-29 10:08:38,1780038518,4118.0,47.9871645274,92.5509215045,99.9524607116,91.2359302166,86.4643735853
2061, 2026-05-29 10:08:40,1780038520,4120.0,47.9813302217,92.6524491040,99.7178477007,94.1523409689,84.0871586424
2062, 2026-05-29 10:08:42,1780038522,4122.0,47.9754959160,91.4012285804,100.1491016003,90.8010804140,83.2535037269
2063, 2026-05-29 10:08:44,1780038524,4124.0,47.9696616103,93.2423428023,103.6150016713,91.9105375127,84.2014892230
2064, 2026-05-29 10:08:46,1780038526,4126.0,47.9638273046,93.4258104880,102.7779203308,91.5186235121,85.9808876212
2065, 2026-05-29 10:08:48,1780038528,4128.0,47.9579929988,91.9703655058,101.9280647317,89.4442582704,84.5387735152
2066, 2026-05-29 10:08:50,1780038530,4130.0,47.9521586931,94.5512968572,104.1704822802,92.2477916910,87.2356166004
2067, 2026-05-29 10:08:52,1780038532,4132.0,47.9463243874,95.1673412914,103.2344672757,95.1038481137,87.1637084849
2068, 2026-05-29 10:08:54,1780038534,4134.0,47.9404900817,94.3101931604,104.3966804173,92.8586862761,85.6752127878
2069, 2026-05-29 10:08:56,1780038536,4136.0,47.9346557760,94.9341909949,104.0195889042,93.9283655807,86.8546184999
2070, 2026-05-29 10:08:58,1780038538,4138.0,47.9288214702,94.5604246305,104.2941919355,94.3425183320,85.0445636240
2071, 2026-05-29 10:09:00,1780038540,4140.0,47.9229871645,96.6584259883,106.4424258924,95.6218577857,87.9109942868
2072, 2026-05-29 10:09:02,1780038542,4142.0,47.9171528588,95.8720294461,103.7270358117,96.3817410084,87.5073115183
2073, 2026-05-29 10:09:04,1780038544,4144.0,47.9113185531,96.0887410125,104.6456422122,95.1351594908,88.4854213345
2074, 2026-05-29 10:09:06,1780038546,4146.0,47.9054842474,96.2353498621,104.3382179000,95.9230991870,88.4447324995
2075, 2026-05-29 10:09:08,1780038548,4148.0,47.8996499417,97.8209158065,107.2637443215,97.3920386052,88.8069644927
2076, 2026-05-29 10:09:10,1780038550,4150.0,47.8938156359,99.3981822618,108.0269277514,99.8072439751,90.3603750588
2077, 2026-05-29 10:09:12,1780038552,4152.0,47.8879813302,98.1575369246,106.1122514732,98.2539611055,90.1063981951
2078, 2026-05-29 10:09:14,1780038554,4154.0,47.8821470245,99.2869219048,108.9053505511,97.5836441861,91.3717709771
2079, 2026-05-29 10:09:16,1780038556,4156.0,47.8763127188,98.2623532734,109.1141030455,97.4858875602,88.1870692145
2080, 2026-05-29 10:09:18,1780038558,4158.0,47.8704784131,99.7669045596,108.0374035210,99.3791430728,91.8841670851
2081, 2026-05-29 10:09:20,1780038560,4160.0,47.8646441074,100.6081432886,108.9011149702,100.9816110102,91.9417038855
2082, 2026-05-29 10:09:22,1780038562,4162.0,47.8588098016,99.5393289383,109.0973380306,98.3116445813,91.2090042029
2083, 2026-05-29 10:09:24,1780038564,4164.0,47.8529754959,101.5075232230,111.3156242652,102.2656840303,90.9412613736
2084, 2026-05-29 10:09:26,1780038566,4166.0,47.8471411902,99.8626566454,108.9618918400,99.3395913684,91.2864867278
2085, 2026-05-29 10:09:28,1780038568,4168.0,47.8413068845,100.6547728247,111.1284911710,98.6209952484,92.2148320547
2086, 2026-05-29 10:09:30,1780038570,4170.0,47.8354725788,101.2095119693,109.8175301459,101.4275003852,92.3835053768
2087, 2026-05-29 10:09:32,1780038572,4172.0,47.8296382730,100.9160431240,110.0812913730,100.8783575715,91.7884804274
2088, 2026-05-29 10:09:34,1780038574,4174.0,47.8238039673,102.0615054666,111.3529860717,102.4531684799,92.3783618480
2089, 2026-05-29 10:09:36,1780038576,4176.0,47.8179696616,102.3321147827,111.4851809860,100.0424040602,95.4687593020
2090, 2026-05-29 10:09:38,1780038578,4178.0,47.8121353559,103.2708335968,112.4397702642,101.8192815475,95.5534489788
2091, 2026-05-29 10:09:40,1780038580,4180.0,47.8063010502,103.1079120736,112.1431221787,101.7943899213,95.3862241207
2092, 2026-05-29 10:09:42,1780038582,4182.0,47.8004667445,102.8797475930,110.6768565792,102.2893857348,95.6730004651
2093, 2026-05-29 10:09:44,1780038584,4184.0,47.7946324387,103.3790685018,113.6871700048,103.4971242600,92.9529112407
2094, 2026-05-29 10:09:46,1780038586,4186.0,47.7887981330,102.3840458861,112.2746041623,102.8492913463,92.0282421496
2095, 2026-05-29 10:09:48,1780038588,4188.0,47.7829638273,104.1316857395,112.7134476328,103.7151787764,95.9664308093
2096, 2026-05-29 10:09:50,1780038590,4190.0,47.7771295216,105.0592730009,115.4809046054,103.4132118189,96.2837025784
2097, 2026-05-29 10:09:52,1780038592,4192.0,47.7712952159,105.2145349525,112.4942609623,106.2058418904,96.9435020049
2098, 2026-05-29 10:09:54,1780038594,4194.0,47.7654609102,103.9219519793,112.6675489152,103.4599847325,95.6383222901
2099, 2026-05-29 10:09:56,1780038596,4196.0,47.7596266044,104.1187230174,112.7996002630,103.6034504198,95.9531183694
2100, 2026-05-29 10:09:58,1780038598,4198.0,47.7537922987,104.2307265988,115.2559883339,104.4906282999,92.9455631626
2101, 2026-05-29 10:10:00,1780038600,4200.0,47.7479579930,105.7929646744,115.7054894813,103.3247662511,98.3486382908
2102, 2026-05-29 10:10:02,1780038602,4202.0,47.7421236873,105.8572483094,114.8254633081,106.0926607122,96.6536209078
2103, 2026-05-29 10:10:04,1780038604,4204.0,47.7362893816,106.9790787485,116.9947334459,106.3692639594,97.5732388403
2104, 2026-05-29 10:10:06,1780038606,4206.0,47.7304550758,104.8213617159,116.3427898740,104.3234025229,93.7978927509
2105, 2026-05-29 10:10:08,1780038608,4208.0,47.7246207701,106.8053172547,116.0929530511,108.2147881764,96.1082105368
2106, 2026-05-29 10:10:10,1780038610,4210.0,47.7187864644,106.7012032785,117.2806047561,105.0585683671,97.7644367123
2107, 2026-05-29 10:10:12,1780038612,4212.0,47.7129521587,106.9405102385,116.4814115989,106.4473912823,97.8927278344
2108, 2026-05-29 10:10:14,1780038614,4214.0,47.7071178530,104.8206056445,114.5282160353,103.6518152605,96.2817856376
2109, 2026-05-29 10:10:16,1780038616,4216.0,47.7012835473,106.1235722437,116.2949725931,106.3739436299,95.7018005082
2110, 2026-05-29 10:10:18,1780038618,4218.0,47.6954492415,106.6254322986,116.5401894622,106.8699021314,96.4662053021
2111, 2026-05-29 10:10:20,1780038620,4220.0,47.6896149358,106.3515437652,115.2892969414,107.2262921442,96.5390422099
2112, 2026-05-29 10:10:22,1780038622,4222.0,47.6837806301,107.1515869140,116.8502134098,108.0555525589,96.5489947733
2113, 2026-05-29 10:10:24,1780038624,4224.0,47.6779463244,105.9166492736,114.3908406347,107.9833768956,95.3757302906
2114, 2026-05-29 10:10:26,1780038626,4226.0,47.6721120187,108.9448701169,120.1631428637,107.8056418470,98.8658256399
2115, 2026-05-29 10:10:28,1780038628,4228.0,47.6662777130,107.0532218299,117.4317105237,104.3984906429,99.3294643230
2116, 2026-05-29 10:10:30,1780038630,4230.0,47.6604434072,108.1439139741,118.3563327786,106.6961914059,99.3792177378
2117, 2026-05-29 10:10:32,1780038632,4232.0,47.6546091015,108.1228535488,120.4819802576,104.3651106812,99.5214697076
2118, 2026-05-29 10:10:34,1780038634,4234.0,47.6487747958,108.4779707142,119.0892032663,108.9380694650,97.4066394114
2119, 2026-05-29 10:10:36,1780038636,4236.0,47.6429404901,109.2346108200,119.1356713600,108.1881196256,100.3800414743
2120, 2026-05-29 10:10:38,1780038638,4238.0,47.6371061844,108.9034836757,119.9332420904,108.6905608311,98.0866481056
2121, 2026-05-29 10:10:40,1780038640,4240.0,47.6312718786,109.5032511970,118.7064010602,110.2389122077,99.5644403232
2122, 2026-05-29 10:10:42,1780038642,4242.0,47.6254375729,109.6309555752,119.5293371212,108.9814255561,100.3821040483
2123, 2026-05-29 10:10:44,1780038644,4244.0,47.6196032672,108.8714108089,119.5095239919,109.6220183314,97.4826901036
2124, 2026-05-29 10:10:46,1780038646,4246.0,47.6137689615,107.9071938590,118.0972790756,105.7845377672,99.8397647341
2125, 2026-05-29 10:10:48,1780038648,4248.0,47.6079346558,108.9622141801,117.3921677549,109.1072878554,100.3871869299
2126, 2026-05-29 10:10:50,1780038650,4250.0,47.6021003501,109.8027548183,120.1323420367,109.1380124758,100.1379099425
2127, 2026-05-29 10:10:52,1780038652,4252.0,47.5962660443,109.7191583646,118.4910503242,109.6028211726,101.0636035970
2128, 2026-05-29 10:10:54,1780038654,4254.0,47.5904317386,110.1411069763,122.2695319850,108.6475917374,99.5061972064
2129, 2026-05-29 10:10:56,1780038656,4256.0,47.5845974329,108.8917300139,119.3387754920,107.8752433101,99.4611712396
2130, 2026-05-29 10:10:58,1780038658,4258.0,47.5787631272,110.6051814200,121.1030230371,110.0082651138,100.7042561091
2131, 2026-05-29 10:11:00,1780038660,4260.0,47.5729288215,110.0700116131,119.0832481243,109.4266175072,101.7001692080
2132, 2026-05-29 10:11:02,1780038662,4262.0,47.5670945158,108.6840087983,118.0153949257,109.5813268796,98.4553045897
2133, 2026-05-29 10:11:04,1780038664,4264.0,47.5612602100,109.6894174187,118.7596096728,110.4332952260,99.8753473573
2134, 2026-05-29 10:11:06,1780038666,4266.0,47.5554259043,109.7433110932,120.0847025624,109.7133676656,99.4318630517
2135, 2026-05-29 10:11:08,1780038668,4268.0,47.5495915986,108.7767150954,115.8661489513,109.3347351512,101.1292611837
2136, 2026-05-29 10:11:10,1780038670,4270.0,47.5437572929,109.8785827541,117.7702909523,110.9507214556,100.9147358544
2137, 2026-05-29 10:11:12,1780038672,4272.0,47.5379229872,110.2416756320,119.1200289450,110.4488256807,101.1561722703
2138, 2026-05-29 10:11:14,1780038674,4274.0,47.5320886814,110.1655546182,120.8223741669,111.4063340517,98.2679556361
2139, 2026-05-29 10:11:16,1780038676,4276.0,47.5262543757,110.0841497445,121.3989221405,109.6669309511,99.1865961418
2140, 2026-05-29 10:11:18,1780038678,4278.0,47.5204200700,109.2848661265,119.7058270564,110.4395475888,97.7092237344
2141, 2026-05-29 10:11:20,1780038680,4280.0,47.5145857643,110.0898593285,120.1410610351,109.1712514456,100.9572655049
2142, 2026-05-29 10:11:22,1780038682,4282.0,47.5087514586,111.2740031947,122.3789648443,111.6318467640,99.8111979759
2143, 2026-05-29 10:11:24,1780038684,4284.0,47.5029171529,110.8218685077,120.6162509792,110.7262980210,101.1230565230
2144, 2026-05-29 10:11:26,1780038686,4286.0,47.4970828471,110.6331996989,121.4050116862,110.2384672167,100.2561201938
2145, 2026-05-29 10:11:28,1780038688,4288.0,47.4912485414,110.1861739878,118.9753827118,111.7197749976,99.8633642540
2146, 2026-05-29 10:11:30,1780038690,4290.0,47.4854142357,110.4031263874,121.4796885056,110.4763732675,99.2533173890
2147, 2026-05-29 10:11:32,1780038692,4292.0,47.4795799300,111.6693478856,121.2147222596,111.1661664774,102.6271549198
2148, 2026-05-29 10:11:34,1780038694,4294.0,47.4737456243,111.8664084683,121.3094810493,111.5900703044,102.6996740512
2149, 2026-05-29 10:11:36,1780038696,4296.0,47.4679113186,110.8464445941,120.8225227800,110.9013466977,100.8154643045
2150, 2026-05-29 10:11:38,1780038698,4298.0,47.4620770128,109.9397908049,122.4217010883,109.6371748277,97.7604964988
2151, 2026-05-29 10:11:40,1780038700,4300.0,47.4562427071,111.3178452763,119.1409602754,112.0161558965,102.7964196569
2152, 2026-05-29 10:11:42,1780038702,4302.0,47.4504084014,110.7183901720,120.8459827164,109.7282971280,101.5808906716
2153, 2026-05-29 10:11:44,1780038704,4304.0,47.4445740957,110.9254463322,121.5689774699,108.8370048411,102.3703566856
2154, 2026-05-29 10:11:46,1780038706,4306.0,47.4387397900,111.9770650266,122.0756953519,110.8464070003,103.0090927277
2155, 2026-05-29 10:11:48,1780038708,4308.0,47.4329054842,110.1386938490,119.9906425426,110.4542539516,99.9711850528
2156, 2026-05-29 10:11:50,1780038710,4310.0,47.4270711785,110.2604685555,117.8270732851,112.3930917314,100.5612406499
2157, 2026-05-29 10:11:52,1780038712,4312.0,47.4212368728,111.4249053770,121.7512632457,110.9629546148,101.5604982703
2158, 2026-05-29 10:11:54,1780038714,4314.0,47.4154025671,111.4348859711,123.8429392756,111.6046353378,98.8570832998
2159, 2026-05-29 10:11:56,1780038716,4316.0,47.4095682614,111.3367871496,123.0635429829,110.8018649100,100.1449535558
2160, 2026-05-29 10:11:58,1780038718,4318.0,47.4037339557,110.3543075479,118.7866180381,111.9824419037,100.2938627018
2161, 2026-05-29 10:12:00,1780038720,4320.0,47.3978996499,109.4353379219,118.0189032396,109.0988368510,101.1882736750
2162, 2026-05-29 10:12:02,1780038722,4322.0,47.3920653442,110.5999333991,121.2379169837,110.1548320876,100.4070511260
2163, 2026-05-29 10:12:04,1780038724,4324.0,47.3862310385,110.9986537273,119.7896406037,110.8938095408,102.3125110375
2164, 2026-05-29 10:12:06,1780038726,4326.0,47.3803967328,112.1747370541,121.3363428190,113.4139804842,101.7738878591
2165, 2026-05-29 10:12:08,1780038728,4328.0,47.3745624271,110.3404096208,120.4406926806,109.8478598280,100.7326763537
2166, 2026-05-29 10:12:10,1780038730,4330.0,47.3687281214,111.5200529021,123.3808901403,109.7977794113,101.3814891546
2167, 2026-05-29 10:12:12,1780038732,4332.0,47.3628938156,110.3617727442,118.7185351251,110.8193109725,101.5474721350
2168, 2026-05-29 10:12:14,1780038734,4334.0,47.3570595099,110.9724747391,120.5321371856,109.8755448801,102.5097421517
2169, 2026-05-29 10:12:16,1780038736,4336.0,47.3512252042,110.5762739833,119.8964881437,111.4238074386,100.4085263675
2170, 2026-05-29 10:12:18,1780038738,4338.0,47.3453908985,110.1835857444,118.9869698047,113.0791222821,98.4846651464
2171, 2026-05-29 10:12:20,1780038740,4340.0,47.3395565928,110.6634290723,120.8084976504,109.5345905311,101.6471990354
2172, 2026-05-29 10:12:22,1780038742,4342.0,47.3337222870,110.3676895837,119.7140809303,111.0158906174,100.3730972033
2173, 2026-05-29 10:12:24,1780038744,4344.0,47.3278879813,111.7489427834,123.1418193341,110.0775963953,102.0274126209
2174, 2026-05-29 10:12:26,1780038746,4346.0,47.3220536756,109.8968610405,118.9518785986,109.4789251590,101.2597793638
2175, 2026-05-29 10:12:28,1780038748,4348.0,47.3162193699,112.1592919292,121.9076849670,110.8023502348,103.7678405857
2176, 2026-05-29 10:12:30,1780038750,4350.0,47.3103850642,110.6542725185,121.6597966104,109.4432619519,100.8597589932
2177, 2026-05-29 10:12:32,1780038752,4352.0,47.3045507585,111.4196711153,122.3345592118,110.3791018974,101.5453522367
2178, 2026-05-29 10:12:34,1780038754,4354.0,47.2987164527,111.6176064976,120.3781928828,112.2360906058,102.2385360043
2179, 2026-05-29 10:12:36,1780038756,4356.0,47.2928821470,110.6729436505,119.7578750270,109.3480169036,102.9129390208
2180, 2026-05-29 10:12:38,1780038758,4358.0,47.2870478413,110.7303220874,123.5859209684,109.7818777237,98.8231675701
2181, 2026-05-29 10:12:40,1780038760,4360.0,47.2812135356,112.1490204950,122.8157769260,111.8791248612,101.7521596979
2182, 2026-05-29 10:12:42,1780038762,4362.0,47.2753792299,109.0354540855,118.0316798148,111.2572920190,97.8173904227
2183, 2026-05-29 10:12:44,1780038764,4364.0,47.2695449242,111.4712838163,119.0733226529,112.3465233400,102.9940054559
2184, 2026-05-29 10:12:46,1780038766,4366.0,47.2637106184,110.2749716702,120.8702401962,108.6299636887,101.3247111257
2185, 2026-05-29 10:12:48,1780038768,4368.0,47.2578763127,110.7563590724,121.9291594696,110.9322551309,99.4076626167
2186, 2026-05-29 10:12:50,1780038770,4370.0,47.2520420070,112.0092727046,123.3812470271,110.8644045646,101.7821665221
2187, 2026-05-29 10:12:52,1780038772,4372.0,47.2462077013,111.4365011966,121.4507202781,109.4195931611,103.4391901505
2188, 2026-05-29 10:12:54,1780038774,4374.0,47.2403733956,110.7527648388,120.7717374812,109.0655944018,102.4209626334
2189, 2026-05-29 10:12:56,1780038776,4376.0,47.2345390898,112.1307697762,119.9880474095,113.4194184714,102.9848434476
2190, 2026-05-29 10:12:58,1780038778,4378.0,47.2287047841,111.1638541803,122.5877789642,109.5559423353,101.3478412413
2191, 2026-05-29 10:13:00,1780038780,4380.0,47.2228704784,109.3109639818,120.2258533167,107.5275636212,100.1794750076
2192, 2026-05-29 10:13:02,1780038782,4382.0,47.2170361727,111.2606455497,120.7742511674,111.9104781534,101.0972073284
2193, 2026-05-29 10:13:04,1780038784,4384.0,47.2112018670,110.1467697060,120.1496841247,110.1153500158,100.1752749775
2194, 2026-05-29 10:13:06,1780038786,4386.0,47.2053675613,112.5703066865,123.0993845525,112.1930522187,102.4184832882
2195, 2026-05-29 10:13:08,1780038788,4388.0,47.1995332555,110.5018486103,121.1821083834,109.9185458543,100.4048915930
2196, 2026-05-29 10:13:10,1780038790,4390.0,47.1936989498,112.3809505835,122.2454375476,112.6435045418,102.2539096610
2197, 2026-05-29 10:13:12,1780038792,4392.0,47.1878646441,112.2378346107,124.2776203864,110.5853497159,101.8505337298
2198, 2026-05-29 10:13:14,1780038794,4394.0,47.1820303384,111.2328900519,121.9159816793,110.0313615641,101.7513269122
2199, 2026-05-29 10:13:16,1780038796,4396.0,47.1761960327,112.1300692239,122.0838010690,110.3597043723,103.9467022304
2200, 2026-05-29 10:13:18,1780038798,4398.0,47.1703617270,111.5856685729,121.8759926648,111.3073740663,101.5736389877
2201, 2026-05-29 10:13:20,1780038800,4400.0,47.1645274212,111.9720363848,124.1453635228,111.7019889338,100.0687566978
2202, 2026-05-29 10:13:22,1780038802,4402.0,47.1586931155,112.0337530026,121.6277928690,110.3994583956,104.0740077433
2203, 2026-05-29 10:13:24,1780038804,4404.0,47.1528588098,112.0536886025,122.3006817660,109.2375927969,104.6227912447
2204, 2026-05-29 10:13:26,1780038806,4406.0,47.1470245041,111.4581521952,123.6563448680,111.5137508557,99.2043608620
2205, 2026-05-29 10:13:28,1780038808,4408.0,47.1411901984,111.7683503781,124.3812408959,109.2491191903,101.6746910481
2206, 2026-05-29 10:13:30,1780038810,4410.0,47.1353558926,109.7007973772,119.9357618346,110.1233732932,99.0432570037
2207, 2026-05-29 10:13:32,1780038812,4412.0,47.1295215869,110.9472154286,120.6011588531,110.7363218903,101.5041655425
2208, 2026-05-29 10:13:34,1780038814,4414.0,47.1236872812,112.6136354465,122.7496699887,112.8868688315,102.2043675193
2209, 2026-05-29 10:13:36,1780038816,4416.0,47.1178529755,111.2527801071,122.2841761296,110.9332700654,100.5408941264
2210, 2026-05-29 10:13:38,1780038818,4418.0,47.1120186698,112.2287232168,120.2819670229,112.8802800756,103.5239225518
2211, 2026-05-29 10:13:40,1780038820,4420.0,47.1061843641,112.6584344370,123.3064443618,110.9669962795,103.7018626698
2212, 2026-05-29 10:13:42,1780038822,4422.0,47.1003500583,111.9845505031,119.7728659493,112.0969259294,104.0838596307
2213, 2026-05-29 10:13:44,1780038824,4424.0,47.0945157526,111.6692010997,120.7701035498,111.5985627982,102.6389369510
2214, 2026-05-29 10:13:46,1780038826,4426.0,47.0886814469,113.4378739024,122.6920527294,114.0037558830,103.6178130948
2215, 2026-05-29 10:13:48,1780038828,4428.0,47.0828471412,111.9948974191,122.4744827489,110.9430597567,102.5671497515
2216, 2026-05-29 10:13:50,1780038830,4430.0,47.0770128355,111.5397763941,123.3581178132,111.2688324676,99.9923789015
2217, 2026-05-29 10:13:52,1780038832,4432.0,47.0711785298,113.1667787863,124.2560688784,111.2669092932,103.9773581874
2218, 2026-05-29 10:13:54,1780038834,4434.0,47.0653442240,112.2388705114,123.3720029674,111.2438224904,102.1007860765
2219, 2026-05-29 10:13:56,1780038836,4436.0,47.0595099183,112.4739563584,122.8445317206,113.3977533587,101.1795839958
2220, 2026-05-29 10:13:58,1780038838,4438.0,47.0536756126,111.7357432749,122.7530752855,112.4389305824,100.0152239568
2221, 2026-05-29 10:14:00,1780038840,4440.0,47.0478413069,111.6322215073,122.7881268041,113.3163204535,98.7922172642
2222, 2026-05-29 10:14:02,1780038842,4442.0,47.0420070012,112.5818843165,123.9207871094,111.1648300171,102.6600358229
2223, 2026-05-29 10:14:04,1780038844,4444.0,47.0361726954,112.1202021037,121.9099420214,110.9517866021,103.4988776876
2224, 2026-05-29 10:14:06,1780038846,4446.0,47.0303383897,112.4153568194,125.2688543581,111.6535365203,100.3236795797
2225, 2026-05-29 10:14:08,1780038848,4448.0,47.0245040840,111.9651841984,123.7526027365,111.0823572544,101.0605926041
2226, 2026-05-29 10:14:10,1780038850,4450.0,47.0186697783,111.8665985491,119.6106052651,111.9945742821,103.9946161000
2227, 2026-05-29 10:14:12,1780038852,4452.0,47.0128354726,112.1362370251,121.7546247982,111.2577262497,103.3963600274
2228, 2026-05-29 10:14:14,1780038854,4454.0,47.0070011669,114.4096998694,125.8736155280,111.6641211676,105.6913629126
2229, 2026-05-29 10:14:16,1780038856,4456.0,47.0011668611,112.9876469086,122.5489398381,113.5733963595,102.8406045280
2230, 2026-05-29 10:14:18,1780038858,4458.0,46.9953325554,112.8111830555,124.9142129075,110.2715918055,103.2477444535
2231, 2026-05-29 10:14:20,1780038860,4460.0,46.9894982497,114.0417565189,122.4405735847,112.8916987281,106.7929972440
2232, 2026-05-29 10:14:22,1780038862,4462.0,46.9836639440,111.5798769288,122.7939872478,113.0873742672,98.8582692715
2233, 2026-05-29 10:14:24,1780038864,4464.0,46.9778296383,111.4188628340,121.2823456528,111.0231317079,101.9511111412
2234, 2026-05-29 10:14:26,1780038866,4466.0,46.9719953326,112.0230395848,125.2800448153,109.7489502455,101.0401236937
2235, 2026-05-29 10:14:28,1780038868,4468.0,46.9661610268,112.4527251436,122.9826193016,112.8937671184,101.4817890107
2236, 2026-05-29 10:14:30,1780038870,4470.0,46.9603267211,111.9151125877,122.0628825760,112.7747179084,100.9077372789
2237, 2026-05-29 10:14:32,1780038872,4472.0,46.9544924154,112.1208854334,122.2527904006,112.5738824257,101.5359834738
2238, 2026-05-29 10:14:34,1780038874,4474.0,46.9486581097,112.8888787865,123.3361142915,110.7417812352,104.5887408330
2239, 2026-05-29 10:14:36,1780038876,4476.0,46.9428238040,112.7628935277,123.6994467399,112.3409441618,102.2482896815
2240, 2026-05-29 10:14:38,1780038878,4478.0,46.9369894982,112.2223086985,121.3236818308,110.9321634046,104.4110808600
2241, 2026-05-29 10:14:40,1780038880,4480.0,46.9311551925,111.3532113437,121.2667398573,110.9945137819,101.7983803919
2242, 2026-05-29 10:14:42,1780038882,4482.0,46.9253208868,111.7775138251,121.2125074068,110.3502782388,103.7697558296
2243, 2026-05-29 10:14:44,1780038884,4484.0,46.9194865811,112.5820862735,123.3100871048,112.1365655840,102.2996061318
2244, 2026-05-29 10:14:46,1780038886,4486.0,46.9136522754,113.7935925155,123.5694737936,112.4363158172,105.3749879358
2245, 2026-05-29 10:14:48,1780038888,4488.0,46.9078179697,111.5500609676,121.9042247257,111.5211537736,101.2248044034
2246, 2026-05-29 10:14:50,1780038890,4490.0,46.9019836639,112.9657948012,122.2797923254,114.7047611390,101.9128309391
2247, 2026-05-29 10:14:52,1780038892,4492.0,46.8961493582,112.7084339799,123.3203629427,111.7244091095,103.0805298873
2248, 2026-05-29 10:14:54,1780038894,4494.0,46.8903150525,113.3270090599,122.8658412028,113.0597691535,104.0554168234
2249, 2026-05-29 10:14:56,1780038896,4496.0,46.8844807468,112.6740567794,123.4723310067,113.3685393492,101.1812999822
2250, 2026-05-29 10:14:58,1780038898,4498.0,46.8786464411,111.1984669196,122.1005722785,110.7366104493,100.7582180309
2251, 2026-05-29 10:15:00,1780038900,4500.0,46.8728121354,111.7195667291,120.2347246660,112.3455150606,102.5784604607
2252, 2026-05-29 10:15:02,1780038902,4502.0,46.8669778296,111.6919086233,120.0414924103,110.5002493775,104.5339840821
2253, 2026-05-29 10:15:04,1780038904,4504.0,46.8611435239,113.0918904346,123.5727642002,112.0106981569,103.6922089467
2254, 2026-05-29 10:15:06,1780038906,4506.0,46.8553092182,112.7642546711,123.1495938506,112.4513029561,102.6918672067
2255, 2026-05-29 10:15:08,1780038908,4508.0,46.8494749125,111.5426286297,121.0901339228,110.5505779552,102.9871740111
2256, 2026-05-29 10:15:10,1780038910,4510.0,46.8436406068,112.7019548262,123.0377207928,112.0815336649,102.9866100209
2257, 2026-05-29 10:15:12,1780038912,4512.0,46.8378063011,113.3841354601,125.7377169022,112.4290684771,101.9856210011
2258, 2026-05-29 10:15:14,1780038914,4514.0,46.8319719953,112.5663105439,122.8678475984,113.0446827807,101.7864012527
2259, 2026-05-29 10:15:16,1780038916,4516.0,46.8261376896,113.6632452032,123.3302412397,113.5499081951,104.1095861749
2260, 2026-05-29 10:15:18,1780038918,4518.0,46.8203033839,113.5695014995,123.4372788929,115.5904855239,101.6807400818
2261, 2026-05-29 10:15:20,1780038920,4520.0,46.8144690782,113.3428216309,122.1957572507,115.1295619106,102.7031457313
2262, 2026-05-29 10:15:22,1780038922,4522.0,46.8086347725,112.9379392409,122.7742894948,111.8746399429,104.1648882851
2263, 2026-05-29 10:15:24,1780038924,4524.0,46.8028004667,112.9941091714,124.0562798825,112.6735277961,102.2525198358
2264, 2026-05-29 10:15:26,1780038926,4526.0,46.7969661610,112.1407716129,122.4968444609,111.0658816152,102.8595887625
2265, 2026-05-29 10:15:28,1780038928,4528.0,46.7911318553,113.2706280171,124.3262921083,111.4812192196,104.0043727233
2266, 2026-05-29 10:15:30,1780038930,4530.0,46.7852975496,113.6975357562,124.6799221193,111.8535013992,104.5591837502
2267, 2026-05-29 10:15:32,1780038932,4532.0,46.7794632439,112.1820843480,123.8855961137,110.5471078301,102.1135491003
2268, 2026-05-29 10:15:34,1780038934,4534.0,46.7736289382,113.0184533340,124.2188610851,112.9949490955,101.8415498213
2269, 2026-05-29 10:15:36,1780038936,4536.0,46.7677946324,112.6739379474,123.9177196790,112.2546690647,101.8494250984
2270, 2026-05-29 10:15:38,1780038938,4538.0,46.7619603267,112.9185983428,123.0606892228,113.4884018337,102.2067039720
2271, 2026-05-29 10:15:40,1780038940,4540.0,46.7561260210,113.6552796800,124.6026843940,112.9033478025,103.4598068435
2272, 2026-05-29 10:15:42,1780038942,4542.0,46.7502917153,112.9377688252,123.0052721363,112.6265006714,103.1815336679
2273, 2026-05-29 10:15:44,1780038944,4544.0,46.7444574096,112.2742385638,124.1093731306,111.0714567067,101.6418858542
2274, 2026-05-29 10:15:46,1780038946,4546.0,46.7386231039,113.4995493615,123.8140006604,114.0063122843,102.6783351397
2275, 2026-05-29 10:15:48,1780038948,4548.0,46.7327887981,114.3782160049,124.8155604669,113.4150196910,104.9040678568
2276, 2026-05-29 10:15:50,1780038950,4550.0,46.7269544924,113.1262222437,123.4485793989,113.8342846164,102.0958027157
2277, 2026-05-29 10:15:52,1780038952,4552.0,46.7211201867,115.1182641397,124.5431225133,115.0002615259,105.8114083800
2278, 2026-05-29 10:15:54,1780038954,4554.0,46.7152858810,114.3153917509,123.4219892921,114.0323533040,105.4918326566
2279, 2026-05-29 10:15:56,1780038956,4556.0,46.7094515753,112.4648886944,125.0184032630,108.7716809831,103.6045818369
2280, 2026-05-29 10:15:58,1780038958,4558.0,46.7036172695,114.2904688853,125.1120095499,114.0304288160,103.7289682899
2281, 2026-05-29 10:16:00,1780038960,4560.0,46.6977829638,115.2819583571,124.9407696947,114.8878352318,106.0172701447
2282, 2026-05-29 10:16:02,1780038962,4562.0,46.6919486581,113.1974453667,124.1974568949,112.2383079063,103.1565712989
2283, 2026-05-29 10:16:04,1780038964,4564.0,46.6861143524,113.0099546261,124.0908524501,112.7539820394,102.1850293887
2284, 2026-05-29 10:16:06,1780038966,4566.0,46.6802800467,112.6998411105,123.7084116094,113.4012464659,100.9898652561
2285, 2026-05-29 10:16:08,1780038968,4568.0,46.6744457410,113.4426266852,122.7103391627,111.8489725568,105.7685683360
2286, 2026-05-29 10:16:10,1780038970,4570.0,46.6686114352,113.4748364611,120.6985696363,116.5516061166,103.1743336303
2287, 2026-05-29 10:16:12,1780038972,4572.0,46.6627771295,113.1053686937,123.0019997961,112.2448314390,104.0692748460
2288, 2026-05-29 10:16:14,1780038974,4574.0,46.6569428238,113.9861235542,123.9133746624,114.0849793514,103.9600166488
2289, 2026-05-29 10:16:16,1780038976,4576.0,46.6511085181,114.8882972603,124.7079714391,113.6118232831,106.3450970589
2290, 2026-05-29 10:16:18,1780038978,4578.0,46.6452742124,113.3181736802,123.1592450947,112.8227248738,103.9725510720
2291, 2026-05-29 10:16:20,1780038980,4580.0,46.6394399067,113.7269111585,125.2122399524,114.4342620577,101.5342314655
2292, 2026-05-29 10:16:22,1780038982,4582.0,46.6336056009,113.4793693724,124.3651602847,114.8801480718,101.1927997605
2293, 2026-05-29 10:16:24,1780038984,4584.0,46.6277712952,113.0572361708,122.7460527880,113.9668882697,102.4587674548
2294, 2026-05-29 10:16:26,1780038986,4586.0,46.6219369895,112.6895824975,124.1349552606,111.6504847681,102.2833074638
2295, 2026-05-29 10:16:28,1780038988,4588.0,46.6161026838,113.9962240328,125.4852248786,112.1024139946,104.4010332253
2296, 2026-05-29 10:16:30,1780038990,4590.0,46.6102683781,113.3016136966,122.8174104917,112.2727978171,104.8146327808
2297, 2026-05-29 10:16:32,1780038992,4592.0,46.6044340723,113.6158989326,123.4077805153,110.9417724283,106.4981438542
2298, 2026-05-29 10:16:34,1780038994,4594.0,46.5985997666,113.4406744863,124.6432919133,112.8309248198,102.8478067257
2299, 2026-05-29 10:16:36,1780038996,4596.0,46.5927654609,112.8293735532,123.4979839189,112.5575840327,102.4325527079
2300, 2026-05-29 10:16:38,1780038998,4598.0,46.5869311552,113.3736120449,123.6322410173,111.2681583022,105.2204368152
2301, 2026-05-29 10:16:40,1780039000,4600.0,46.5810968495,112.9779339094,123.5801809829,111.8985117603,103.4551089851
2302, 2026-05-29 10:16:42,1780039002,4602.0,46.5752625438,114.4249840013,124.5305303978,112.5153034816,106.2291181245
2303, 2026-05-29 10:16:44,1780039004,4604.0,46.5694282380,113.3923236802,123.3065117973,113.0288868432,103.8415724000
2304, 2026-05-29 10:16:46,1780039006,4606.0,46.5635939323,115.0297350858,125.8556974383,113.0438106731,106.1896971460
2305, 2026-05-29 10:16:48,1780039008,4608.0,46.5577596266,113.4780684044,122.7343421607,114.9056359652,102.7942270872
2306, 2026-05-29 10:16:50,1780039010,4610.0,46.5519253209,114.0431880504,126.6447452562,112.9750962672,102.5097226278
2307, 2026-05-29 10:16:52,1780039012,4612.0,46.5460910152,113.3552942822,123.6113633907,112.3765613587,104.0779580973
2308, 2026-05-29 10:16:54,1780039014,4614.0,46.5402567095,112.8445604599,122.8175162622,113.0014800858,102.7146850317
2309, 2026-05-29 10:16:56,1780039016,4616.0,46.5344224037,113.9240426214,125.8173779130,112.2949115368,103.6598384142
2310, 2026-05-29 10:16:58,1780039018,4618.0,46.5285880980,113.3541858983,122.8830816802,113.5705541189,103.6089218960
2311, 2026-05-29 10:17:00,1780039020,4620.0,46.5227537923,115.8185965967,125.7864142169,114.7430356825,106.9263398905
2312, 2026-05-29 10:17:02,1780039022,4622.0,46.5169194866,114.8143520769,125.8692225173,114.2602540357,104.3135796777
2313, 2026-05-29 10:17:04,1780039024,4624.0,46.5110851809,113.2793684313,121.2847308026,114.5244433701,104.0289311214
2314, 2026-05-29 10:17:06,1780039026,4626.0,46.5052508751,114.2203614560,125.5113037477,114.8618442415,102.2879363789
2315, 2026-05-29 10:17:08,1780039028,4628.0,46.4994165694,114.4664088856,122.4098659139,115.4084917575,105.5808689854
2316, 2026-05-29 10:17:10,1780039030,4630.0,46.4935822637,114.7709260910,126.4740943855,112.5933834721,105.2453004153
2317, 2026-05-29 10:17:12,1780039032,4632.0,46.4877479580,113.5667903685,125.0328528139,111.5777389562,104.0897793353
2318, 2026-05-29 10:17:14,1780039034,4634.0,46.4819136523,114.1172866933,123.9894013468,114.2061996957,104.1562590374
2319, 2026-05-29 10:17:16,1780039036,4636.0,46.4760793466,115.1570728510,125.3580375552,115.2805472596,104.8326337382
2320, 2026-05-29 10:17:18,1780039038,4638.0,46.4702450408,115.0365131105,126.0282546997,115.9784725004,103.1028121314
2321, 2026-05-29 10:17:20,1780039040,4640.0,46.4644107351,113.4111872235,125.0567353557,111.1593220770,104.0175042379
2322, 2026-05-29 10:17:22,1780039042,4642.0,46.4585764294,113.3347487360,124.9896919583,111.4057590013,103.6087952485
2323, 2026-05-29 10:17:24,1780039044,4644.0,46.4527421237,114.4709501002,122.9508892936,115.1026892653,105.3592717418
2324, 2026-05-29 10:17:26,1780039046,4646.0,46.4469078180,115.3901822637,126.6705165442,114.6063839387,104.8936463084
2325, 2026-05-29 10:17:28,1780039048,4648.0,46.4410735123,114.4985602006,124.5577932530,113.3061067353,105.6317806135
2326, 2026-05-29 10:17:30,1780039050,4650.0,46.4352392065,113.3468668285,125.0654384898,112.1427193489,102.8324426469
2327, 2026-05-29 10:17:32,1780039052,4652.0,46.4294049008,114.6971824493,126.4672747456,113.6396597930,103.9846128093
2328, 2026-05-29 10:17:34,1780039054,4654.0,46.4235705951,113.8150314474,124.5630423505,112.0346826551,104.8473693366
2329, 2026-05-29 10:17:36,1780039056,4656.0,46.4177362894,113.5027025127,123.5590659067,113.8149100695,103.1341315619
2330, 2026-05-29 10:17:38,1780039058,4658.0,46.4119019837,114.5257160861,123.1584832027,115.8612118893,104.5574531663
2331, 2026-05-29 10:17:40,1780039060,4660.0,46.4060676779,113.4642230015,124.7607627691,111.9165339076,103.7153723277
2332, 2026-05-29 10:17:42,1780039062,4662.0,46.4002333722,114.4866480134,127.2634778319,114.2148222835,101.9816439248
2333, 2026-05-29 10:17:44,1780039064,4664.0,46.3943990665,116.4667275522,127.7039236989,114.9089991914,106.7872597664
2334, 2026-05-29 10:17:46,1780039066,4666.0,46.3885647608,115.5803799016,125.5686992729,115.3611310236,105.8113094085
2335, 2026-05-29 10:17:48,1780039068,4668.0,46.3827304551,114.4000707009,124.7288067804,114.5180732370,103.9533320854
2336, 2026-05-29 10:17:50,1780039070,4670.0,46.3768961494,113.3628035460,125.0430323398,111.4186542097,103.6267240885
2337, 2026-05-29 10:17:52,1780039072,4672.0,46.3710618436,114.1491329050,124.4615196026,115.2380232747,102.7478558377
2338, 2026-05-29 10:17:54,1780039074,4674.0,46.3652275379,113.2347495312,124.5521203882,112.0231372993,103.1289909061
2339, 2026-05-29 10:17:56,1780039076,4676.0,46.3593932322,115.9123065515,127.4579859164,114.7537901568,105.5251435812
2340, 2026-05-29 10:17:58,1780039078,4678.0,46.3535589265,114.1816078609,123.7878355782,113.4158553244,105.3411326802
2341, 2026-05-29 10:18:00,1780039080,4680.0,46.3477246208,116.2869411021,126.7251280676,115.1824032220,106.9532920166
2342, 2026-05-29 10:18:02,1780039082,4682.0,46.3418903151,115.1354180355,123.6341906930,115.7501553544,106.0219080591
2343, 2026-05-29 10:18:04,1780039084,4684.0,46.3360560093,114.0938823107,125.7056303235,112.0312165362,104.5448000722
2344, 2026-05-29 10:18:06,1780039086,4686.0,46.3302217036,115.0804212580,125.5315411368,114.5664491832,105.1432734540
2345, 2026-05-29 10:18:08,1780039088,4688.0,46.3243873979,114.0809220263,122.8548745268,114.8327100414,104.5551815106
2346, 2026-05-29 10:18:10,1780039090,4690.0,46.3185530922,114.0063220467,123.5173250044,114.0930302500,104.4086108858
2347, 2026-05-29 10:18:12,1780039092,4692.0,46.3127187865,113.7684913173,126.1541245511,111.8104603806,103.3408890202
2348, 2026-05-29 10:18:14,1780039094,4694.0,46.3068844807,114.7585792133,124.5607291590,114.4729581692,105.2420503115
2349, 2026-05-29 10:18:16,1780039096,4696.0,46.3010501750,115.3752564084,126.7974975343,114.3443766249,104.9838950660
2350, 2026-05-29 10:18:18,1780039098,4698.0,46.2952158693,113.8176273143,123.5911382208,113.1339317964,104.7278119256
2351, 2026-05-29 10:18:20,1780039100,4700.0,46.2893815636,114.7452927572,125.1803845312,114.4634857535,104.5920079870
2352, 2026-05-29 10:18:22,1780039102,4702.0,46.2835472579,114.8622804863,125.7041410370,113.4851934754,105.3975069467
2353, 2026-05-29 10:18:24,1780039104,4704.0,46.2777129522,115.0188786159,122.9379066445,115.8689714474,106.2497577559
2354, 2026-05-29 10:18:26,1780039106,4706.0,46.2718786464,115.0631336127,123.8183424453,114.4790487838,106.8920096089
2355, 2026-05-29 10:18:28,1780039108,4708.0,46.2660443407,115.3922662613,126.2526340687,115.5222339159,104.4019307992
2356, 2026-05-29 10:18:30,1780039110,4710.0,46.2602100350,114.2367911915,125.6809217991,111.4493487429,105.5801030327
2357, 2026-05-29 10:18:32,1780039112,4712.0,46.2543757293,115.4430919016,126.5747195296,116.2781022248,103.4764539504
2358, 2026-05-29 10:18:34,1780039114,4714.0,46.2485414236,113.8063569100,125.0960344326,112.8136060122,103.5094302851
2359, 2026-05-29 10:18:36,1780039116,4716.0,46.2427071179,115.0722162153,125.6395518313,113.7034696420,105.8736271726
2360, 2026-05-29 10:18:38,1780039118,4718.0,46.2368728121,114.6324900856,123.7019114450,114.2513572027,105.9442016090
2361, 2026-05-29 10:18:40,1780039120,4720.0,46.2310385064,114.5582602821,124.6451396944,114.0235558169,105.0060853349
2362, 2026-05-29 10:18:42,1780039122,4722.0,46.2252042007,116.2605862164,127.9774649949,115.4742604075,105.3300332469
2363, 2026-05-29 10:18:44,1780039124,4724.0,46.2193698950,113.8845203902,124.3487787971,114.9401564236,102.3646259499
2364, 2026-05-29 10:18:46,1780039126,4726.0,46.2135355893,115.0526036950,127.0592906951,112.7495607721,105.3489596178
2365, 2026-05-29 10:18:48,1780039128,4728.0,46.2077012835,113.5923566605,124.0817632717,111.8513269391,104.8439797708
2366, 2026-05-29 10:18:50,1780039130,4730.0,46.2018669778,115.5726891974,123.6929391603,119.3661732151,103.6589552167
2367, 2026-05-29 10:18:52,1780039132,4732.0,46.1960326721,113.6646954849,125.2519826499,112.5356585943,103.2064452105
2368, 2026-05-29 10:18:54,1780039134,4734.0,46.1901983664,115.0919199163,125.2893658553,117.4428932253,102.5435006682
2369, 2026-05-29 10:18:56,1780039136,4736.0,46.1843640607,115.8490924028,126.7121236002,114.2328529861,106.6023006221
2370, 2026-05-29 10:18:58,1780039138,4738.0,46.1785297550,115.3547676080,125.6770551877,112.8394691996,107.5477784367
2371, 2026-05-29 10:19:00,1780039140,4740.0,46.1726954492,114.9174672853,125.9992869502,113.9092049211,104.8439099845
2372, 2026-05-29 10:19:02,1780039142,4742.0,46.1668611435,114.9105409559,126.9021320690,115.6841762806,102.1453145179
2373, 2026-05-29 10:19:04,1780039144,4744.0,46.1610268378,115.8151968013,125.4258445334,114.3492992404,107.6704466301
2374, 2026-05-29 10:19:06,1780039146,4746.0,46.1551925321,116.8860682428,128.1923904303,117.5835441565,104.8822701417
2375, 2026-05-29 10:19:08,1780039148,4748.0,46.1493582264,116.1287912202,124.1939467309,117.1750957523,107.0173311775
2376, 2026-05-29 10:19:10,1780039150,4750.0,46.1435239207,115.3472125359,128.1568896335,114.1524226385,103.7323253356
2377, 2026-05-29 10:19:12,1780039152,4752.0,46.1376896149,115.6953149164,126.2874212872,113.9489203731,106.8496030889
2378, 2026-05-29 10:19:14,1780039154,4754.0,46.1318553092,115.5380202650,125.2766726767,114.2495510049,107.0878371133
2379, 2026-05-29 10:19:16,1780039156,4756.0,46.1260210035,115.1590696804,124.9678769127,115.1899427554,105.3193893730
2380, 2026-05-29 10:19:18,1780039158,4758.0,46.1201866978,114.6516841175,124.5204955721,114.3863857530,105.0481710275
2381, 2026-05-29 10:19:20,1780039160,4760.0,46.1143523921,114.4769417736,126.8048439067,116.4691166705,100.1568647435
2382, 2026-05-29 10:19:22,1780039162,4762.0,46.1085180863,114.3789918075,124.2173453062,115.2743306953,103.6452994211
2383, 2026-05-29 10:19:24,1780039164,4764.0,46.1026837806,115.6337712308,127.0772837661,115.6831187895,104.1409111368
2384, 2026-05-29 10:19:26,1780039166,4766.0,46.0968494749,115.6527536758,125.5858950951,115.7832968429,105.5890690894
2385, 2026-05-29 10:19:28,1780039168,4768.0,46.0910151692,116.5526357356,125.9939256399,116.8573851956,106.8065963712
2386, 2026-05-29 10:19:30,1780039170,4770.0,46.0851808635,115.2355640769,126.1514476428,112.8440876762,106.7111569117
2387, 2026-05-29 10:19:32,1780039172,4772.0,46.0793465578,115.3731919023,125.4585898428,115.1887436816,105.4722421825
2388, 2026-05-29 10:19:34,1780039174,4774.0,46.0735122520,114.8822840623,123.6679029467,112.7876075171,108.1913417232
2389, 2026-05-29 10:19:36,1780039176,4776.0,46.0676779463,115.2231422810,125.6784580108,114.6315845348,105.3593842974
2390, 2026-05-29 10:19:38,1780039178,4778.0,46.0618436406,114.3604103513,125.4897222248,114.8935287476,102.6979800815
2391, 2026-05-29 10:19:40,1780039180,4780.0,46.0560093349,116.5347261487,125.6372130735,118.6081469983,105.3588183743
2392, 2026-05-29 10:19:42,1780039182,4782.0,46.0501750292,113.4861154868,126.1843827743,112.3357952468,101.9381684394
2393, 2026-05-29 10:19:44,1780039184,4784.0,46.0443407235,114.8771309825,125.3397693028,114.0396229686,105.2520006761
2394, 2026-05-29 10:19:46,1780039186,4786.0,46.0385064177,115.8127883003,124.4529767997,115.2932228593,107.6921652417
2395, 2026-05-29 10:19:48,1780039188,4788.0,46.0326721120,114.9361122987,125.8441339879,114.0628832469,104.9013196613
2396, 2026-05-29 10:19:50,1780039190,4790.0,46.0268378063,116.7737407581,126.3798807454,115.7477075846,108.1936339444
2397, 2026-05-29 10:19:52,1780039192,4792.0,46.0210035006,115.9009624104,126.5111850416,114.4843381150,106.7073640745
2398, 2026-05-29 10:19:54,1780039194,4794.0,46.0151691949,115.7061892667,125.2864320501,116.5781581197,105.2539776303
2399, 2026-05-29 10:19:56,1780039196,4796.0,46.0093348891,116.0226303997,128.1925192093,114.3579311133,105.5174408766
2400, 2026-05-29 10:19:58,1780039198,4798.0,46.0035005834,115.5455883272,125.0165143100,117.2020843918,104.4181662798
2401, 2026-05-29 10:20:00,1780039200,4800.0,45.9976662777,115.3763716433,125.9760204440,113.5694833187,106.5836111672
2402, 2026-05-29 10:20:02,1780039202,4802.0,45.9918319720,114.2047154627,123.3253115753,113.2057544785,106.0830803343
2403, 2026-05-29 10:20:04,1780039204,4804.0,45.9859976663,115.7165986823,126.8893545103,116.4783010677,103.7821404688
2404, 2026-05-29 10:20:06,1780039206,4806.0,45.9801633606,115.3901642156,126.5191261413,113.5813879118,106.0699785938
2405, 2026-05-29 10:20:08,1780039208,4808.0,45.9743290548,115.2116643082,127.3610677562,115.1793633880,103.0945617803
2406, 2026-05-29 10:20:10,1780039210,4810.0,45.9684947491,115.3618313819,124.4016850934,116.2491352627,105.4346737896
2407, 2026-05-29 10:20:12,1780039212,4812.0,45.9626604434,114.1324125102,124.9536811831,111.8739640717,105.5695922759
2408, 2026-05-29 10:20:14,1780039214,4814.0,45.9568261377,115.0822180872,122.5867088945,115.5890245775,107.0709207895
2409, 2026-05-29 10:20:16,1780039216,4816.0,45.9509918320,115.4695377114,125.4506694519,116.3604127150,104.5975309674
2410, 2026-05-29 10:20:18,1780039218,4818.0,45.9451575263,114.5943143604,123.8163312532,114.5215817406,105.4450300874
2411, 2026-05-29 10:20:20,1780039220,4820.0,45.9393232205,114.8915314861,125.1030130855,113.9738289016,105.5977524712
2412, 2026-05-29 10:20:22,1780039222,4822.0,45.9334889148,116.2982999014,126.0066334169,117.5097167492,105.3785495382
2413, 2026-05-29 10:20:24,1780039224,4824.0,45.9276546091,115.0705394876,125.2967333486,113.1508462286,106.7640388855
2414, 2026-05-29 10:20:26,1780039226,4826.0,45.9218203034,116.3016855158,126.6227749896,117.5422823122,104.7399992456
2415, 2026-05-29 10:20:28,1780039228,4828.0,45.9159859977,115.4514155832,125.2881744100,115.5080874770,105.5579848627
2416, 2026-05-29 10:20:30,1780039230,4830.0,45.9101516919,117.3968980861,129.2206935190,115.2542893682,107.7157113710
2417, 2026-05-29 10:20:32,1780039232,4832.0,45.9043173862,115.5356752227,124.9717512700,117.5288562590,104.1064181389
2418, 2026-05-29 10:20:34,1780039234,4834.0,45.8984830805,117.1975475281,128.2379950936,118.8664595396,104.4881879511
2419, 2026-05-29 10:20:36,1780039236,4836.0,45.8926487748,117.4261809414,126.1083885815,118.9797693282,107.1903849147
2420, 2026-05-29 10:20:38,1780039238,4838.0,45.8868144691,115.5820391197,125.1815184204,114.2473260000,107.3172729387
2421, 2026-05-29 10:20:40,1780039240,4840.0,45.8809801634,115.1361695504,124.4755653304,113.5440198844,107.3889234364
2422, 2026-05-29 10:20:42,1780039242,4842.0,45.8751458576,115.9497118015,126.8965493876,116.5674428461,104.3851431708
2423, 2026-05-29 10:20:44,1780039244,4844.0,45.8693115519,116.5091939666,126.1201091384,118.0619030690,105.3455696924
2424, 2026-05-29 10:20:46,1780039246,4846.0,45.8634772462,116.7461821460,128.1898277751,116.6765937964,105.3721248664
2425, 2026-05-29 10:20:48,1780039248,4848.0,45.8576429405,114.8363985155,124.6421580615,114.4089815433,105.4580559416
2426, 2026-05-29 10:20:50,1780039250,4850.0,45.8518086348,117.8341877714,127.7641135874,120.1185090039,105.6199407228
2427, 2026-05-29 10:20:52,1780039252,4852.0,45.8459743291,117.1172180890,128.9905490566,116.6686351759,105.6924700346
2428, 2026-05-29 10:20:54,1780039254,4854.0,45.8401400233,116.7989928491,127.7336651497,114.4911608134,108.1721525843
2429, 2026-05-29 10:20:56,1780039256,4856.0,45.8343057176,115.0252031780,126.7713936361,113.4167651924,104.8874507055
2430, 2026-05-29 10:20:58,1780039258,4858.0,45.8284714119,116.2204520675,127.3613094490,116.9272860796,104.3727606737
2431, 2026-05-29 10:21:00,1780039260,4860.0,45.8226371062,114.8590719303,124.9080231140,115.9325832015,103.7366094753
2432, 2026-05-29 10:21:02,1780039262,4862.0,45.8168028005,116.0314210979,126.1113487708,117.2553914631,104.7275230598
2433, 2026-05-29 10:21:04,1780039264,4864.0,45.8109684947,117.9341730267,126.0278898172,118.2534461538,109.5211831089
2434, 2026-05-29 10:21:06,1780039266,4866.0,45.8051341890,116.6918397010,126.5977369343,116.5793422152,106.8984399534
2435, 2026-05-29 10:21:08,1780039268,4868.0,45.7992998833,118.5851917713,130.8243748227,117.9903756035,106.9408248878
2436, 2026-05-29 10:21:10,1780039270,4870.0,45.7934655776,115.9004232347,125.8604028024,116.6904101003,105.1504568014
2437, 2026-05-29 10:21:12,1780039272,4872.0,45.7876312719,114.6980393529,125.4589822355,114.0714627058,104.5636731175
2438, 2026-05-29 10:21:14,1780039274,4874.0,45.7817969662,116.4807157641,127.5302141008,115.4479537839,106.4639794076
2439, 2026-05-29 10:21:16,1780039276,4876.0,45.7759626604,116.7484389955,126.6153447350,115.4088673887,108.2211048627
2440, 2026-05-29 10:21:18,1780039278,4878.0,45.7701283547,117.2429707787,125.9848412178,119.3493018684,106.3947692498
2441, 2026-05-29 10:21:20,1780039280,4880.0,45.7642940490,116.0695295427,125.1557794231,117.0388249806,106.0139842243
2442, 2026-05-29 10:21:22,1780039282,4882.0,45.7584597433,116.1968035418,126.8364116387,116.4712644593,105.2827345273
2443, 2026-05-29 10:21:24,1780039284,4884.0,45.7526254376,116.8512157923,127.7418099167,118.7611925270,104.0506449333
2444, 2026-05-29 10:21:26,1780039286,4886.0,45.7467911319,115.7293728378,127.3505523749,117.0015134494,102.8360526892
2445, 2026-05-29 10:21:28,1780039288,4888.0,45.7409568261,117.1090940397,126.2333830975,116.8292133311,108.2646856904
2446, 2026-05-29 10:21:30,1780039290,4890.0,45.7351225204,117.2862880588,128.1048461085,117.7210179306,106.0330001374
2447, 2026-05-29 10:21:32,1780039292,4892.0,45.7292882147,116.6523899015,128.0760344420,116.0090354219,105.8720998405
2448, 2026-05-29 10:21:34,1780039294,4894.0,45.7234539090,115.5652677355,127.2326727909,114.2360822016,105.2270482142
2449, 2026-05-29 10:21:36,1780039296,4896.0,45.7176196033,116.4527775158,124.4412703983,119.6645544104,105.2525077388
2450, 2026-05-29 10:21:38,1780039298,4898.0,45.7117852975,118.0041883926,128.1119988147,117.2132066830,108.6873596802
2451, 2026-05-29 10:21:40,1780039300,4900.0,45.7059509918,117.0426200487,126.8871061692,117.4073669729,106.8333870040
2452, 2026-05-29 10:21:42,1780039302,4902.0,45.7001166861,116.7464064716,129.2597823766,116.1020618622,104.8773751758
2453, 2026-05-29 10:21:44,1780039304,4904.0,45.6942823804,116.3280011736,126.9664680349,117.3134607675,104.7040747184
2454, 2026-05-29 10:21:46,1780039306,4906.0,45.6884480747,116.6259258676,126.8703493299,113.8064114760,109.2010167971
2455, 2026-05-29 10:21:48,1780039308,4908.0,45.6826137690,116.8285326983,126.3259736624,117.8803365545,106.2792878782
2456, 2026-05-29 10:21:50,1780039310,4910.0,45.6767794632,117.5626586097,131.4311051985,116.3424843878,104.9143862427
2457, 2026-05-29 10:21:52,1780039312,4912.0,45.6709451575,116.6615945849,129.2402021149,116.3393075561,104.4052740836
2458, 2026-05-29 10:21:54,1780039314,4914.0,45.6651108518,117.6140530268,129.0745574351,118.0669940681,105.7006075772
2459, 2026-05-29 10:21:56,1780039316,4916.0,45.6592765461,118.7421581003,130.7648182978,116.8932153205,108.5684406828
2460, 2026-05-29 10:21:58,1780039318,4918.0,45.6534422404,117.6842308650,127.1815809370,118.2021173773,107.6689942807
2461, 2026-05-29 10:22:00,1780039320,4920.0,45.6476079347,117.7788618984,126.3448878540,119.7382644958,107.2534333454
2462, 2026-05-29 10:22:02,1780039322,4922.0,45.6417736289,115.0192304094,127.4523520338,113.7165460011,103.8887931932
2463, 2026-05-29 10:22:04,1780039324,4924.0,45.6359393232,118.3635850119,129.4800374453,116.9898254408,108.6208921497
2464, 2026-05-29 10:22:06,1780039326,4926.0,45.6301050175,116.7960372647,127.7997449793,115.2476882955,107.3406785192
2465, 2026-05-29 10:22:08,1780039328,4928.0,45.6242707118,117.0617778097,127.9107140828,116.5679409943,106.7066783518
2466, 2026-05-29 10:22:10,1780039330,4930.0,45.6184364061,116.5223027804,124.5530509508,118.2126235187,106.8012338718
2467, 2026-05-29 10:22:12,1780039332,4932.0,45.6126021004,116.4187017591,127.0263696673,115.4977767494,106.7319588605
2468, 2026-05-29 10:22:14,1780039334,4934.0,45.6067677946,116.0427581531,128.0531076496,113.9759565355,106.0992102742
2469, 2026-05-29 10:22:16,1780039336,4936.0,45.6009334889,117.1139118874,126.9611638141,118.7141419472,105.6664299011
2470, 2026-05-29 10:22:18,1780039338,4938.0,45.5950991832,117.4512018514,127.6702462684,116.3909536698,108.2924056159
2471, 2026-05-29 10:22:20,1780039340,4940.0,45.5892648775,117.1482031028,127.3670696316,118.7939638301,105.2835758466
2472, 2026-05-29 10:22:22,1780039342,4942.0,45.5834305718,118.9212524898,129.2212065983,117.3691431367,110.1734077345
2473, 2026-05-29 10:22:24,1780039344,4944.0,45.5775962660,116.2989530167,126.6522850474,115.3674508323,106.8771231704
2474, 2026-05-29 10:22:26,1780039346,4946.0,45.5717619603,118.3218932251,130.5103335034,117.1673768997,107.2879692722
2475, 2026-05-29 10:22:28,1780039348,4948.0,45.5659276546,117.2167835756,127.5275089296,115.3696019009,108.7532398963
2476, 2026-05-29 10:22:30,1780039350,4950.0,45.5600933489,117.7348047032,128.6305939347,117.3134768603,107.2603433146
2477, 2026-05-29 10:22:32,1780039352,4952.0,45.5542590432,116.7378277429,128.1868515766,117.8975628648,104.1290687873
2478, 2026-05-29 10:22:34,1780039354,4954.0,45.5484247375,116.2064205593,128.5417425310,115.4413113812,104.6362077656
2479, 2026-05-29 10:22:36,1780039356,4956.0,45.5425904317,116.2381062769,127.6264272399,114.4613326614,106.6265589295
2480, 2026-05-29 10:22:38,1780039358,4958.0,45.5367561260,117.0586994302,129.3294620059,117.3838574205,104.4627788643
2481, 2026-05-29 10:22:40,1780039360,4960.0,45.5309218203,118.6851459751,131.2253377702,116.2560775345,108.5740226205
2482, 2026-05-29 10:22:42,1780039362,4962.0,45.5250875146,115.8438767198,126.1064722631,114.9468484099,106.4783094863
2483, 2026-05-29 10:22:44,1780039364,4964.0,45.5192532089,118.1751838660,126.7855131827,118.6287487536,109.1112896617
2484, 2026-05-29 10:22:46,1780039366,4966.0,45.5134189032,115.9691580341,126.5516336311,114.5631947554,106.7926457159
2485, 2026-05-29 10:22:48,1780039368,4968.0,45.5075845974,117.7764965456,128.6864414846,116.3764461223,108.2666020299
2486, 2026-05-29 10:22:50,1780039370,4970.0,45.5017502917,117.8594627648,128.4401799023,117.9693884518,107.1688199403
2487, 2026-05-29 10:22:52,1780039372,4972.0,45.4959159860,117.9013370431,126.7572538165,120.0746195827,106.8721377302
2488, 2026-05-29 10:22:54,1780039374,4974.0,45.4900816803,118.1779574558,128.9404336583,116.6270401959,108.9663985131
2489, 2026-05-29 10:22:56,1780039376,4976.0,45.4842473746,116.8313531710,127.9269173830,116.8891369923,105.6780051377
2490, 2026-05-29 10:22:58,1780039378,4978.0,45.4784130688,117.5501854753,127.9422620367,117.1537733499,107.5545210393
2491, 2026-05-29 10:23:00,1780039380,4980.0,45.4725787631,117.6145586857,126.7979971481,118.9276012063,107.1180777026
2492, 2026-05-29 10:23:02,1780039382,4982.0,45.4667444574,116.6996780506,129.0638400403,116.5913461535,104.4438479580
2493, 2026-05-29 10:23:04,1780039384,4984.0,45.4609101517,117.1596487912,126.4978134370,116.2816587067,108.6994742298
2494, 2026-05-29 10:23:06,1780039386,4986.0,45.4550758460,116.9524929591,127.8800815058,115.5915299840,107.3858673876
2495, 2026-05-29 10:23:08,1780039388,4988.0,45.4492415403,118.4672458715,126.9817588737,119.9383179139,108.4816608269
2496, 2026-05-29 10:23:10,1780039390,4990.0,45.4434072345,117.6971945692,127.8916221904,115.6232642618,109.5766972555
2497, 2026-05-29 10:23:12,1780039392,4992.0,45.4375729288,117.8154750838,127.4620708971,118.3164989045,107.6678554499
2498, 2026-05-29 10:23:14,1780039394,4994.0,45.4317386231,119.1164378142,129.6747563294,119.4631148448,108.2114422684
2499, 2026-05-29 10:23:16,1780039396,4996.0,45.4259043174,117.1596313149,126.2023593861,117.3357304101,107.9408041484
2500, 2026-05-29 10:23:18,1780039398,4998.0,45.4200700117,117.7040950612,128.1047735763,118.2068335724,106.8006780349
2501, 2026-05-29 10:23:20,1780039400,5000.0,45.4142357060,118.4214414102,128.8496215199,119.2672477727,107.1474549380
2502, 2026-05-29 10:23:22,1780039402,5002.0,45.4084014002,117.6130549323,128.5266495608,117.2850985651,107.0274166710
2503, 2026-05-29 10:23:24,1780039404,5004.0,45.4025670945,118.4601083983,128.9774179553,116.4747510626,109.9281561771
2504, 2026-05-29 10:23:26,1780039406,5006.0,45.3967327888,117.2874479779,127.7427760562,115.5181538811,108.6014139965
2505, 2026-05-29 10:23:28,1780039408,5008.0,45.3908984831,118.4653599337,128.8524158142,120.0924023323,106.4512616546
2506, 2026-05-29 10:23:30,1780039410,5010.0,45.3850641774,118.9689811662,129.4692154912,119.2254662800,108.2122617272
2507, 2026-05-29 10:23:32,1780039412,5012.0,45.3792298716,118.9513598612,128.2097121468,120.7935931610,107.8507742759
2508, 2026-05-29 10:23:34,1780039414,5014.0,45.3733955659,118.3473224092,128.8160864735,118.1080323243,108.1178484296
2509, 2026-05-29 10:23:36,1780039416,5016.0,45.3675612602,118.0523666451,130.2812277923,117.2876224415,106.5882497013
2510, 2026-05-29 10:23:38,1780039418,5018.0,45.3617269545,117.4193965615,128.4728242377,117.5458801026,106.2394853442
2511, 2026-05-29 10:23:40,1780039420,5020.0,45.3558926488,116.4184657330,127.5629276322,115.5215104566,106.1709591100
2512, 2026-05-29 10:23:42,1780039422,5022.0,45.3500583431,118.9775209853,129.5276568684,119.3574345783,108.0474715091
2513, 2026-05-29 10:23:44,1780039424,5024.0,45.3442240373,117.7293687418,131.4979607072,114.3981959615,107.2919495567
2514, 2026-05-29 10:23:46,1780039426,5026.0,45.3383897316,116.7493366421,125.9769269153,115.9098058368,108.3612771741
2515, 2026-05-29 10:23:48,1780039428,5028.0,45.3325554259,116.1325886703,127.9296915425,114.9037643935,105.5643100750
2516, 2026-05-29 10:23:50,1780039430,5030.0,45.3267211202,118.5636269248,127.9180987812,119.9624095609,107.8103724323
2517, 2026-05-29 10:23:52,1780039432,5032.0,45.3208868145,118.0331945486,128.0477846086,118.0437924974,108.0080065398
2518, 2026-05-29 10:23:54,1780039434,5034.0,45.3150525088,119.9772681141,130.1790314714,119.4340671643,110.3187057064
2519, 2026-05-29 10:23:56,1780039436,5036.0,45.3092182030,117.4035936894,128.8081113961,117.6393755339,105.7632941383
2520, 2026-05-29 10:23:58,1780039438,5038.0,45.3033838973,117.9837274535,128.6874786737,117.7298498692,107.5338538177
2521, 2026-05-29 10:24:00,1780039440,5040.0,45.2975495916,116.4662760033,126.3772578865,116.4577462292,106.5638238942
2522, 2026-05-29 10:24:02,1780039442,5042.0,45.2917152859,117.3152669884,126.7565052433,116.3363157476,108.8529799743
2523, 2026-05-29 10:24:04,1780039444,5044.0,45.2858809802,115.9331772405,127.9532131641,114.3219101368,105.5244084207
2524, 2026-05-29 10:24:06,1780039446,5046.0,45.2800466744,119.9793020803,128.4423043678,121.4131823045,110.0824195685
2525, 2026-05-29 10:24:08,1780039448,5048.0,45.2742123687,118.0178279616,130.0935765188,117.1795956461,106.7803117199
2526, 2026-05-29 10:24:10,1780039450,5050.0,45.2683780630,116.8680296536,127.8538560605,117.1943436086,105.5558892916
2527, 2026-05-29 10:24:12,1780039452,5052.0,45.2625437573,116.9066389296,127.8810546627,116.6782221020,106.1606400239
2528, 2026-05-29 10:24:14,1780039454,5054.0,45.2567094516,116.9471960514,126.7025516990,115.6837953580,108.4552410972
2529, 2026-05-29 10:24:16,1780039456,5056.0,45.2508751459,117.8533939056,128.5352876131,116.6903034785,108.3345906253
2530, 2026-05-29 10:24:18,1780039458,5058.0,45.2450408401,118.3881940954,129.2005228705,118.2220257037,107.7420337120
2531, 2026-05-29 10:24:20,1780039460,5060.0,45.2392065344,118.5951818440,127.6939978651,117.6859869450,110.4055607219
2532, 2026-05-29 10:24:22,1780039462,5062.0,45.2333722287,117.7505788233,128.6050617800,116.8545366128,107.7921380770
2533, 2026-05-29 10:24:24,1780039464,5064.0,45.2275379230,118.4202061996,129.8053042733,118.4475068150,107.0078075105
2534, 2026-05-29 10:24:26,1780039466,5066.0,45.2217036173,117.8155616234,127.6560529167,118.7020190892,107.0886128643
2535, 2026-05-29 10:24:28,1780039468,5068.0,45.2158693116,118.0932270187,128.2059877381,118.0265205672,108.0471727508
2536, 2026-05-29 10:24:30,1780039470,5070.0,45.2100350058,119.4630954841,128.9619162647,119.0055633454,110.4218068423
2537, 2026-05-29 10:24:32,1780039472,5072.0,45.2042007001,118.3231981337,128.5128848756,116.6526969126,109.8040126130
2538, 2026-05-29 10:24:34,1780039474,5074.0,45.1983663944,118.0438062579,129.3694696297,117.2437756711,107.5181734729
2539, 2026-05-29 10:24:36,1780039476,5076.0,45.1925320887,118.2516175742,127.3055390788,119.8465602222,107.6027534215
2540, 2026-05-29 10:24:38,1780039478,5078.0,45.1866977830,118.7684677120,129.2294145333,119.8796282634,107.1963603392
2541, 2026-05-29 10:24:40,1780039480,5080.0,45.1808634772,119.4044847776,129.7683163102,118.2412808895,110.2038571331
2542, 2026-05-29 10:24:42,1780039482,5082.0,45.1750291715,119.3994746801,130.0454613174,116.5460842027,111.6068785203
2543, 2026-05-29 10:24:44,1780039484,5084.0,45.1691948658,117.0281453039,130.3569691736,115.3445566345,105.3829101035
2544, 2026-05-29 10:24:46,1780039486,5086.0,45.1633605601,117.3660150551,128.5218347315,116.7055396297,106.8706708042
2545, 2026-05-29 10:24:48,1780039488,5088.0,45.1575262544,117.4848715941,128.3319642031,117.6770377057,106.4456128736
2546, 2026-05-29 10:24:50,1780039490,5090.0,45.1516919487,117.4501566525,127.8872528007,117.2281919724,107.2350251846
2547, 2026-05-29 10:24:52,1780039492,5092.0,45.1458576429,119.0722106615,129.5861027182,119.0941044217,108.5364248447
2548, 2026-05-29 10:24:54,1780039494,5094.0,45.1400233372,117.0666029427,125.9930564863,117.2552952227,107.9514571192
2549, 2026-05-29 10:24:56,1780039496,5096.0,45.1341890315,118.2174876990,127.9105344916,118.9330501995,107.8088784060
2550, 2026-05-29 10:24:58,1780039498,5098.0,45.1283547258,116.9133800513,126.6094795624,115.9437245794,108.1869360122
2551, 2026-05-29 10:25:00,1780039500,5100.0,45.1225204201,119.6336174273,128.5633958947,119.6071384890,110.7303178981
2552, 2026-05-29 10:25:02,1780039502,5102.0,45.1166861144,119.7312871751,129.7071107055,120.1602755154,109.3264753043
2553, 2026-05-29 10:25:04,1780039504,5104.0,45.1108518086,118.3507442632,128.2763488942,119.6277248176,107.1481590778
2554, 2026-05-29 10:25:06,1780039506,5106.0,45.1050175029,118.1573057216,128.2252244612,117.5622984558,108.6843942479
2555, 2026-05-29 10:25:08,1780039508,5108.0,45.0991831972,118.1646475774,128.5494645560,119.0127870343,106.9316911417
2556, 2026-05-29 10:25:10,1780039510,5110.0,45.0933488915,119.1340491091,129.4071229592,117.0068427394,110.9881816286
2557, 2026-05-29 10:25:12,1780039512,5112.0,45.0875145858,119.3972410959,131.9169997911,115.7833754670,110.4913480295
2558, 2026-05-29 10:25:14,1780039514,5114.0,45.0816802800,119.4739498151,130.5642191264,119.9608767998,107.8967535190
2559, 2026-05-29 10:25:16,1780039516,5116.0,45.0758459743,117.9175132020,128.7770518345,116.8202636410,108.1552241306
2560, 2026-05-29 10:25:18,1780039518,5118.0,45.0700116686,119.1658740752,132.0649393919,118.4848585667,106.9478242671
2561, 2026-05-29 10:25:20,1780039520,5120.0,45.0641773629,119.4614142582,128.4608787401,119.8462068171,110.0771572173
2562, 2026-05-29 10:25:22,1780039522,5122.0,45.0583430572,117.9328023378,129.7237110831,117.6774940257,106.3972019046
2563, 2026-05-29 10:25:24,1780039524,5124.0,45.0525087515,118.7183900748,130.2661010725,117.9277143417,107.9613548102
2564, 2026-05-29 10:25:26,1780039526,5126.0,45.0466744457,118.2152039519,129.9409889073,116.9187052024,107.7859177461
2565, 2026-05-29 10:25:28,1780039528,5128.0,45.0408401400,118.4140339441,125.4792152809,120.7074233640,109.0554631873
2566, 2026-05-29 10:25:30,1780039530,5130.0,45.0350058343,119.7989572928,130.1584600449,120.3641300066,108.8742818271
2567, 2026-05-29 10:25:32,1780039532,5132.0,45.0291715286,120.7529756367,129.9374188794,121.7410151094,110.5804929213
2568, 2026-05-29 10:25:34,1780039534,5134.0,45.0233372229,117.4003284873,127.6455052954,117.1642134580,107.3912667085
2569, 2026-05-29 10:25:36,1780039536,5136.0,45.0175029172,118.2328739095,130.2020972833,116.6599356505,107.8365887947
2570, 2026-05-29 10:25:38,1780039538,5138.0,45.0116686114,119.8077652316,130.9797599425,118.0663429183,110.3771928339
2571, 2026-05-29 10:25:40,1780039540,5140.0,45.0058343057,119.0116147256,128.6462915129,117.3408826378,111.0476700262
2572, 2026-05-29 10:25:42,1780039542,5142.0,45.0000000000,119.0410605602,129.6263701998,116.5009095009,110.9959019801
2573, 2026-05-29 10:25:44,1780039544,5144.0,44.9941656943,117.5875269864,128.2868216886,116.3969413057,108.0788179649
2574, 2026-05-29 10:25:46,1780039546,5146.0,44.9883313886,119.5678148648,130.3548973467,118.8552399000,109.4933073478
2575, 2026-05-29 10:25:48,1780039548,5148.0,44.9824970828,120.3218317110,130.4090205202,121.0794316456,109.4770429672
2576, 2026-05-29 10:25:50,1780039550,5150.0,44.9766627771,119.2615259593,129.7203383971,119.9566697314,108.1075697495
2577, 2026-05-29 10:25:52,1780039552,5152.0,44.9708284714,118.5946433739,129.6701740727,117.5805211062,108.5332349426
2578, 2026-05-29 10:25:54,1780039554,5154.0,44.9649941657,118.4322772505,127.2851537542,119.1132651945,108.8984128029
2579, 2026-05-29 10:25:56,1780039556,5156.0,44.9591598600,118.3417363602,129.7169188984,119.2622303760,106.0460598062
2580, 2026-05-29 10:25:58,1780039558,5158.0,44.9533255543,118.5944799354,128.4054339508,119.7273011980,107.6507046574
2581, 2026-05-29 10:26:00,1780039560,5160.0,44.9474912485,120.9304433359,131.6336738950,120.3731242665,110.7845318463
2582, 2026-05-29 10:26:02,1780039562,5162.0,44.9416569428,118.3488921164,128.4423238603,117.4414935982,109.1628588907
2583, 2026-05-29 10:26:04,1780039564,5164.0,44.9358226371,117.1517558945,129.4550681577,116.3248151067,105.6753844189
2584, 2026-05-29 10:26:06,1780039566,5166.0,44.9299883314,119.2498711825,130.5508702113,119.4834219544,107.7153213819
2585, 2026-05-29 10:26:08,1780039568,5168.0,44.9241540257,119.9937118866,130.2552718981,117.6202254831,112.1056382784
2586, 2026-05-29 10:26:10,1780039570,5170.0,44.9183197200,117.6949755372,127.4357221951,117.5580088257,108.0911955908
2587, 2026-05-29 10:26:12,1780039572,5172.0,44.9124854142,120.3106087136,131.0920210552,119.2384818503,110.6013232354
2588, 2026-05-29 10:26:14,1780039574,5174.0,44.9066511085,119.4242202959,129.4904788562,120.2049686964,108.5772133351
2589, 2026-05-29 10:26:16,1780039576,5176.0,44.9008168028,120.2782554591,129.6811411403,117.7450952580,113.4085299790
2590, 2026-05-29 10:26:18,1780039578,5178.0,44.8949824971,120.4120133973,130.8749771455,122.1414560352,108.2196070111
2591, 2026-05-29 10:26:20,1780039580,5180.0,44.8891481914,121.0124773354,129.3912837829,122.7454489424,110.9006992808
2592, 2026-05-29 10:26:22,1780039582,5182.0,44.8833138856,119.3196864567,130.8337241255,117.4594588079,109.6658764366
2593, 2026-05-29 10:26:24,1780039584,5184.0,44.8774795799,120.7567924763,132.8522273155,121.6699976865,107.7481524270
2594, 2026-05-29 10:26:26,1780039586,5186.0,44.8716452742,119.9026744827,133.4362777960,118.8903044854,107.3814411667
2595, 2026-05-29 10:26:28,1780039588,5188.0,44.8658109685,120.2080194932,130.5442455275,120.0614230072,110.0183899450
2596, 2026-05-29 10:26:30,1780039590,5190.0,44.8599766628,119.1570465987,130.2881848280,119.9436664341,107.2392885340
2597, 2026-05-29 10:26:32,1780039592,5192.0,44.8541423571,119.9078128684,129.1485701283,120.6632608060,109.9116076711
2598, 2026-05-29 10:26:34,1780039594,5194.0,44.8483080513,117.9816086176,129.9610621687,118.1880815620,105.7956821220
2599, 2026-05-29 10:26:36,1780039596,5196.0,44.8424737456,118.9978973615,127.8744798815,119.1420612393,109.9771509637
2600, 2026-05-29 10:26:38,1780039598,5198.0,44.8366394399,118.5052197630,126.9093758942,120.4775414200,108.1287419748
2601, 2026-05-29 10:26:40,1780039600,5200.0,44.8308051342,119.2958935052,129.6948023002,118.6621009272,109.5307772882
2602, 2026-05-29 10:26:42,1780039602,5202.0,44.8249708285,119.0514387115,129.2487899490,118.1844859421,109.7210402433
2603, 2026-05-29 10:26:44,1780039604,5204.0,44.8191365228,118.8301479395,130.7932236323,117.4954270091,108.2017931772
2604, 2026-05-29 10:26:46,1780039606,5206.0,44.8133022170,119.2726250323,128.7786193160,120.3987445251,108.6405112557
2605, 2026-05-29 10:26:48,1780039608,5208.0,44.8074679113,120.3089317212,129.5053594354,121.5187049686,109.9027307595
2606, 2026-05-29 10:26:50,1780039610,5210.0,44.8016336056,119.6020269939,130.8530634731,120.4763820405,107.4766354680
2607, 2026-05-29 10:26:52,1780039612,5212.0,44.7957992999,119.4319801142,130.4504915024,122.0179475071,105.8275013332
2608, 2026-05-29 10:26:54,1780039614,5214.0,44.7899649942,118.8006041015,129.6475895547,120.8799171904,105.8743055593
2609, 2026-05-29 10:26:56,1780039616,5216.0,44.7841306884,120.3074718642,131.0958233039,118.7682665814,111.0583257074
2610, 2026-05-29 10:26:58,1780039618,5218.0,44.7782963827,118.0501463969,129.7491576666,116.4183999134,107.9828816108
2611, 2026-05-29 10:27:00,1780039620,5220.0,44.7724620770,120.7461301373,129.7784193955,120.7469476375,111.7130233790
2612, 2026-05-29 10:27:02,1780039622,5222.0,44.7666277713,118.9552064328,130.7285277182,117.2588143620,108.8782772181
2613, 2026-05-29 10:27:04,1780039624,5224.0,44.7607934656,119.4587890711,131.9183214433,117.8265850454,108.6314607246
2614, 2026-05-29 10:27:06,1780039626,5226.0,44.7549591599,120.8728835484,129.6718880659,121.5951244043,111.3516381752
2615, 2026-05-29 10:27:08,1780039628,5228.0,44.7491248541,118.0149024962,128.8521594397,119.3555948411,105.8369532077
2616, 2026-05-29 10:27:10,1780039630,5230.0,44.7432905484,119.9851963342,131.1311828962,118.1852909813,110.6391151250
2617, 2026-05-29 10:27:12,1780039632,5232.0,44.7374562427,119.3135078086,131.0582141383,118.4938958072,108.3884134803
2618, 2026-05-29 10:27:14,1780039634,5234.0,44.7316219370,121.2932432984,135.5015125532,119.3413190801,109.0368982618
2619, 2026-05-29 10:27:16,1780039636,5236.0,44.7257876313,118.4617642211,130.1915819922,118.6328342293,106.5608764418
2620, 2026-05-29 10:27:18,1780039638,5238.0,44.7199533256,118.5742667393,130.0684126347,118.4235070005,107.2308805827
2621, 2026-05-29 10:27:20,1780039640,5240.0,44.7141190198,120.0304877488,128.8688334711,119.4654343706,111.7571954046
2622, 2026-05-29 10:27:22,1780039642,5242.0,44.7082847141,119.0996768376,130.1822605414,119.2478130846,107.8689568868
2623, 2026-05-29 10:27:24,1780039644,5244.0,44.7024504084,118.3228914467,130.4874417085,116.9454828905,107.5357497410
2624, 2026-05-29 10:27:26,1780039646,5246.0,44.6966161027,119.2704444373,128.2462312144,121.7236908441,107.8414112533
2625, 2026-05-29 10:27:28,1780039648,5248.0,44.6907817970,120.1896402722,129.3480930859,121.9025926891,109.3182350418
2626, 2026-05-29 10:27:30,1780039650,5250.0,44.6849474912,119.7956858197,130.6545099758,118.4694843544,110.2630631291
2627, 2026-05-29 10:27:32,1780039652,5252.0,44.6791131855,120.1144580459,130.2537646625,119.9279648609,110.1616446144
2628, 2026-05-29 10:27:34,1780039654,5254.0,44.6732788798,121.1784785152,131.7357671963,119.8485055966,111.9511627527
2629, 2026-05-29 10:27:36,1780039656,5256.0,44.6674445741,119.6169974914,133.0915734681,116.1768995579,109.5825194481
2630, 2026-05-29 10:27:38,1780039658,5258.0,44.6616102684,119.8417090623,129.4495437326,118.1930014403,111.8825820140
2631, 2026-05-29 10:27:40,1780039660,5260.0,44.6557759627,120.3735484211,130.9825937776,122.1125858080,108.0254656777
2632, 2026-05-29 10:27:42,1780039662,5262.0,44.6499416569,119.1141562681,131.8652904272,118.5176206427,106.9595577343
2633, 2026-05-29 10:27:44,1780039664,5264.0,44.6441073512,120.0713553253,130.4419212823,120.5425891755,109.2295555182
2634, 2026-05-29 10:27:46,1780039666,5266.0,44.6382730455,120.1088773805,130.8508420553,118.7389848572,110.7368052291
2635, 2026-05-29 10:27:48,1780039668,5268.0,44.6324387398,120.1513917986,130.5839492408,118.8165524898,111.0536736653
2636, 2026-05-29 10:27:50,1780039670,5270.0,44.6266044341,118.3973570152,131.7776542809,116.6005239164,106.8138928482
2637, 2026-05-29 10:27:52,1780039672,5272.0,44.6207701284,120.9042424173,133.6442564496,119.0360699571,110.0324008453
2638, 2026-05-29 10:27:54,1780039674,5274.0,44.6149358226,120.2589963420,130.3085618946,120.3956620595,110.0727650720
2639, 2026-05-29 10:27:56,1780039676,5276.0,44.6091015169,118.9661378033,129.8134877206,119.0664462266,108.0184794627
2640, 2026-05-29 10:27:58,1780039678,5278.0,44.6032672112,120.3506919710,130.7596801032,118.9409137147,111.3514820952
2641, 2026-05-29 10:28:00,1780039680,5280.0,44.5974329055,119.8578202068,130.2801825465,118.6459331465,110.6473449275
2642, 2026-05-29 10:28:02,1780039682,5282.0,44.5915985998,120.1241926359,131.6968085482,121.6584896604,107.0172796990
2643, 2026-05-29 10:28:04,1780039684,5284.0,44.5857642940,120.0252996035,130.6882291305,118.9145579814,110.4731116987
2644, 2026-05-29 10:28:06,1780039686,5286.0,44.5799299883,120.1583504113,131.2486242256,118.0854075061,111.1410195022
2645, 2026-05-29 10:28:08,1780039688,5288.0,44.5740956826,118.5328670081,129.5105643380,117.3195628446,108.7684738417
2646, 2026-05-29 10:28:10,1780039690,5290.0,44.5682613769,118.7820784461,129.1021110289,118.1945034514,109.0496208579
2647, 2026-05-29 10:28:12,1780039692,5292.0,44.5624270712,121.1702680627,131.5290315574,120.6295790338,111.3521935970
2648, 2026-05-29 10:28:14,1780039694,5294.0,44.5565927655,121.8211626147,133.5634444536,120.2097731554,111.6902702352
2649, 2026-05-29 10:28:16,1780039696,5296.0,44.5507584597,121.3010676170,132.8422390631,121.1568422219,109.9041215661
2650, 2026-05-29 10:28:18,1780039698,5298.0,44.5449241540,118.7264166126,131.0891511746,117.2471590844,107.8429395790
2651, 2026-05-29 10:28:20,1780039700,5300.0,44.5390898483,119.7223298482,130.5834948801,119.8560288895,108.7274657748
2652, 2026-05-29 10:28:22,1780039702,5302.0,44.5332555426,119.3874047230,131.1181370497,119.3120485369,107.7320285824
2653, 2026-05-29 10:28:24,1780039704,5304.0,44.5274212369,120.7165806284,133.0527692518,120.8636092062,108.2333634273
2654, 2026-05-29 10:28:26,1780039706,5306.0,44.5215869312,120.7497871363,130.2704608618,122.1333765221,109.8455240250
2655, 2026-05-29 10:28:28,1780039708,5308.0,44.5157526254,118.8026522529,128.8865167222,120.1140358507,107.4074041860
2656, 2026-05-29 10:28:30,1780039710,5310.0,44.5099183197,120.4934181460,128.7263727207,122.6956522561,110.0582294613
2657, 2026-05-29 10:28:32,1780039712,5312.0,44.5040840140,120.3569362843,130.7831442778,119.6858150049,110.6018495702
2658, 2026-05-29 10:28:34,1780039714,5314.0,44.4982497083,120.0122409971,131.8616806187,118.8570901398,109.3179522329
2659, 2026-05-29 10:28:36,1780039716,5316.0,44.4924154026,121.0996077821,131.4886765874,119.6723108310,112.1378359277
2660, 2026-05-29 10:28:38,1780039718,5318.0,44.4865810968,121.0851107893,133.5542401674,122.2903802680,107.4107119324
2661, 2026-05-29 10:28:40,1780039720,5320.0,44.4807467911,118.1201658916,129.3602269999,117.4333977880,107.5668728869
2662, 2026-05-29 10:28:42,1780039722,5322.0,44.4749124854,118.1556116505,130.3057099491,116.4113514888,107.7497735137
2663, 2026-05-29 10:28:44,1780039724,5324.0,44.4690781797,121.4367793267,133.2010038145,121.5234943234,109.5858398421
2664, 2026-05-29 10:28:46,1780039726,5326.0,44.4632438740,121.5141729416,132.9823731933,121.1479839195,110.4121617120
2665, 2026-05-29 10:28:48,1780039728,5328.0,44.4574095683,120.4440637530,130.0521714104,121.1460088941,110.1340109546
2666, 2026-05-29 10:28:50,1780039730,5330.0,44.4515752625,119.2991205787,130.5460109613,117.3731236487,109.9782271261
2667, 2026-05-29 10:28:52,1780039732,5332.0,44.4457409568,120.0508534896,131.6299882252,120.4501992785,108.0723729650
2668, 2026-05-29 10:28:54,1780039734,5334.0,44.4399066511,121.2934162671,130.6267565590,121.0626310552,112.1908611872
2669, 2026-05-29 10:28:56,1780039736,5336.0,44.4340723454,121.9988919473,131.9018061421,121.9607373880,112.1341323118
2670, 2026-05-29 10:28:58,1780039738,5338.0,44.4282380397,119.6682770746,130.4544989016,118.7458130979,109.8045192243
2671, 2026-05-29 10:29:00,1780039740,5340.0,44.4224037340,120.8112670530,130.2285864317,121.9816784273,110.2235363000
2672, 2026-05-29 10:29:02,1780039742,5342.0,44.4165694282,119.8289794492,129.9544174761,119.4955712529,110.0369496186
2673, 2026-05-29 10:29:04,1780039744,5344.0,44.4107351225,120.1648003368,133.0862265647,118.2585308871,109.1496435587
2674, 2026-05-29 10:29:06,1780039746,5346.0,44.4049008168,120.5300393394,131.0625768464,120.8106481090,109.7168930627
2675, 2026-05-29 10:29:08,1780039748,5348.0,44.3990665111,121.5860216395,130.5398767931,121.7597589599,112.4584291654
2676, 2026-05-29 10:29:10,1780039750,5350.0,44.3932322054,119.9769185186,128.3876655966,119.4147313484,112.1283586109
2677, 2026-05-29 10:29:12,1780039752,5352.0,44.3873978996,120.4305723656,133.1858286282,117.0731318293,111.0327566393
2678, 2026-05-29 10:29:14,1780039754,5354.0,44.3815635939,120.9416542435,130.8480992047,121.4899925147,110.4868710112
2679, 2026-05-29 10:29:16,1780039756,5356.0,44.3757292882,120.5595556953,129.3813116852,120.6648137732,111.6325416277
2680, 2026-05-29 10:29:18,1780039758,5358.0,44.3698949825,121.1107656145,130.1723121061,121.6616498943,111.4983348433
2681, 2026-05-29 10:29:20,1780039760,5360.0,44.3640606768,120.7121443389,129.6564490584,122.3266776173,110.1533063411
2682, 2026-05-29 10:29:22,1780039762,5362.0,44.3582263711,121.4162154559,134.1652203934,120.9705653365,109.1128606378
2683, 2026-05-29 10:29:24,1780039764,5364.0,44.3523920653,122.1058950523,132.2141633592,122.2939303946,111.8095914031
2684, 2026-05-29 10:29:26,1780039766,5366.0,44.3465577596,120.1006124390,129.5375609607,119.6115714466,111.1527049097
2685, 2026-05-29 10:29:28,1780039768,5368.0,44.3407234539,121.3483900060,132.0523652755,120.7713045072,111.2215002353
2686, 2026-05-29 10:29:30,1780039770,5370.0,44.3348891482,120.5742224708,131.8140297842,120.9515936297,108.9570439984
2687, 2026-05-29 10:29:32,1780039772,5372.0,44.3290548425,121.6567900175,131.9219988977,121.7827340115,111.2656371434
2688, 2026-05-29 10:29:34,1780039774,5374.0,44.3232205368,121.0153594937,130.6719896877,121.4730194337,110.9010693595
2689, 2026-05-29 10:29:36,1780039776,5376.0,44.3173862310,121.1847301995,133.1815754388,118.9284786595,111.4441365003
2690, 2026-05-29 10:29:38,1780039778,5378.0,44.3115519253,120.4043941860,130.3507841614,119.1798568529,111.6825415437
2691, 2026-05-29 10:29:40,1780039780,5380.0,44.3057176196,120.9604517660,130.5656783528,121.3483256958,110.9673512493
2692, 2026-05-29 10:29:42,1780039782,5382.0,44.2998833139,120.7310442367,131.8709431802,121.4464535597,108.8757359701
2693, 2026-05-29 10:29:44,1780039784,5384.0,44.2940490082,120.1509888528,130.7222190167,118.0823301759,111.6484173657
2694, 2026-05-29 10:29:46,1780039786,5386.0,44.2882147025,120.8625123887,129.1562859102,122.5950151976,110.8362360582
2695, 2026-05-29 10:29:48,1780039788,5388.0,44.2823803967,121.5610412236,131.9368692267,121.9935294247,110.7527250192
2696, 2026-05-29 10:29:50,1780039790,5390.0,44.2765460910,119.4617469548,129.1056623730,119.2514467302,110.0281317612
2697, 2026-05-29 10:29:52,1780039792,5392.0,44.2707117853,119.7810654351,130.1747642422,120.2652442868,108.9031877764
2698, 2026-05-29 10:29:54,1780039794,5394.0,44.2648774796,121.3342655680,132.2656839776,120.5540509489,111.1830617775
2699, 2026-05-29 10:29:56,1780039796,5396.0,44.2590431739,121.2494224047,132.9595561658,121.1227658606,109.6659451878
2700, 2026-05-29 10:29:58,1780039798,5398.0,44.2532088681,121.3109142075,133.4452948193,121.0906352431,109.3968125602
2701, 2026-05-29 10:30:00,1780039800,5400.0,44.2473745624,120.2332203488,131.8039659339,120.8250826793,108.0706124333
2702, 2026-05-29 10:30:02,1780039802,5402.0,44.2415402567,122.0447478332,131.1453876092,121.9353947281,113.0534611623
2703, 2026-05-29 10:30:04,1780039804,5404.0,44.2357059510,120.6639255869,131.1157540013,121.3787789529,109.4972438065
2704, 2026-05-29 10:30:06,1780039806,5406.0,44.2298716453,121.6668723184,133.0242077098,120.0009143050,111.9754949404
2705, 2026-05-29 10:30:08,1780039808,5408.0,44.2240373396,121.3901036692,132.6039807562,118.7949292948,112.7714009566
2706, 2026-05-29 10:30:10,1780039810,5410.0,44.2182030338,119.6307209912,132.7650066968,118.8398618543,107.2872944225
2707, 2026-05-29 10:30:12,1780039812,5412.0,44.2123687281,121.7729038186,131.7135324479,121.3938954073,112.2112836007
2708, 2026-05-29 10:30:14,1780039814,5414.0,44.2065344224,120.6915314544,132.3533183139,120.8794557449,108.8418203046
2709, 2026-05-29 10:30:16,1780039816,5416.0,44.2007001167,121.4514882110,133.5623732905,121.8629751331,108.9291162093
2710, 2026-05-29 10:30:18,1780039818,5418.0,44.1948658110,120.6979915164,131.6298330979,118.0879734427,112.3761680086
2711, 2026-05-29 10:30:20,1780039820,5420.0,44.1890315053,120.6246290989,131.9626609960,120.4540612961,109.4571650045
2712, 2026-05-29 10:30:22,1780039822,5422.0,44.1831971995,120.3157017496,133.0407786903,118.1740197830,109.7323067757
2713, 2026-05-29 10:30:24,1780039824,5424.0,44.1773628938,120.2771958019,131.3314478420,117.7542395618,111.7459000018
2714, 2026-05-29 10:30:26,1780039826,5426.0,44.1715285881,120.6411813090,132.8670261114,118.6841537511,110.3723640646
2715, 2026-05-29 10:30:28,1780039828,5428.0,44.1656942824,121.9614850143,133.1255311069,120.0005135791,112.7584103571
2716, 2026-05-29 10:30:30,1780039830,5430.0,44.1598599767,120.4641182902,130.7871254742,120.3889662311,110.2162631653
2717, 2026-05-29 10:30:32,1780039832,5432.0,44.1540256709,119.3991720981,128.4511031700,119.1235341966,110.6228789278
2718, 2026-05-29 10:30:34,1780039834,5434.0,44.1481913652,120.0312405899,130.4515237052,120.0370623629,109.6051357016
2719, 2026-05-29 10:30:36,1780039836,5436.0,44.1423570595,121.0782788082,130.6143078857,121.2613809091,111.3591476298
2720, 2026-05-29 10:30:38,1780039838,5438.0,44.1365227538,121.0530007059,131.1861128653,120.6715558614,111.3013333909
2721, 2026-05-29 10:30:40,1780039840,5440.0,44.1306884481,120.3767913380,128.6817705355,120.6608735328,111.7877299455
2722, 2026-05-29 10:30:42,1780039842,5442.0,44.1248541424,119.4254891430,128.6104177872,121.3840801228,108.2819695191
2723, 2026-05-29 10:30:44,1780039844,5444.0,44.1190198366,120.6152925950,130.1858743400,118.1372773150,113.5227261299
2724, 2026-05-29 10:30:46,1780039846,5446.0,44.1131855309,120.8716159973,130.9421630260,120.8464027175,110.8262822483
2725, 2026-05-29 10:30:48,1780039848,5448.0,44.1073512252,121.3566085615,130.8660611149,119.2743265194,113.9294380503
2726, 2026-05-29 10:30:50,1780039850,5450.0,44.1015169195,120.6002667232,129.8787130319,120.8028983239,111.1191888139
2727, 2026-05-29 10:30:52,1780039852,5452.0,44.0956826138,120.1268716612,131.1400551947,120.9928025120,108.2477572769
2728, 2026-05-29 10:30:54,1780039854,5454.0,44.0898483081,120.4918057117,132.9433991944,117.4293544408,111.1026634998
2729, 2026-05-29 10:30:56,1780039856,5456.0,44.0840140023,121.2624085162,132.1535589621,120.4379017923,111.1957647941
2730, 2026-05-29 10:30:58,1780039858,5458.0,44.0781796966,121.2566676640,131.1073416750,122.5689234151,110.0937379020
2731, 2026-05-29 10:31:00,1780039860,5460.0,44.0723453909,121.4237664011,134.1245492611,119.7612962539,110.3854536885
2732, 2026-05-29 10:31:02,1780039862,5462.0,44.0665110852,122.5281878802,132.5808212052,123.1711481046,111.8325943307
2733, 2026-05-29 10:31:04,1780039864,5464.0,44.0606767795,123.1407187887,131.8114752983,124.1208836062,113.4897974615
2734, 2026-05-29 10:31:06,1780039866,5466.0,44.0548424737,120.6654757561,131.6322658215,121.4186380182,108.9455234285
2735, 2026-05-29 10:31:08,1780039868,5468.0,44.0490081680,122.5982800814,131.3358260165,121.8476681282,114.6113460994
2736, 2026-05-29 10:31:10,1780039870,5470.0,44.0431738623,122.1194450268,133.0376063108,120.5220579817,112.7986707878
2737, 2026-05-29 10:31:12,1780039872,5472.0,44.0373395566,121.2457061162,132.1654368365,117.5333371069,114.0383444053
2738, 2026-05-29 10:31:14,1780039874,5474.0,44.0315052509,119.3700569034,131.8542649932,117.7965743498,108.4593313672
2739, 2026-05-29 10:31:16,1780039876,5476.0,44.0256709452,122.6092322671,132.7539077822,123.1840223210,111.8897666981
2740, 2026-05-29 10:31:18,1780039878,5478.0,44.0198366394,121.6759427133,132.9508386457,120.5168758778,111.5601136166
2741, 2026-05-29 10:31:20,1780039880,5480.0,44.0140023337,121.9498066523,133.6098682986,120.3669758915,111.8725757669
2742, 2026-05-29 10:31:22,1780039882,5482.0,44.0081680280,121.8142271108,132.0750314418,120.3197819615,113.0478679292
2743, 2026-05-29 10:31:24,1780039884,5484.0,44.0023337223,122.1211316887,133.9502866640,120.7522140738,111.6608943285
2744, 2026-05-29 10:31:26,1780039886,5486.0,43.9964994166,122.2247913734,135.3293393315,121.0005044517,110.3445303371
2745, 2026-05-29 10:31:28,1780039888,5488.0,43.9906651109,120.1120040478,130.7151612751,120.6490597091,108.9717911592
2746, 2026-05-29 10:31:30,1780039890,5490.0,43.9848308051,122.9494608041,131.9243264466,125.0724563403,111.8515996254
2747, 2026-05-29 10:31:32,1780039892,5492.0,43.9789964994,120.3718444938,132.1771968727,119.6707151876,109.2676214210
2748, 2026-05-29 10:31:34,1780039894,5494.0,43.9731621937,120.6931043215,130.1538063626,120.9814097985,110.9440968034
2749, 2026-05-29 10:31:36,1780039896,5496.0,43.9673278880,120.5028406978,132.8868690845,118.8609755035,109.7606775053
2750, 2026-05-29 10:31:38,1780039898,5498.0,43.9614935823,121.5799834258,132.9408493579,122.0278886982,109.7712122212
2751, 2026-05-29 10:31:40,1780039900,5500.0,43.9556592765,119.7597323188,129.3990600890,120.8434085707,109.0367282968
2752, 2026-05-29 10:31:42,1780039902,5502.0,43.9498249708,120.9145506942,130.6179420562,122.6801023426,109.4456076838
2753, 2026-05-29 10:31:44,1780039904,5504.0,43.9439906651,121.8179726049,132.8519494373,122.7786629125,109.8233054650
2754, 2026-05-29 10:31:46,1780039906,5506.0,43.9381563594,120.5646191828,130.5460393820,121.3320422176,109.8157759489
2755, 2026-05-29 10:31:48,1780039908,5508.0,43.9323220537,121.8557950047,133.6730717677,119.5844565487,112.3098566976
2756, 2026-05-29 10:31:50,1780039910,5510.0,43.9264877480,123.3274240493,132.3325634482,123.0870210529,114.5626876469
2757, 2026-05-29 10:31:52,1780039912,5512.0,43.9206534422,120.9516787235,133.2357165646,119.9080399334,109.7112796724
2758, 2026-05-29 10:31:54,1780039914,5514.0,43.9148191365,121.4652850230,133.7581067419,121.7759470615,108.8618012656
2759, 2026-05-29 10:31:56,1780039916,5516.0,43.9089848308,121.3022698743,132.1603781587,118.8602868795,112.8861445848
2760, 2026-05-29 10:31:58,1780039918,5518.0,43.9031505251,121.7587508107,132.4120606589,120.3621746067,112.5020171664
2761, 2026-05-29 10:32:00,1780039920,5520.0,43.8973162194,120.6476760023,130.6010652353,120.9570375271,110.3849252445
2762, 2026-05-29 10:32:02,1780039922,5522.0,43.8914819137,123.3261365951,131.4311354947,124.6543734856,113.8929008049
2763, 2026-05-29 10:32:04,1780039924,5524.0,43.8856476079,122.7926975966,133.0605933133,122.9341460286,112.3833534477
2764, 2026-05-29 10:32:06,1780039926,5526.0,43.8798133022,123.3396076788,133.9579834717,123.0839705978,112.9768689670
2765, 2026-05-29 10:32:08,1780039928,5528.0,43.8739789965,121.8562222628,131.7497950996,120.7654453510,113.0534263378
2766, 2026-05-29 10:32:10,1780039930,5530.0,43.8681446908,120.9511421206,132.2697365215,119.5194583020,111.0642315383
2767, 2026-05-29 10:32:12,1780039932,5532.0,43.8623103851,121.1214313850,130.0589489123,122.6697006320,110.6356446107
2768, 2026-05-29 10:32:14,1780039934,5534.0,43.8564760793,122.1452601377,131.7373973516,121.1388643629,113.5595186987
2769, 2026-05-29 10:32:16,1780039936,5536.0,43.8506417736,121.6406760987,130.8696523433,123.2618129728,110.7905629799
2770, 2026-05-29 10:32:18,1780039938,5538.0,43.8448074679,122.6258938295,132.1475070158,124.3641202952,111.3660541776
2771, 2026-05-29 10:32:20,1780039940,5540.0,43.8389731622,120.5641522825,132.2930863457,118.0459953389,111.3533751629
2772, 2026-05-29 10:32:22,1780039942,5542.0,43.8331388565,121.3561344294,132.8748630760,119.2267167931,111.9668234191
2773, 2026-05-29 10:32:24,1780039944,5544.0,43.8273045508,122.7919629433,134.1459442985,122.1128755172,112.1170690141
2774, 2026-05-29 10:32:26,1780039946,5546.0,43.8214702450,122.3191289394,134.2162715468,123.1856776223,109.5554376490
2775, 2026-05-29 10:32:28,1780039948,5548.0,43.8156359393,120.6181696516,131.1780002565,118.5952846352,112.0812240630
2776, 2026-05-29 10:32:30,1780039950,5550.0,43.8098016336,122.1387809586,134.3640454075,121.9170280921,110.1352693761
2777, 2026-05-29 10:32:32,1780039952,5552.0,43.8039673279,122.7253818107,133.9147205934,122.7369185705,111.5245062681
2778, 2026-05-29 10:32:34,1780039954,5554.0,43.7981330222,121.6125715774,131.3087534810,121.1991879142,112.3297733369
2779, 2026-05-29 10:32:36,1780039956,5556.0,43.7922987165,120.8870948297,132.4711084988,120.0476769342,110.1424990563
2780, 2026-05-29 10:32:38,1780039958,5558.0,43.7864644107,121.9945559258,132.5830239265,122.9844665178,110.4161773332
2781, 2026-05-29 10:32:40,1780039960,5560.0,43.7806301050,122.8375243053,134.9308887932,121.3234836967,112.2582004259
2782, 2026-05-29 10:32:42,1780039962,5562.0,43.7747957993,121.8249624527,131.5347026552,122.2562866246,111.6838980783
2783, 2026-05-29 10:32:44,1780039964,5564.0,43.7689614936,120.6323129813,130.1519243624,122.4629398320,109.2820747494
2784, 2026-05-29 10:32:46,1780039966,5566.0,43.7631271879,122.8322299172,134.3819429620,122.8283120304,111.2864347591
2785, 2026-05-29 10:32:48,1780039968,5568.0,43.7572928821,122.7371358279,133.4580244293,120.6706698741,114.0827131803
2786, 2026-05-29 10:32:50,1780039970,5570.0,43.7514585764,122.4734290499,133.6816269607,121.7091715163,112.0294886726
2787, 2026-05-29 10:32:52,1780039972,5572.0,43.7456242707,121.3805857783,131.4256410163,122.5259811701,110.1901351484
2788, 2026-05-29 10:32:54,1780039974,5574.0,43.7397899650,122.4611614316,133.5297702136,124.2402048465,109.6135092346
2789, 2026-05-29 10:32:56,1780039976,5576.0,43.7339556593,122.2712264095,133.0356244682,121.5433085085,112.2347462519
2790, 2026-05-29 10:32:58,1780039978,5578.0,43.7281213536,122.8498828494,134.1514903534,123.3519226692,111.0462355256
2791, 2026-05-29 10:33:00,1780039980,5580.0,43.7222870478,122.5152375324,132.9832906304,124.2417637453,110.3206582217
2792, 2026-05-29 10:33:02,1780039982,5582.0,43.7164527421,122.2797216327,133.0399869945,122.7554503323,111.0437275712
2793, 2026-05-29 10:33:04,1780039984,5584.0,43.7106184364,123.3417577582,133.6333080666,121.9765047413,114.4154604666
2794, 2026-05-29 10:33:06,1780039986,5586.0,43.7047841307,123.6358617480,134.6709343824,123.4569456006,112.7797052611
2795, 2026-05-29 10:33:08,1780039988,5588.0,43.6989498250,121.2266030915,131.9667347161,120.5993769168,111.1136976417
2796, 2026-05-29 10:33:10,1780039990,5590.0,43.6931155193,121.5513037924,131.4987600434,121.8893687690,111.2657825647
2797, 2026-05-29 10:33:12,1780039992,5592.0,43.6872812135,122.2668978470,132.7593299266,121.4377589263,112.6036046881
2798, 2026-05-29 10:33:14,1780039994,5594.0,43.6814469078,122.5155608195,131.2662194034,123.4407016443,112.8397614109
2799, 2026-05-29 10:33:16,1780039996,5596.0,43.6756126021,121.8016682085,134.8786444667,122.3149340622,108.2114260965
2800, 2026-05-29 10:33:18,1780039998,5598.0,43.6697782964,122.7680819442,133.7283358231,122.4414797820,112.1344302276
2801, 2026-05-29 10:33:20,1780040000,5600.0,43.6639439907,122.3451973454,131.8066303667,122.9615894142,112.2673722553
2802, 2026-05-29 10:33:22,1780040002,5602.0,43.6581096849,123.4838131093,135.0727634100,123.2509234589,112.1277524589
2803, 2026-05-29 10:33:24,1780040004,5604.0,43.6522753792,121.9258720993,135.3395889896,121.2248922049,109.2131351032
2804, 2026-05-29 10:33:26,1780040006,5606.0,43.6464410735,122.1846205646,131.0463845872,125.1396267345,110.3678503723
2805, 2026-05-29 10:33:28,1780040008,5608.0,43.6406067678,123.0845457601,132.5291348121,125.5082037763,111.2162986920
2806, 2026-05-29 10:33:30,1780040010,5610.0,43.6347724621,121.2888647102,132.4224391445,119.4349910127,112.0091639735
2807, 2026-05-29 10:33:32,1780040012,5612.0,43.6289381564,121.7811353866,133.3562079294,119.1592011264,112.8279971041
2808, 2026-05-29 10:33:34,1780040014,5614.0,43.6231038506,123.2121419580,132.6936399075,124.3613873928,112.5813985738
2809, 2026-05-29 10:33:36,1780040016,5616.0,43.6172695449,122.3010435799,133.5859426960,122.1303199167,111.1868681272
2810, 2026-05-29 10:33:38,1780040018,5618.0,43.6114352392,122.1533805587,132.7877923317,121.6321776986,112.0401716458
2811, 2026-05-29 10:33:40,1780040020,5620.0,43.6056009335,122.9185662029,132.2282976709,123.7673166312,112.7600843065
2812, 2026-05-29 10:33:42,1780040022,5622.0,43.5997666278,121.3256102004,132.4084849422,119.3386750849,112.2296705741
2813, 2026-05-29 10:33:44,1780040024,5624.0,43.5939323221,122.3063747466,133.7732938240,121.8680583148,111.2777721011
2814, 2026-05-29 10:33:46,1780040026,5626.0,43.5880980163,121.7795482488,131.7614727336,122.6619842135,110.9151877993
2815, 2026-05-29 10:33:48,1780040028,5628.0,43.5822637106,122.3192747916,133.7319888590,121.6972759790,111.5285595368
2816, 2026-05-29 10:33:50,1780040030,5630.0,43.5764294049,122.2714970826,131.5562351776,122.0203722835,113.2378837865
2817, 2026-05-29 10:33:52,1780040032,5632.0,43.5705950992,123.0016494472,132.5331278077,124.8810527639,111.5907677701
2818, 2026-05-29 10:33:54,1780040034,5634.0,43.5647607935,121.8918350974,132.3722467721,123.1800862418,110.1231722784
2819, 2026-05-29 10:33:56,1780040036,5636.0,43.5589264877,122.3898818123,131.3673807367,122.0523705122,113.7498941881
2820, 2026-05-29 10:33:58,1780040038,5638.0,43.5530921820,121.1811740919,132.2925962276,119.7937418968,111.4571841511
2821, 2026-05-29 10:34:00,1780040040,5640.0,43.5472578763,122.5269731303,135.1772190715,120.0635825148,112.3401178045
2822, 2026-05-29 10:34:02,1780040042,5642.0,43.5414235706,122.3580142380,132.9339875047,120.3971051024,113.7429501068
2823, 2026-05-29 10:34:04,1780040044,5644.0,43.5355892649,122.8584976130,134.6664016546,121.5451092319,112.3639819525
2824, 2026-05-29 10:34:06,1780040046,5646.0,43.5297549592,123.0209119990,132.4770987054,124.1857234211,112.3999138705
2825, 2026-05-29 10:34:08,1780040048,5648.0,43.5239206534,122.6953319361,133.6209820102,122.9323551648,111.5326586334
2826, 2026-05-29 10:34:10,1780040050,5650.0,43.5180863477,123.0421175711,135.2640390136,122.6904715568,111.1718421429
2827, 2026-05-29 10:34:12,1780040052,5652.0,43.5122520420,124.3215363489,135.3000071643,122.2286056637,115.4359962185
2828, 2026-05-29 10:34:14,1780040054,5654.0,43.5064177363,123.9518445225,136.8803045853,122.7492609369,112.2259680453
2829, 2026-05-29 10:34:16,1780040056,5656.0,43.5005834306,123.1293675628,134.0981730110,122.8359534554,112.4539762221
2830, 2026-05-29 10:34:18,1780040058,5658.0,43.4947491249,124.0227272781,137.0443763945,123.8402751552,111.1835302847
2831, 2026-05-29 10:34:20,1780040060,5660.0,43.4889148191,124.4008444574,134.7912833277,124.5254689957,113.8857810487
2832, 2026-05-29 10:34:22,1780040062,5662.0,43.4830805134,122.2446093025,132.2617118062,122.4514921556,112.0206239456
2833, 2026-05-29 10:34:24,1780040064,5664.0,43.4772462077,122.4040976119,131.7864275862,121.7141330191,113.7117322304
2834, 2026-05-29 10:34:26,1780040066,5666.0,43.4714119020,122.5967686603,133.0179549439,120.1047099299,114.6676411071
2835, 2026-05-29 10:34:28,1780040068,5668.0,43.4655775963,122.6647411502,135.2933812325,120.2127395540,112.4881026642
2836, 2026-05-29 10:34:30,1780040070,5670.0,43.4597432905,122.3697045058,134.6067200256,120.8391200291,111.6632734627
2837, 2026-05-29 10:34:32,1780040072,5672.0,43.4539089848,122.0478769941,135.4321240757,120.8812656455,109.8302412611
2838, 2026-05-29 10:34:34,1780040074,5674.0,43.4480746791,122.6381798246,133.9829027015,121.9426785697,111.9889582026
2839, 2026-05-29 10:34:36,1780040076,5676.0,43.4422403734,123.4560035000,133.9396960632,125.2101954529,111.2181189839
2840, 2026-05-29 10:34:38,1780040078,5678.0,43.4364060677,121.0841233023,131.1903332390,120.1573574352,111.9046792327
2841, 2026-05-29 10:34:40,1780040080,5680.0,43.4305717620,121.7547145433,132.0824837118,122.6816966787,110.4999632394
2842, 2026-05-29 10:34:42,1780040082,5682.0,43.4247374562,124.1235231240,134.8415685355,123.9125044086,113.6164964277
2843, 2026-05-29 10:34:44,1780040084,5684.0,43.4189031505,123.5950572021,135.3735876008,120.0431431913,115.3684408144
2844, 2026-05-29 10:34:46,1780040086,5686.0,43.4130688448,121.2025129489,131.8537830534,120.7446742428,111.0090815505
2845, 2026-05-29 10:34:48,1780040088,5688.0,43.4072345391,122.7198734817,132.1373002949,122.5991518393,113.4231683111
2846, 2026-05-29 10:34:50,1780040090,5690.0,43.4014002334,124.6358622434,133.7687622484,124.4761333429,115.6626911390
2847, 2026-05-29 10:34:52,1780040092,5692.0,43.3955659277,122.5810096378,133.6035709257,121.7571460826,112.3823119051
2848, 2026-05-29 10:34:54,1780040094,5694.0,43.3897316219,123.6541265823,133.1212753425,122.7231516351,115.1179527694
2849, 2026-05-29 10:34:56,1780040096,5696.0,43.3838973162,123.1236450817,135.7113071716,123.2548211784,110.4048068952
2850, 2026-05-29 10:34:58,1780040098,5698.0,43.3780630105,123.2341274606,134.8936148055,122.4363115110,112.3724560652
2851, 2026-05-29 10:35:00,1780040100,5700.0,43.3722287048,122.2775567661,134.7287276592,120.6655370742,111.4384055649
2852, 2026-05-29 10:35:02,1780040102,5702.0,43.3663943991,123.1164880096,132.6382134123,121.1026449002,115.6086057164
2853, 2026-05-29 10:35:04,1780040104,5704.0,43.3605600933,122.4922075455,133.9149370473,122.2353404466,111.3263451426
2854, 2026-05-29 10:35:06,1780040106,5706.0,43.3547257876,122.8081953073,134.0582867775,122.9764431188,111.3898560255
2855, 2026-05-29 10:35:08,1780040108,5708.0,43.3488914819,122.8056032867,133.6401550734,123.9233960200,110.8532587667
2856, 2026-05-29 10:35:10,1780040110,5710.0,43.3430571762,123.3111631944,133.6039523554,123.2043966666,113.1251405612
2857, 2026-05-29 10:35:12,1780040112,5712.0,43.3372228705,122.7507886434,132.9958500080,121.9211420580,113.3353738642
2858, 2026-05-29 10:35:14,1780040114,5714.0,43.3313885648,124.1885149281,133.3686822935,122.9315179469,116.2653445439
2859, 2026-05-29 10:35:16,1780040116,5716.0,43.3255542590,123.7252486400,135.9358680572,122.0533786587,113.1864992042
2860, 2026-05-29 10:35:18,1780040118,5718.0,43.3197199533,123.5040810181,134.2901085309,124.1252213722,112.0969131510
2861, 2026-05-29 10:35:20,1780040120,5720.0,43.3138856476,123.1231939451,134.7698628335,121.9551986229,112.6445203789
2862, 2026-05-29 10:35:22,1780040122,5722.0,43.3080513419,123.7859601304,134.5380122279,123.7618818484,113.0579863149
2863, 2026-05-29 10:35:24,1780040124,5724.0,43.3022170362,123.3743116913,132.6055667554,124.5106028892,113.0067654293
2864, 2026-05-29 10:35:26,1780040126,5726.0,43.2963827305,123.4308563361,135.9709431098,121.0177871778,113.3038387208
2865, 2026-05-29 10:35:28,1780040128,5728.0,43.2905484247,123.4722897625,133.5780898061,124.7604064582,112.0783730231
2866, 2026-05-29 10:35:30,1780040130,5730.0,43.2847141190,123.2396851092,135.6916601141,122.4150780107,111.6123172029
2867, 2026-05-29 10:35:32,1780040132,5732.0,43.2788798133,123.9908116284,135.5423227694,123.3606476316,113.0694644841
2868, 2026-05-29 10:35:34,1780040134,5734.0,43.2730455076,122.5462200550,135.2025898960,122.7901327578,109.6459375112
2869, 2026-05-29 10:35:36,1780040136,5736.0,43.2672112019,121.4934826590,134.1135335226,119.9601402487,110.4067742058
2870, 2026-05-29 10:35:38,1780040138,5738.0,43.2613768961,122.0994936361,133.4282758805,120.5809707843,112.2892342435
2871, 2026-05-29 10:35:40,1780040140,5740.0,43.2555425904,122.8168312109,133.2295896486,124.8835878431,110.3373161409
2872, 2026-05-29 10:35:42,1780040142,5742.0,43.2497082847,124.0944279500,133.2440758118,124.5637593315,114.4754487066
2873, 2026-05-29 10:35:44,1780040144,5744.0,43.2438739790,123.7174722983,135.0557693626,121.8148773448,114.2817701874
2874, 2026-05-29 10:35:46,1780040146,5746.0,43.2380396733,121.9325699540,130.5715294957,123.0022345268,112.2239458395
2875, 2026-05-29 10:35:48,1780040148,5748.0,43.2322053676,124.0131695782,134.6434286471,123.2878675196,114.1082125679
2876, 2026-05-29 10:35:50,1780040150,5750.0,43.2263710618,123.3295074572,133.7541295450,124.4089185417,111.8254742848
2877, 2026-05-29 10:35:52,1780040152,5752.0,43.2205367561,124.2905278057,134.5342138078,125.3030008494,113.0343687600
2878, 2026-05-29 10:35:54,1780040154,5754.0,43.2147024504,123.1320859541,135.2108169777,122.0000106549,112.1854302299
2879, 2026-05-29 10:35:56,1780040156,5756.0,43.2088681447,124.0968554405,132.8170981014,125.6389014528,113.8345667673
2880, 2026-05-29 10:35:58,1780040158,5758.0,43.2030338390,123.3106657158,133.6659357662,122.7519023625,113.5141590187
2881, 2026-05-29 10:36:00,1780040160,5760.0,43.1971995333,121.7591128576,130.0754807582,124.0554858066,111.1463720078
2882, 2026-05-29 10:36:02,1780040162,5762.0,43.1913652275,124.2187143036,135.9855872830,124.4931126407,112.1774429872
2883, 2026-05-29 10:36:04,1780040164,5764.0,43.1855309218,123.2912702826,133.8349161066,122.7103995614,113.3284951799
2884, 2026-05-29 10:36:06,1780040166,5766.0,43.1796966161,122.0185708811,131.8232566966,122.6908209102,111.5416350366
2885, 2026-05-29 10:36:08,1780040168,5768.0,43.1738623104,122.6691592977,133.0039336477,122.6812595746,112.3222846708
2886, 2026-05-29 10:36:10,1780040170,5770.0,43.1680280047,122.8082159671,133.5694421661,122.1958622807,112.6593434544
2887, 2026-05-29 10:36:12,1780040172,5772.0,43.1621936989,121.7103604592,132.1070368703,122.4060244971,110.6180200102
2888, 2026-05-29 10:36:14,1780040174,5774.0,43.1563593932,122.5976326887,130.0743203299,125.8660606589,111.8525170773
2889, 2026-05-29 10:36:16,1780040176,5776.0,43.1505250875,123.6534684532,132.8252177854,124.2335805229,113.9016070512
2890, 2026-05-29 10:36:18,1780040178,5778.0,43.1446907818,124.3002992572,135.6920626568,123.1043460264,114.1044890884
2891, 2026-05-29 10:36:20,1780040180,5780.0,43.1388564761,123.6994168520,133.9345028345,123.1824596399,113.9812880814
2892, 2026-05-29 10:36:22,1780040182,5782.0,43.1330221704,123.4489283356,135.5973462294,124.3895673086,110.3598714688
2893, 2026-05-29 10:36:24,1780040184,5784.0,43.1271878646,123.6155500312,136.1774563188,122.6119994133,112.0571943614
2894, 2026-05-29 10:36:26,1780040186,5786.0,43.1213535589,122.7154264407,133.4511629599,122.7087069323,111.9864094298
2895, 2026-05-29 10:36:28,1780040188,5788.0,43.1155192532,123.2057787429,134.5200441745,123.8302257682,111.2670662858
2896, 2026-05-29 10:36:30,1780040190,5790.0,43.1096849475,124.7328677052,135.4156600498,122.8658702474,115.9170728183
2897, 2026-05-29 10:36:32,1780040192,5792.0,43.1038506418,122.2799523445,132.7715510588,122.2291102051,111.8391957696
2898, 2026-05-29 10:36:34,1780040194,5794.0,43.0980163361,124.9072852857,135.8024000390,124.9077804873,114.0116753309
2899, 2026-05-29 10:36:36,1780040196,5796.0,43.0921820303,123.5691093816,136.1683243590,122.8608913836,111.6781124022
2900, 2026-05-29 10:36:38,1780040198,5798.0,43.0863477246,125.3418819034,135.9577122274,123.9048847272,116.1630487557
2901, 2026-05-29 10:36:40,1780040200,5800.0,43.0805134189,124.2854910678,135.3347515556,124.3311262102,113.1905954376
2902, 2026-05-29 10:36:42,1780040202,5802.0,43.0746791132,122.6404971386,134.4634810951,121.2037618829,112.2542484377
2903, 2026-05-29 10:36:44,1780040204,5804.0,43.0688448075,122.2901707676,132.8662403768,120.9238338938,113.0804380323
2904, 2026-05-29 10:36:46,1780040206,5806.0,43.0630105018,123.4059614392,134.7010546770,122.6483990127,112.8684306278
2905, 2026-05-29 10:36:48,1780040208,5808.0,43.0571761960,123.0135894630,135.4565861342,121.0859936560,112.4981885989
2906, 2026-05-29 10:36:50,1780040210,5810.0,43.0513418903,123.3517557867,130.4000107752,125.9974971967,113.6577593882
2907, 2026-05-29 10:36:52,1780040212,5812.0,43.0455075846,122.7490936307,132.2036016329,122.4153133831,113.6283658761
2908, 2026-05-29 10:36:54,1780040214,5814.0,43.0396732789,123.2271842890,133.6743194306,123.8310597926,112.1761736437
2909, 2026-05-29 10:36:56,1780040216,5816.0,43.0338389732,123.4213451485,134.2673154543,123.0978222060,112.8988977852
2910, 2026-05-29 10:36:58,1780040218,5818.0,43.0280046674,125.5701189341,135.0551225107,127.1858474637,114.4693868278
2911, 2026-05-29 10:37:00,1780040220,5820.0,43.0221703617,123.6510373335,135.3939501027,123.4194365182,112.1397253795
2912, 2026-05-29 10:37:02,1780040222,5822.0,43.0163360560,123.6891925517,134.6295331069,123.9237604204,112.5142841280
2913, 2026-05-29 10:37:04,1780040224,5824.0,43.0105017503,124.0967541930,133.0183880890,124.3179035686,114.9539709213
2914, 2026-05-29 10:37:06,1780040226,5826.0,43.0046674446,122.8418708650,132.6795759511,124.0259817691,111.8200548747
2915, 2026-05-29 10:37:08,1780040228,5828.0,42.9988331389,124.3740922446,134.8732108463,123.1623691560,115.0866967313
2916, 2026-05-29 10:37:10,1780040230,5830.0,42.9929988331,124.3527091730,135.0903597507,124.4666751865,113.5010925819
2917, 2026-05-29 10:37:12,1780040232,5832.0,42.9871645274,123.1048398738,134.9595253018,120.9583890779,113.3966052417
2918, 2026-05-29 10:37:14,1780040234,5834.0,42.9813302217,124.4041281892,136.1840663712,124.2179577603,112.8103604360
2919, 2026-05-29 10:37:16,1780040236,5836.0,42.9754959160,123.8867024216,134.4031468650,124.0804272613,113.1765331385
2920, 2026-05-29 10:37:18,1780040238,5838.0,42.9696616103,124.8305908863,134.0536487537,123.6009967549,116.8371271503
2921, 2026-05-29 10:37:20,1780040240,5840.0,42.9638273046,123.8867219648,137.4855323287,122.2752340287,111.8993995371
2922, 2026-05-29 10:37:22,1780040242,5842.0,42.9579929988,123.6901541162,132.0215582336,124.8306620537,114.2182420613
2923, 2026-05-29 10:37:24,1780040244,5844.0,42.9521586931,121.7191416029,133.3136421197,121.0913626252,110.7524200639
2924, 2026-05-29 10:37:26,1780040246,5846.0,42.9463243874,124.2011546128,133.8107282419,123.8724461959,114.9202894006
2925, 2026-05-29 10:37:28,1780040248,5848.0,42.9404900817,123.0111910502,132.9410926163,123.5447078573,112.5477726770
2926, 2026-05-29 10:37:30,1780040250,5850.0,42.9346557760,123.5405521422,133.7004765730,124.4048532302,112.5163266235
2927, 2026-05-29 10:37:32,1780040252,5852.0,42.9288214702,123.5571621074,134.9021888089,122.0998423869,113.6694551264
2928, 2026-05-29 10:37:34,1780040254,5854.0,42.9229871645,122.3038910712,133.1917765874,121.5187341062,112.2011625199
2929, 2026-05-29 10:37:36,1780040256,5856.0,42.9171528588,122.3198156494,133.1304126276,120.4892222495,113.3398120710
2930, 2026-05-29 10:37:38,1780040258,5858.0,42.9113185531,124.2771873320,135.4818775179,123.8913335418,113.4583509364
2931, 2026-05-29 10:37:40,1780040260,5860.0,42.9054842474,124.1860591160,133.6134057141,126.2372514940,112.7075201397
2932, 2026-05-29 10:37:42,1780040262,5862.0,42.8996499417,122.2136253178,132.5569750592,120.7674246692,113.3164762249
2933, 2026-05-29 10:37:44,1780040264,5864.0,42.8938156359,124.0927782176,132.6590312991,124.8018566508,114.8174467028
2934, 2026-05-29 10:37:46,1780040266,5866.0,42.8879813302,124.8012252874,135.0567609134,124.8781831741,114.4687317748
2935, 2026-05-29 10:37:48,1780040268,5868.0,42.8821470245,124.2476616524,134.0950265489,123.2991811780,115.3487772303
2936, 2026-05-29 10:37:50,1780040270,5870.0,42.8763127188,124.5373742118,134.9219951628,122.0643853841,116.6257420885
2937, 2026-05-29 10:37:52,1780040272,5872.0,42.8704784131,123.5208394371,132.2305004646,124.3250480739,114.0069697728
2938, 2026-05-29 10:37:54,1780040274,5874.0,42.8646441074,123.2165672278,133.9039195942,125.0220850414,110.7236970478
2939, 2026-05-29 10:37:56,1780040276,5876.0,42.8588098016,124.9196777949,134.4397308203,127.0171385268,113.3021640375
2940, 2026-05-29 10:37:58,1780040278,5878.0,42.8529754959,123.7119524163,135.2323564933,122.3246920791,113.5788086764
2941, 2026-05-29 10:38:00,1780040280,5880.0,42.8471411902,123.3797032353,134.8423633563,123.1586006778,112.1381456717
2942, 2026-05-29 10:38:02,1780040282,5882.0,42.8413068845,124.2520493632,135.9903093846,123.4851694328,113.2806692721
2943, 2026-05-29 10:38:04,1780040284,5884.0,42.8354725788,122.8313398135,134.9079028914,122.6167233803,110.9693931689
2944, 2026-05-29 10:38:06,1780040286,5886.0,42.8296382730,123.2996535430,135.2368915225,122.8874659541,111.7746031525
2945, 2026-05-29 10:38:08,1780040288,5888.0,42.8238039673,123.1627838096,134.2552822720,125.0807007950,110.1523683618
2946, 2026-05-29 10:38:10,1780040290,5890.0,42.8179696616,124.5310384487,134.3173173986,124.7338872710,114.5419106765
2947, 2026-05-29 10:38:12,1780040292,5892.0,42.8121353559,123.3519961337,135.8787635845,122.9430317741,111.2341930424
2948, 2026-05-29 10:38:14,1780040294,5894.0,42.8063010502,124.0578279104,134.8913048369,122.4602843243,114.8218945701
2949, 2026-05-29 10:38:16,1780040296,5896.0,42.8004667445,121.6356606176,130.8218064965,121.2228800736,112.8622952828
2950, 2026-05-29 10:38:18,1780040298,5898.0,42.7946324387,123.4681915985,134.0131372303,121.9411471021,114.4502904631
2951, 2026-05-29 10:38:20,1780040300,5900.0,42.7887981330,124.1329379904,135.4607859322,122.9236534366,114.0143746023
2952, 2026-05-29 10:38:22,1780040302,5902.0,42.7829638273,123.9842738841,134.5797663217,123.4618775280,113.9111778026
2953, 2026-05-29 10:38:24,1780040304,5904.0,42.7771295216,124.7494057628,135.0737762701,122.3575194682,116.8169215499
2954, 2026-05-29 10:38:26,1780040306,5906.0,42.7712952159,123.7922483174,136.2324746053,121.3196307289,113.8246396179
2955, 2026-05-29 10:38:28,1780040308,5908.0,42.7654609102,123.5411776237,134.0990469001,123.3689200618,113.1555659093
2956, 2026-05-29 10:38:30,1780040310,5910.0,42.7596266044,123.0493935050,133.4669993492,122.5121559134,113.1690252524
2957, 2026-05-29 10:38:32,1780040312,5912.0,42.7537922987,121.6995230421,133.5656873683,122.2283221778,109.3045595802
2958, 2026-05-29 10:38:34,1780040314,5914.0,42.7479579930,124.1052686895,136.0354435801,122.5274945054,113.7528679830
2959, 2026-05-29 10:38:36,1780040316,5916.0,42.7421236873,123.9367113467,138.7636023147,121.2053108939,111.8412208314
2960, 2026-05-29 10:38:38,1780040318,5918.0,42.7362893816,123.0850071739,136.5039211371,121.4019004007,111.3491999839
2961, 2026-05-29 10:38:40,1780040320,5920.0,42.7304550758,126.3789288139,136.5851462795,125.5746954573,116.9769447049
2962, 2026-05-29 10:38:42,1780040322,5922.0,42.7246207701,124.6429922268,134.6721389294,125.6144922623,113.6423454887
2963, 2026-05-29 10:38:44,1780040324,5924.0,42.7187864644,123.0770597884,132.4267813302,123.8667214721,112.9376765630
2964, 2026-05-29 10:38:46,1780040326,5926.0,42.7129521587,123.2990087576,134.8304430248,122.2027952255,112.8637880224
2965, 2026-05-29 10:38:48,1780040328,5928.0,42.7071178530,125.1192969770,136.2277112664,125.1456728320,113.9845068327
2966, 2026-05-29 10:38:50,1780040330,5930.0,42.7012835473,124.4945644824,136.5012040774,124.0509089057,112.9315804641
2967, 2026-05-29 10:38:52,1780040332,5932.0,42.6954492415,123.0506224199,132.9531915803,122.8026980380,113.3959776412
2968, 2026-05-29 10:38:54,1780040334,5934.0,42.6896149358,125.7402162432,136.4637147449,124.4492802581,116.3076537267
2969, 2026-05-29 10:38:56,1780040336,5936.0,42.6837806301,123.0152757990,134.4279315359,121.7988506319,112.8190452292
2970, 2026-05-29 10:38:58,1780040338,5938.0,42.6779463244,124.1388958993,134.7368849627,124.3126073479,113.3671953874
2971, 2026-05-29 10:39:00,1780040340,5940.0,42.6721120187,124.8802606890,135.8771327236,125.5335613772,113.2300879661
2972, 2026-05-29 10:39:02,1780040342,5942.0,42.6662777130,124.7641141298,135.3444184548,123.2346107376,115.7133131971
2973, 2026-05-29 10:39:04,1780040344,5944.0,42.6604434072,123.6752891244,133.8803178199,124.7429817779,112.4025677753
2974, 2026-05-29 10:39:06,1780040346,5946.0,42.6546091015,125.2945112484,136.4441394608,124.8783256000,114.5610686844
2975, 2026-05-29 10:39:08,1780040348,5948.0,42.6487747958,125.6161218491,135.8733509832,126.1439770256,114.8310375384
2976, 2026-05-29 10:39:10,1780040350,5950.0,42.6429404901,124.1285459161,136.2647224186,122.2809949090,113.8399204208
2977, 2026-05-29 10:39:12,1780040352,5952.0,42.6371061844,124.2213568343,132.9259784523,126.1789862387,113.5591058121
2978, 2026-05-29 10:39:14,1780040354,5954.0,42.6312718786,122.9176575588,134.3701456424,121.6227431618,112.7600838722
2979, 2026-05-29 10:39:16,1780040356,5956.0,42.6254375729,123.3433292154,134.5086640988,123.9298440516,111.5914794958
2980, 2026-05-29 10:39:18,1780040358,5958.0,42.6196032672,123.9229746610,133.1175732288,123.6868866836,114.9644640705
2981, 2026-05-29 10:39:20,1780040360,5960.0,42.6137689615,125.2904795755,137.7917325803,124.4649870787,113.6147190674
2982, 2026-05-29 10:39:22,1780040362,5962.0,42.6079346558,125.3891916092,136.0615080692,124.6088906810,115.4971760775
2983, 2026-05-29 10:39:24,1780040364,5964.0,42.6021003501,124.7552720425,134.7246758798,124.7818933894,114.7592468582
2984, 2026-05-29 10:39:26,1780040366,5966.0,42.5962660443,125.4346350958,134.3737424828,126.8042734141,115.1258893906
2985, 2026-05-29 10:39:28,1780040368,5968.0,42.5904317386,124.7254185461,137.5550904831,122.8144628235,113.8067023319
2986, 2026-05-29 10:39:30,1780040370,5970.0,42.5845974329,123.8037931278,134.0777459602,124.5094226620,112.8242107612
2987, 2026-05-29 10:39:32,1780040372,5972.0,42.5787631272,123.8901011238,133.7923508351,124.9502260500,112.9277264863
2988, 2026-05-29 10:39:34,1780040374,5974.0,42.5729288215,124.7988530800,136.3966316034,123.9225247417,114.0774028950
2989, 2026-05-29 10:39:36,1780040376,5976.0,42.5670945158,125.8847118629,136.6656483588,126.8876423931,114.1008448370
2990, 2026-05-29 10:39:38,1780040378,5978.0,42.5612602100,123.7013812214,134.0638451438,121.3463936674,115.6939048529
2991, 2026-05-29 10:39:40,1780040380,5980.0,42.5554259043,126.6245556678,137.8835016612,125.8011612198,116.1890041224
2992, 2026-05-29 10:39:42,1780040382,5982.0,42.5495915986,125.2695466162,134.9264777164,126.7513428605,114.1308192716
2993, 2026-05-29 10:39:44,1780040384,5984.0,42.5437572929,123.4918737933,134.4372735874,122.5598350543,113.4785127381
2994, 2026-05-29 10:39:46,1780040386,5986.0,42.5379229872,124.7110494315,132.4691042035,126.2422515036,115.4217925873
2995, 2026-05-29 10:39:48,1780040388,5988.0,42.5320886814,125.0778934068,136.2253079337,124.7575161590,114.2508561278
2996, 2026-05-29 10:39:50,1780040390,5990.0,42.5262543757,124.7871008375,135.8880518716,124.7384932031,113.7347574379
2997, 2026-05-29 10:39:52,1780040392,5992.0,42.5204200700,124.2212841378,133.3385214091,122.8189123783,116.5064186261
2998, 2026-05-29 10:39:54,1780040394,5994.0,42.5145857643,124.6097504603,137.2712386849,120.8693804180,115.6886322780
2999, 2026-05-29 10:39:56,1780040396,5996.0,42.5087514586,122.5116078777,134.2409954987,123.3406082493,109.9532198852
3000, 2026-05-29 10:39:58,1780040398,5998.0,42.5029171529,126.5756509360,138.4114996902,126.3820625114,114.9333906063
3001, 2026-05-29 10:40:00,1780040400,6000.0,42.4970828471,125.7844430348,136.1195586596,126.7062316948,114.5275387502
3002, 2026-05-29 10:40:02,1780040402,6002.0,42.4912485414,125.4832567217,135.3736937513,125.3092885811,115.7667878328
3003, 2026-05-29 10:40:04,1780040404,6004.0,42.4854142357,124.8135504626,135.2045280744,123.6376743514,115.5984489621
3004, 2026-05-29 10:40:06,1780040406,6006.0,42.4795799300,124.8689004593,135.8886819725,124.1735194517,114.5444999539
3005, 2026-05-29 10:40:08,1780040408,6008.0,42.4737456243,124.3205670448,135.2647699142,124.6113283756,113.0856028446
3006, 2026-05-29 10:40:10,1780040410,6010.0,42.4679113186,123.7797949643,135.6130658614,122.8971223397,112.8291966918
3007, 2026-05-29 10:40:12,1780040412,6012.0,42.4620770128,126.2611942597,136.5564674160,127.4224526953,114.8046626677
3008, 2026-05-29 10:40:14,1780040414,6014.0,42.4562427071,125.1676154407,138.9867364118,123.6388303546,112.8772795557
3009, 2026-05-29 10:40:16,1780040416,6016.0,42.4504084014,125.3686116111,135.0797084238,125.9608926731,115.0652337365
3010, 2026-05-29 10:40:18,1780040418,6018.0,42.4445740957,125.4902094119,133.9255257703,125.4343984632,117.1107040021
3011, 2026-05-29 10:40:20,1780040420,6020.0,42.4387397900,125.7071211191,137.1294529662,125.9452825407,114.0466278504
3012, 2026-05-29 10:40:22,1780040422,6022.0,42.4329054842,125.0149670289,136.7789733736,125.6581398533,112.6077878599
3013, 2026-05-29 10:40:24,1780040424,6024.0,42.4270711785,125.7061395316,135.7880392684,127.3195396824,114.0108396439
3014, 2026-05-29 10:40:26,1780040426,6026.0,42.4212368728,123.4984571049,134.2050197243,123.8611409330,112.4292106574
3015, 2026-05-29 10:40:28,1780040428,6028.0,42.4154025671,123.9571537996,134.9638060948,124.5516822343,112.3559730696
3016, 2026-05-29 10:40:30,1780040430,6030.0,42.4095682614,125.4881948871,136.5899986046,125.5102190709,114.3643669859
3017, 2026-05-29 10:40:32,1780040432,6032.0,42.4037339557,126.3918284272,136.4938668352,126.7518990072,115.9297194391
3018, 2026-05-29 10:40:34,1780040434,6034.0,42.3978996499,125.7270558892,137.7969324529,125.4192307148,113.9650044997
3019, 2026-05-29 10:40:36,1780040436,6036.0,42.3920653442,123.9091499808,134.3620235848,123.8462052061,113.5192211514
3020, 2026-05-29 10:40:38,1780040438,6038.0,42.3862310385,125.1444743835,137.0448888299,123.9085056137,114.4800287069
3021, 2026-05-29 10:40:40,1780040440,6040.0,42.3803967328,124.2330910143,133.2174028532,125.8784083892,113.6034618006
3022, 2026-05-29 10:40:42,1780040442,6042.0,42.3745624271,125.1812144001,137.0826585227,122.8177974771,115.6431872004
3023, 2026-05-29 10:40:44,1780040444,6044.0,42.3687281214,124.6158412719,137.1039768267,122.2936782944,114.4498686944
3024, 2026-05-29 10:40:46,1780040446,6046.0,42.3628938156,125.3402361858,134.8590077652,123.4358944337,117.7258063585
3025, 2026-05-29 10:40:48,1780040448,6048.0,42.3570595099,124.7234743520,136.2346471585,125.2094045830,112.7263713147
3026, 2026-05-29 10:40:50,1780040450,6050.0,42.3512252042,124.0014282885,135.8557959673,124.1707162336,111.9777726644
3027, 2026-05-29 10:40:52,1780040452,6052.0,42.3453908985,123.5617128390,134.7890812368,123.3593779472,112.5366793330
3028, 2026-05-29 10:40:54,1780040454,6054.0,42.3395565928,124.7445441138,138.5786980452,121.4767041272,114.1782301690
3029, 2026-05-29 10:40:56,1780040456,6056.0,42.3337222870,124.9150572136,135.1965513035,125.2219897934,114.3266305438
3030, 2026-05-29 10:40:58,1780040458,6058.0,42.3278879813,125.7000870618,138.1051821343,125.5995155630,113.3955634880
3031, 2026-05-29 10:41:00,1780040460,6060.0,42.3220536756,125.8956115450,138.0910657514,127.6600117535,111.9357571302
3032, 2026-05-29 10:41:02,1780040462,6062.0,42.3162193699,124.8874135234,134.9417991080,126.2595997169,113.4608417453
3033, 2026-05-29 10:41:04,1780040464,6064.0,42.3103850642,124.7649120637,136.3146003900,124.3382496398,113.6418861614
3034, 2026-05-29 10:41:06,1780040466,6066.0,42.3045507585,125.4592492493,134.9681145104,124.8711679706,116.5384652669
3035, 2026-05-29 10:41:08,1780040468,6068.0,42.2987164527,125.9345790581,135.3751549749,127.4979581295,114.9306240698
3036, 2026-05-29 10:41:10,1780040470,6070.0,42.2928821470,124.8471990785,137.4818157316,125.3415919675,111.7181895364
3037, 2026-05-29 10:41:12,1780040472,6072.0,42.2870478413,125.4632359166,136.5172088056,125.5890747393,114.2834242048
3038, 2026-05-29 10:41:14,1780040474,6074.0,42.2812135356,124.7857150421,134.2198835916,124.9349289930,115.2023325417
3039, 2026-05-29 10:41:16,1780040476,6076.0,42.2753792299,125.4316838460,135.6189496377,127.1365969299,113.5395049702
3040, 2026-05-29 10:41:18,1780040478,6078.0,42.2695449242,124.4041063184,135.0238843961,124.4653548703,113.7230796888
3041, 2026-05-29 10:41:20,1780040480,6080.0,42.2637106184,125.0819552510,134.9013936739,125.9264189657,114.4180531135
3042, 2026-05-29 10:41:22,1780040482,6082.0,42.2578763127,124.7935422684,135.9271961448,126.1723681795,112.2810624808
3043, 2026-05-29 10:41:24,1780040484,6084.0,42.2520420070,126.3004886237,137.4617600872,124.9816619449,116.4580438389
3044, 2026-05-29 10:41:26,1780040486,6086.0,42.2462077013,125.0263521748,135.6398633263,124.8311154740,114.6080777242
3045, 2026-05-29 10:41:28,1780040488,6088.0,42.2403733956,124.2848096856,133.0982070892,126.4937718792,113.2624500882
3046, 2026-05-29 10:41:30,1780040490,6090.0,42.2345390898,124.6520069199,136.7275764279,122.9908799676,114.2375643640
3047, 2026-05-29 10:41:32,1780040492,6092.0,42.2287047841,125.4397489326,137.2568374408,123.7726134399,115.2897959172
3048, 2026-05-29 10:41:34,1780040494,6094.0,42.2228704784,123.9594622768,136.2042234749,122.1834110099,113.4907523455
3049, 2026-05-29 10:41:36,1780040496,6096.0,42.2170361727,126.1960666098,135.7507394616,125.7131016620,117.1243587059
3050, 2026-05-29 10:41:38,1780040498,6098.0,42.2112018670,125.6425487061,134.9411887790,127.6675509284,114.3189064110
3051, 2026-05-29 10:41:40,1780040500,6100.0,42.2053675613,125.0154816136,136.1142097015,122.4762271276,116.4560080118
3052, 2026-05-29 10:41:42,1780040502,6102.0,42.1995332555,123.7527687508,136.7045631028,121.6635191043,112.8902240454
3053, 2026-05-29 10:41:44,1780040504,6104.0,42.1936989498,126.4661178696,137.9132457414,126.2315176323,115.2535902353
3054, 2026-05-29 10:41:46,1780040506,6106.0,42.1878646441,126.3790013273,136.9634647151,125.8400471562,116.3334921105
3055, 2026-05-29 10:41:48,1780040508,6108.0,42.1820303384,123.3259590635,134.0123548118,122.3117315944,113.6537907844
3056, 2026-05-29 10:41:50,1780040510,6110.0,42.1761960327,124.3211386889,134.1783816602,124.8934627773,113.8915716293
3057, 2026-05-29 10:41:52,1780040512,6112.0,42.1703617270,125.6192754079,137.1814501912,124.8913106130,114.7850654194
3058, 2026-05-29 10:41:54,1780040514,6114.0,42.1645274212,125.1483886323,132.5975371459,126.0967402788,116.7508884721
3059, 2026-05-29 10:41:56,1780040516,6116.0,42.1586931155,124.8560349429,135.9944973195,124.1737439435,114.3998635658
3060, 2026-05-29 10:41:58,1780040518,6118.0,42.1528588098,125.8363476609,136.6315020508,125.2730985228,115.6044424089
3061, 2026-05-29 10:42:00,1780040520,6120.0,42.1470245041,124.7050374807,135.8092557013,124.5925102000,113.7133465408
3062, 2026-05-29 10:42:02,1780040522,6122.0,42.1411901984,126.2668305992,138.2561936458,125.5500881884,114.9942099634
3063, 2026-05-29 10:42:04,1780040524,6124.0,42.1353558926,125.0554068454,135.4344952586,127.3240777908,112.4076474869
3064, 2026-05-29 10:42:06,1780040526,6126.0,42.1295215869,123.4102965095,134.0041921831,121.5944780276,114.6322193178
3065, 2026-05-29 10:42:08,1780040528,6128.0,42.1236872812,124.5892919626,134.1673766267,126.9311905875,112.6693086738
3066, 2026-05-29 10:42:10,1780040530,6130.0,42.1178529755,125.9246986696,135.2249727264,125.0680884412,117.4810348413
3067, 2026-05-29 10:42:12,1780040532,6132.0,42.1120186698,124.4679455861,133.5695282736,123.8873925711,115.9469159137
3068, 2026-05-29 10:42:14,1780040534,6134.0,42.1061843641,124.1858053909,132.4501727788,124.4727870079,115.6344563859
3069, 2026-05-29 10:42:16,1780040536,6136.0,42.1003500583,126.8199954549,136.0192436373,126.3600528121,118.0806899152
3070, 2026-05-29 10:42:18,1780040538,6138.0,42.0945157526,125.7327416972,137.4758720264,125.8332071130,113.8891459521
3071, 2026-05-29 10:42:20,1780040540,6140.0,42.0886814469,125.9879914721,138.2973934667,124.4488749261,115.2177060234
3072, 2026-05-29 10:42:22,1780040542,6142.0,42.0828471412,125.6700363978,133.7075473251,127.4136771508,115.8888847175
3073, 2026-05-29 10:42:24,1780040544,6144.0,42.0770128355,125.1141367935,137.8610191923,124.3028828777,113.1785083104
3074, 2026-05-29 10:42:26,1780040546,6146.0,42.0711785298,125.3119902263,136.9544569967,126.3955410171,112.5859726652
3075, 2026-05-29 10:42:28,1780040548,6148.0,42.0653442240,123.8882409977,135.4649661541,122.3365863066,113.8631705325
3076, 2026-05-29 10:42:30,1780040550,6150.0,42.0595099183,125.4709363320,135.6902523076,125.7165544468,115.0060022416
3077, 2026-05-29 10:42:32,1780040552,6152.0,42.0536756126,124.9066210521,136.8362764177,124.0588056888,113.8247810499
3078, 2026-05-29 10:42:34,1780040554,6154.0,42.0478413069,126.4890394118,138.0122713855,125.7354704763,115.7193763735
3079, 2026-05-29 10:42:36,1780040556,6156.0,42.0420070012,125.5044426330,136.1031626470,123.6336284964,116.7765367558
3080, 2026-05-29 10:42:38,1780040558,6158.0,42.0361726954,124.6617110888,133.7242161916,126.7142418096,113.5466752653
3081, 2026-05-29 10:42:40,1780040560,6160.0,42.0303383897,126.0252476848,137.6733204688,124.9754370962,115.4269854894
3082, 2026-05-29 10:42:42,1780040562,6162.0,42.0245040840,127.4633409143,136.6914978519,127.0810046674,118.6175202236
3083, 2026-05-29 10:42:44,1780040564,6164.0,42.0186697783,125.3457583808,136.8803896618,125.3983755641,113.7585099164
3084, 2026-05-29 10:42:46,1780040566,6166.0,42.0128354726,125.3319638731,135.6836178361,125.9153871323,114.3968866508
3085, 2026-05-29 10:42:48,1780040568,6168.0,42.0070011669,125.9820502627,137.1504211571,125.6859791636,115.1097504675
3086, 2026-05-29 10:42:50,1780040570,6170.0,42.0011668611,124.9434034513,137.4825570420,123.0723750306,114.2752782812
3087, 2026-05-29 10:42:52,1780040572,6172.0,41.9953325554,124.6914912831,135.0646023228,126.1928597402,112.8170117861
3088, 2026-05-29 10:42:54,1780040574,6174.0,41.9894982497,126.0823492723,135.6952178995,127.0363108061,115.5155191113
3089, 2026-05-29 10:42:56,1780040576,6176.0,41.9836639440,126.2473548419,137.6666200851,127.4372724056,113.6381720349
3090, 2026-05-29 10:42:58,1780040578,6178.0,41.9778296383,124.2726846718,134.8023291372,124.1173704949,113.8983543832
3091, 2026-05-29 10:43:00,1780040580,6180.0,41.9719953326,127.1421825120,137.2458236678,127.6770962042,116.5036276639
3092, 2026-05-29 10:43:02,1780040582,6182.0,41.9661610268,123.1833450064,133.6440544292,124.2404657202,111.6655148696
3093, 2026-05-29 10:43:04,1780040584,6184.0,41.9603267211,124.5465396424,133.2247761699,123.4874096987,116.9274330585
3094, 2026-05-29 10:43:06,1780040586,6186.0,41.9544924154,125.9233257310,136.6779874239,123.3604592795,117.7315304897
3095, 2026-05-29 10:43:08,1780040588,6188.0,41.9486581097,124.3948815102,136.5066644196,123.5068226755,113.1711574355
3096, 2026-05-29 10:43:10,1780040590,6190.0,41.9428238040,126.4871945070,137.8743754700,126.2498872042,115.3373208467
3097, 2026-05-29 10:43:12,1780040592,6192.0,41.9369894982,124.5014944836,136.8668051646,125.7705151244,110.8671631617
3098, 2026-05-29 10:43:14,1780040594,6194.0,41.9311551925,125.7646331385,139.6944577740,122.5524031032,115.0470385382
3099, 2026-05-29 10:43:16,1780040596,6196.0,41.9253208868,125.2696035702,136.2168086431,127.1757573112,112.4162447562
3100, 2026-05-29 10:43:18,1780040598,6198.0,41.9194865811,126.9452836383,137.9473059876,126.4752693842,116.4132755431
3101, 2026-05-29 10:43:20,1780040600,6200.0,41.9136522754,125.4875368058,137.3084499319,125.9319506763,113.2222098091
3102, 2026-05-29 10:43:22,1780040602,6202.0,41.9078179697,125.3502909601,135.2147987177,127.3069292062,113.5291449562
3103, 2026-05-29 10:43:24,1780040604,6204.0,41.9019836639,126.2204758720,135.8080924654,127.3691398745,115.4841952760
3104, 2026-05-29 10:43:26,1780040606,6206.0,41.8961493582,123.7880397658,134.6447465639,123.3705851029,113.3487876308
3105, 2026-05-29 10:43:28,1780040608,6208.0,41.8903150525,126.7256235708,136.2161755782,128.2597429403,115.7009521938
3106, 2026-05-29 10:43:30,1780040610,6210.0,41.8844807468,126.3639016835,136.3364108905,125.4720022997,117.2832918604
3107, 2026-05-29 10:43:32,1780040612,6212.0,41.8786464411,125.9849651400,136.9265560527,125.5580572861,115.4702820813
3108, 2026-05-29 10:43:34,1780040614,6214.0,41.8728121354,126.0045526922,137.2663346822,126.3334240798,114.4138993148
3109, 2026-05-29 10:43:36,1780040616,6216.0,41.8669778296,127.7881513328,138.9432475124,126.9431298492,117.4780766369
3110, 2026-05-29 10:43:38,1780040618,6218.0,41.8611435239,127.4229517526,138.1149997193,128.0890300144,116.0648255242
3111, 2026-05-29 10:43:40,1780040620,6220.0,41.8553092182,124.0309560409,132.8448503933,124.3120843762,114.9359333532
3112, 2026-05-29 10:43:42,1780040622,6222.0,41.8494749125,124.3921527942,136.0141883253,123.3977364232,113.7645336341
3113, 2026-05-29 10:43:44,1780040624,6224.0,41.8436406068,126.8984452323,136.9422848180,127.1015514234,116.6514994556
3114, 2026-05-29 10:43:46,1780040626,6226.0,41.8378063011,124.1335164203,136.6073474309,124.2123821040,111.5808197260
3115, 2026-05-29 10:43:48,1780040628,6228.0,41.8319719953,126.9793639209,138.1797157174,126.1883203505,116.5700556949
3116, 2026-05-29 10:43:50,1780040630,6230.0,41.8261376896,125.6448032627,135.9022641051,125.6928352047,115.3393104782
3117, 2026-05-29 10:43:52,1780040632,6232.0,41.8203033839,124.5586923310,135.9091947347,123.4245227448,114.3423595134
3118, 2026-05-29 10:43:54,1780040634,6234.0,41.8144690782,125.6159491900,136.9643769172,126.4309080422,113.4525626108
3119, 2026-05-29 10:43:56,1780040636,6236.0,41.8086347725,126.3003600705,138.5213546814,125.9145201135,114.4652054165
3120, 2026-05-29 10:43:58,1780040638,6238.0,41.8028004667,127.7097911330,137.9428829765,128.7435143301,116.4429760925
3121, 2026-05-29 10:44:00,1780040640,6240.0,41.7969661610,125.4417876104,135.7485777443,126.5566390696,114.0201460172
3122, 2026-05-29 10:44:02,1780040642,6242.0,41.7911318553,126.1957199512,137.7239507000,125.6916923305,115.1715168230
3123, 2026-05-29 10:44:04,1780040644,6244.0,41.7852975496,125.3498751118,135.1728780495,126.9187990903,113.9579481954
3124, 2026-05-29 10:44:06,1780040646,6246.0,41.7794632439,126.1881968652,138.2683643238,124.6037991104,115.6924271612
3125, 2026-05-29 10:44:08,1780040648,6248.0,41.7736289382,126.5398587383,137.1653014540,125.9656924820,116.4885822789
3126, 2026-05-29 10:44:10,1780040650,6250.0,41.7677946324,125.0934060685,136.2833348639,126.5628152424,112.4340680993
3127, 2026-05-29 10:44:12,1780040652,6252.0,41.7619603267,125.3249471903,135.5221205600,124.4078546896,116.0448663213
3128, 2026-05-29 10:44:14,1780040654,6254.0,41.7561260210,126.0067072636,139.2176877021,123.0115300047,115.7909040842
3129, 2026-05-29 10:44:16,1780040656,6256.0,41.7502917153,126.3113460354,136.3873562955,127.8126695875,114.7340122232
3130, 2026-05-29 10:44:18,1780040658,6258.0,41.7444574096,125.0622497445,134.5392430030,124.0338627047,116.6136435258
3131, 2026-05-29 10:44:20,1780040660,6260.0,41.7386231039,127.1040678987,137.3868956562,125.7472201627,118.1780878772
3132, 2026-05-29 10:44:22,1780040662,6262.0,41.7327887981,125.2760861529,134.6272372597,126.3080815342,114.8929396648
3133, 2026-05-29 10:44:24,1780040664,6264.0,41.7269544924,126.8102848480,137.6400314214,125.1411348379,117.6496882847
3134, 2026-05-29 10:44:26,1780040666,6266.0,41.7211201867,125.4014829987,134.7052189480,125.7374685961,115.7617614519
3135, 2026-05-29 10:44:28,1780040668,6268.0,41.7152858810,128.0430848434,139.9661145768,127.7167980025,116.4463419509
3136, 2026-05-29 10:44:30,1780040670,6270.0,41.7094515753,125.1956774602,135.7973395900,127.3658933805,112.4237994102
3137, 2026-05-29 10:44:32,1780040672,6272.0,41.7036172695,126.3578567345,135.6655039952,127.7958635032,115.6122027051
3138, 2026-05-29 10:44:34,1780040674,6274.0,41.6977829638,126.5407975439,138.6178148958,125.8487059635,115.1558717725
3139, 2026-05-29 10:44:36,1780040676,6276.0,41.6919486581,125.1525610694,137.8898432100,124.0694376514,113.4984023468
3140, 2026-05-29 10:44:38,1780040678,6278.0,41.6861143524,125.7528825677,136.3619278948,125.3325492991,115.5641705092
3141, 2026-05-29 10:44:40,1780040680,6280.0,41.6802800467,124.9141774670,134.6345342487,125.5193552775,114.5886428748
3142, 2026-05-29 10:44:42,1780040682,6282.0,41.6744457410,126.1960669687,138.3503278315,123.5708326210,116.6670404537
3143, 2026-05-29 10:44:44,1780040684,6284.0,41.6686114352,126.2927821955,135.0091937142,128.6406880442,115.2284648281
3144, 2026-05-29 10:44:46,1780040686,6286.0,41.6627771295,125.8577916534,134.8442401848,126.9018442231,115.8272905522
3145, 2026-05-29 10:44:48,1780040688,6288.0,41.6569428238,126.4716898095,136.2879110687,126.3845002730,116.7426580868
3146, 2026-05-29 10:44:50,1780040690,6290.0,41.6511085181,127.3288907437,138.0334424230,128.1644512402,115.7887785680
3147, 2026-05-29 10:44:52,1780040692,6292.0,41.6452742124,126.6596170803,138.2336455006,125.2941701717,116.4510355685
3148, 2026-05-29 10:44:54,1780040694,6294.0,41.6394399067,127.2770818272,140.3377236433,127.3773722096,114.1161496285
3149, 2026-05-29 10:44:56,1780040696,6296.0,41.6336056009,126.2792846141,137.6968503229,123.7624735487,117.3785299706
3150, 2026-05-29 10:44:58,1780040698,6298.0,41.6277712952,127.5778591057,138.7909049059,129.6647503948,114.2779220163
3151, 2026-05-29 10:45:00,1780040700,6300.0,41.6219369895,126.4305646282,137.4337465063,125.2226513717,116.6352960066
3152, 2026-05-29 10:45:02,1780040702,6302.0,41.6161026838,124.5025638708,136.2742332782,124.6748965328,112.5585618015
3153, 2026-05-29 10:45:04,1780040704,6304.0,41.6102683781,126.8110581729,138.3368375767,127.0007506523,115.0955862899
3154, 2026-05-29 10:45:06,1780040706,6306.0,41.6044340723,125.7575179759,136.9693201049,125.9977232096,114.3055106134
3155, 2026-05-29 10:45:08,1780040708,6308.0,41.5985997666,125.3548417543,137.7749884319,125.9498013270,112.3397355039
3156, 2026-05-29 10:45:10,1780040710,6310.0,41.5927654609,127.6824174113,138.1346731436,127.5606857977,117.3518932925
3157, 2026-05-29 10:45:12,1780040712,6312.0,41.5869311552,126.6960003543,139.4317979120,126.3855321414,114.2706710096
3158, 2026-05-29 10:45:14,1780040714,6314.0,41.5810968495,125.7257383237,137.0163473901,125.5030328442,114.6578347368
3159, 2026-05-29 10:45:16,1780040716,6316.0,41.5752625438,126.2072609747,136.5110481845,125.0451120721,117.0656226676
3160, 2026-05-29 10:45:18,1780040718,6318.0,41.5694282380,126.6099105363,137.6898177012,125.8314094876,116.3085044201
3161, 2026-05-29 10:45:20,1780040720,6320.0,41.5635939323,126.5688744886,136.7552618655,126.6308742648,116.3204873357
3162, 2026-05-29 10:45:22,1780040722,6322.0,41.5577596266,127.0586141227,137.3205753073,127.1851872235,116.6700798372
3163, 2026-05-29 10:45:24,1780040724,6324.0,41.5519253209,128.0430397346,140.1514830185,126.4873365099,117.4902996754
3164, 2026-05-29 10:45:26,1780040726,6326.0,41.5460910152,127.2682454222,140.2402797739,125.6993434259,115.8651130666
3165, 2026-05-29 10:45:28,1780040728,6328.0,41.5402567095,126.9133449281,137.8827621432,125.1434195192,117.7138531218
3166, 2026-05-29 10:45:30,1780040730,6330.0,41.5344224037,126.8830553760,136.9742944412,127.1663361632,116.5085355235
3167, 2026-05-29 10:45:32,1780040732,6332.0,41.5285880980,125.8873551585,136.9395055989,124.8133931636,115.9091667131
3168, 2026-05-29 10:45:34,1780040734,6334.0,41.5227537923,126.1821325680,133.5749035909,126.7750345364,118.1964595769
3169, 2026-05-29 10:45:36,1780040736,6336.0,41.5169194866,126.7892963592,135.7635099282,127.5720377263,117.0323414231
3170, 2026-05-29 10:45:38,1780040738,6338.0,41.5110851809,126.3436233466,137.9381243791,126.8181407452,114.2746049153
3171, 2026-05-29 10:45:40,1780040740,6340.0,41.5052508751,125.9477164895,137.5374534020,126.0564379464,114.2492581200
3172, 2026-05-29 10:45:42,1780040742,6342.0,41.4994165694,126.7579744762,136.1348386013,127.4852995918,116.6537852355
3173, 2026-05-29 10:45:44,1780040744,6344.0,41.4935822637,125.7877523071,137.0061198481,126.1171692881,114.2399677850
3174, 2026-05-29 10:45:46,1780040746,6346.0,41.4877479580,125.9781020472,135.8717092241,126.8579535715,115.2046433461
3175, 2026-05-29 10:45:48,1780040748,6348.0,41.4819136523,126.0395380852,137.6555608343,125.0090800948,115.4539733266
3176, 2026-05-29 10:45:50,1780040750,6350.0,41.4760793466,127.0078052765,137.8516350093,125.8869050300,117.2848757901
3177, 2026-05-29 10:45:52,1780040752,6352.0,41.4702450408,126.0195898146,135.1425955153,125.6373559844,117.2788179441
3178, 2026-05-29 10:45:54,1780040754,6354.0,41.4644107351,127.3776551783,138.9544323261,125.8621580043,117.3163752044
3179, 2026-05-29 10:45:56,1780040756,6356.0,41.4585764294,127.9260088204,137.9891276183,130.4214787284,115.3674201145
3180, 2026-05-29 10:45:58,1780040758,6358.0,41.4527421237,126.3366017938,137.6964100990,126.2271379559,115.0862573265
3181, 2026-05-29 10:46:00,1780040760,6360.0,41.4469078180,127.6369501101,139.8057655958,126.6814418029,116.4236429316
3182, 2026-05-29 10:46:02,1780040762,6362.0,41.4410735123,126.2984252174,136.3648785584,128.6668272147,113.8635698792
3183, 2026-05-29 10:46:04,1780040764,6364.0,41.4352392065,124.9060556534,136.4118878892,123.6634220998,114.6428569710
3184, 2026-05-29 10:46:06,1780040766,6366.0,41.4294049008,127.0284074472,136.8664785363,128.0450845870,116.1736592184
3185, 2026-05-29 10:46:08,1780040768,6368.0,41.4235705951,125.7825808280,135.2251957020,127.8194676274,114.3030791546
3186, 2026-05-29 10:46:10,1780040770,6370.0,41.4177362894,127.9996839661,139.8098547733,128.7571615319,115.4320355931
3187, 2026-05-29 10:46:12,1780040772,6372.0,41.4119019837,126.9824128329,138.2394448434,129.0152176576,113.6925759976
3188, 2026-05-29 10:46:14,1780040774,6374.0,41.4060676779,126.6797759389,137.0890033231,126.1346788168,116.8156456766
3189, 2026-05-29 10:46:16,1780040776,6376.0,41.4002333722,124.7770579812,136.6842558158,125.0855907786,112.5613273491
3190, 2026-05-29 10:46:18,1780040778,6378.0,41.3943990665,126.7195666832,138.5090397166,125.9962864088,115.6533739241
3191, 2026-05-29 10:46:20,1780040780,6380.0,41.3885647608,125.9375018164,136.4224526900,125.0035203319,116.3865324273
3192, 2026-05-29 10:46:22,1780040782,6382.0,41.3827304551,124.9097797151,134.3276306388,125.4055354653,114.9961730412
3193, 2026-05-29 10:46:24,1780040784,6384.0,41.3768961494,128.2419279136,138.1309571297,128.6458526852,117.9489739260
3194, 2026-05-29 10:46:26,1780040786,6386.0,41.3710618436,127.4682731043,139.2771025977,127.4744450214,115.6532716937
3195, 2026-05-29 10:46:28,1780040788,6388.0,41.3652275379,126.0435106629,137.7536126208,125.0255136867,115.3514056811
3196, 2026-05-29 10:46:30,1780040790,6390.0,41.3593932322,126.9731387700,137.6612613663,127.5079979532,115.7501569904
3197, 2026-05-29 10:46:32,1780040792,6392.0,41.3535589265,127.9230275228,138.3961581345,129.3880528982,115.9848715357
3198, 2026-05-29 10:46:34,1780040794,6394.0,41.3477246208,126.5912240985,136.3701735216,126.9110305256,116.4924682483
3199, 2026-05-29 10:46:36,1780040796,6396.0,41.3418903151,125.2291259835,137.1630419101,124.6213141388,113.9030219015
3200, 2026-05-29 10:46:38,1780040798,6398.0,41.3360560093,126.8146895939,136.1586338793,127.6411278982,116.6443070042
3201, 2026-05-29 10:46:40,1780040800,6400.0,41.3302217036,127.6529798314,139.9660724601,127.1316457998,115.8612212343
3202, 2026-05-29 10:46:42,1780040802,6402.0,41.3243873979,127.4174541699,137.6062109422,127.6371745616,117.0089770057
3203, 2026-05-29 10:46:44,1780040804,6404.0,41.3185530922,126.5348877171,137.2447195060,126.2532105056,116.1067331395
3204, 2026-05-29 10:46:46,1780040806,6406.0,41.3127187865,124.5527897484,135.2614837405,126.2997114792,112.0971740253
3205, 2026-05-29 10:46:48,1780040808,6408.0,41.3068844807,129.2537201282,140.1512213358,128.8788249495,118.7311140992
3206, 2026-05-29 10:46:50,1780040810,6410.0,41.3010501750,127.3600375092,138.7706424384,127.9330445955,115.3764254936
3207, 2026-05-29 10:46:52,1780040812,6412.0,41.2952158693,129.1035932926,139.1225096305,130.6120659362,117.5762043111
3208, 2026-05-29 10:46:54,1780040814,6414.0,41.2893815636,126.8367647477,136.5950982246,126.7514572457,117.1637387729
3209, 2026-05-29 10:46:56,1780040816,6416.0,41.2835472579,126.2758242452,137.5305626943,126.0147398317,115.2821702097
3210, 2026-05-29 10:46:58,1780040818,6418.0,41.2777129522,127.3275875067,137.8740397377,127.1045739428,117.0041488395
3211, 2026-05-29 10:47:00,1780040820,6420.0,41.2718786464,127.9343193183,134.5519958549,130.7426612004,118.5083008995
3212, 2026-05-29 10:47:02,1780040822,6422.0,41.2660443407,127.0652684484,138.5792680368,125.6398920505,116.9766452579
3213, 2026-05-29 10:47:04,1780040824,6424.0,41.2602100350,126.6549955739,137.6531996703,126.5077584079,115.8040286436
3214, 2026-05-29 10:47:06,1780040826,6426.0,41.2543757293,126.1907629504,138.5126684537,126.8955862462,113.1640341513
3215, 2026-05-29 10:47:08,1780040828,6428.0,41.2485414236,127.1248131546,139.1376845757,125.8372973580,116.3994575302
3216, 2026-05-29 10:47:10,1780040830,6430.0,41.2427071179,127.2708103800,138.2415387965,124.0170637199,119.5538286235
3217, 2026-05-29 10:47:12,1780040832,6432.0,41.2368728121,127.8567399061,140.7063496445,127.3671770512,115.4966930226
3218, 2026-05-29 10:47:14,1780040834,6434.0,41.2310385064,124.9632379506,135.0523994893,126.5041960780,113.3331182843
3219, 2026-05-29 10:47:16,1780040836,6436.0,41.2252042007,127.2324457911,139.4867312321,126.8490243320,115.3615818093
3220, 2026-05-29 10:47:18,1780040838,6438.0,41.2193698950,127.4288970639,138.2782922615,128.1177197037,115.8906792264
3221, 2026-05-29 10:47:20,1780040840,6440.0,41.2135355893,128.0082373221,140.4265453204,127.3880003959,116.2101662500
3222, 2026-05-29 10:47:22,1780040842,6442.0,41.2077012835,127.2141690505,138.8163665035,128.3129428695,114.5131977786
3223, 2026-05-29 10:47:24,1780040844,6444.0,41.2018669778,128.3769993247,140.4879711305,128.8399233076,115.8031035359
3224, 2026-05-29 10:47:26,1780040846,6446.0,41.1960326721,126.2500090112,137.2646738654,125.1174615677,116.3678916005
3225, 2026-05-29 10:47:28,1780040848,6448.0,41.1901983664,127.1109784700,137.8399054566,128.7964233077,114.6966066458
3226, 2026-05-29 10:47:30,1780040850,6450.0,41.1843640607,126.3831606794,136.9424536464,127.1419461534,115.0650822383
3227, 2026-05-29 10:47:32,1780040852,6452.0,41.1785297550,126.9277933901,137.1815135997,127.1328302964,116.4690362743
3228, 2026-05-29 10:47:34,1780040854,6454.0,41.1726954492,126.2000281430,135.3373457091,125.9270937741,117.3356449459
3229, 2026-05-29 10:47:36,1780040856,6456.0,41.1668611435,128.0575326502,137.8343093875,128.2677793344,118.0705092288
3230, 2026-05-29 10:47:38,1780040858,6458.0,41.1610268378,127.5987595782,138.5111514044,126.6853829396,117.5997443907
3231, 2026-05-29 10:47:40,1780040860,6460.0,41.1551925321,127.7194590781,139.0256535758,126.3136672426,117.8190564158
3232, 2026-05-29 10:47:42,1780040862,6462.0,41.1493582264,127.7771182598,139.8082283401,127.5662512913,115.9568751479
3233, 2026-05-29 10:47:44,1780040864,6464.0,41.1435239207,128.5192506099,138.8253124920,127.1639412297,119.5684981078
3234, 2026-05-29 10:47:46,1780040866,6466.0,41.1376896149,127.9593105610,140.2308996338,126.2946473523,117.3523846969
3235, 2026-05-29 10:47:48,1780040868,6468.0,41.1318553092,128.0474509550,139.4546503315,126.1336907235,118.5540118099
3236, 2026-05-29 10:47:50,1780040870,6470.0,41.1260210035,126.1073557007,137.0090619567,127.4203382384,113.8926669070
3237, 2026-05-29 10:47:52,1780040872,6472.0,41.1201866978,128.4301312226,138.8761306316,127.7314722192,118.6827908171
3238, 2026-05-29 10:47:54,1780040874,6474.0,41.1143523921,126.0263689427,135.4714924429,129.2575391675,113.3500752178
3239, 2026-05-29 10:47:56,1780040876,6476.0,41.1085180863,127.4014850080,139.1657202184,126.6268109663,116.4119238392
3240, 2026-05-29 10:47:58,1780040878,6478.0,41.1026837806,127.9041657399,140.0730156702,126.3301136389,117.3093679106
3241, 2026-05-29 10:48:00,1780040880,6480.0,41.0968494749,127.4656090729,137.6354174273,127.1537903761,117.6076194152
3242, 2026-05-29 10:48:02,1780040882,6482.0,41.0910151692,127.7707284855,139.4930868161,129.6776054766,114.1414931638
3243, 2026-05-29 10:48:04,1780040884,6484.0,41.0851808635,125.3036300746,133.7271321717,126.1700432208,116.0137148312
3244, 2026-05-29 10:48:06,1780040886,6486.0,41.0793465578,127.0095853971,136.8444741592,127.6021363418,116.5821456902
3245, 2026-05-29 10:48:08,1780040888,6488.0,41.0735122520,126.9257610224,139.0503670589,126.6508171233,115.0760988850
3246, 2026-05-29 10:48:10,1780040890,6490.0,41.0676779463,129.0605671757,141.0943111580,129.4519324719,116.6354578972
3247, 2026-05-29 10:48:12,1780040892,6492.0,41.0618436406,127.8164594141,139.2976934482,125.5828489586,118.5688358355
3248, 2026-05-29 10:48:14,1780040894,6494.0,41.0560093349,127.3466121731,140.1064895165,127.4241058248,114.5092411781
3249, 2026-05-29 10:48:16,1780040896,6496.0,41.0501750292,126.8790584206,135.8473781837,127.8000162990,116.9897807791
3250, 2026-05-29 10:48:18,1780040898,6498.0,41.0443407235,129.9629315754,140.3216488520,131.5117297596,118.0554161147
3251, 2026-05-29 10:48:20,1780040900,6500.0,41.0385064177,126.9284543559,137.1196234483,128.0956926476,115.5700469717
3252, 2026-05-29 10:48:22,1780040902,6502.0,41.0326721120,126.8245335005,137.6179232872,127.1275925458,115.7280846686
3253, 2026-05-29 10:48:24,1780040904,6504.0,41.0268378063,128.2246811128,137.9511490310,128.2022417803,118.5206525270
3254, 2026-05-29 10:48:26,1780040906,6506.0,41.0210035006,127.2016374618,137.0906539637,128.4182228482,116.0960355734
3255, 2026-05-29 10:48:28,1780040908,6508.0,41.0151691949,127.6406712971,136.0169827930,128.3667745869,118.5382565115
3256, 2026-05-29 10:48:30,1780040910,6510.0,41.0093348891,128.5692109807,138.6443303577,129.4735674098,117.5897351745
3257, 2026-05-29 10:48:32,1780040912,6512.0,41.0035005834,127.0271547459,136.2269038478,127.9996342300,116.8549261600
3258, 2026-05-29 10:48:34,1780040914,6514.0,40.9976662777,126.9911534998,139.2924098075,125.5031119269,116.1779387648
3259, 2026-05-29 10:48:36,1780040916,6516.0,40.9918319720,127.0449615621,137.5024548048,126.0308713372,117.6015585442
3260, 2026-05-29 10:48:38,1780040918,6518.0,40.9859976663,127.9261007638,138.5971960149,130.0317749010,115.1493313754
3261, 2026-05-29 10:48:40,1780040920,6520.0,40.9801633606,129.0098937673,141.0956642519,126.8950037459,119.0390133043
3262, 2026-05-29 10:48:42,1780040922,6522.0,40.9743290548,127.2942061010,138.2521409068,126.5950807601,117.0353966360
3263, 2026-05-29 10:48:44,1780040924,6524.0,40.9684947491,128.1580766374,138.5934343412,128.4392591494,117.4415364216
3264, 2026-05-29 10:48:46,1780040926,6526.0,40.9626604434,127.1095283698,136.7491258606,128.6624088856,115.9170503632
3265, 2026-05-29 10:48:48,1780040928,6528.0,40.9568261377,127.6734316130,137.5128239997,127.0378007841,118.4696700553
3266, 2026-05-29 10:48:50,1780040930,6530.0,40.9509918320,127.1827782767,137.8460649855,125.9530965842,117.7491732605
3267, 2026-05-29 10:48:52,1780040932,6532.0,40.9451575263,128.1660114138,139.9382655253,126.2457643975,118.3140043186
3268, 2026-05-29 10:48:54,1780040934,6534.0,40.9393232205,125.4098592739,134.8193216949,124.0670812102,117.3431749167
3269, 2026-05-29 10:48:56,1780040936,6536.0,40.9334889148,127.2397398982,138.0168783454,126.4833703568,117.2189709924
3270, 2026-05-29 10:48:58,1780040938,6538.0,40.9276546091,127.6495545584,137.3590750264,128.5976250991,116.9919635498
3271, 2026-05-29 10:49:00,1780040940,6540.0,40.9218203034,127.5699520499,140.1256531399,126.7081054629,115.8760975468
3272, 2026-05-29 10:49:02,1780040942,6542.0,40.9159859977,127.8263536657,136.5995791086,129.0683224076,117.8111594809
3273, 2026-05-29 10:49:04,1780040944,6544.0,40.9101516919,127.0850048643,139.4466269834,125.2098099594,116.5985776500
3274, 2026-05-29 10:49:06,1780040946,6546.0,40.9043173862,128.3644104032,138.5200288003,128.4645323921,118.1086700172
3275, 2026-05-29 10:49:08,1780040948,6548.0,40.8984830805,128.7674720311,139.3265579359,127.7883895275,119.1874686301
3276, 2026-05-29 10:49:10,1780040950,6550.0,40.8926487748,127.3348825127,140.0596724329,128.6946368827,113.2503382225
3277, 2026-05-29 10:49:12,1780040952,6552.0,40.8868144691,128.7132826909,138.2253310254,129.3533991424,118.5611179050
3278, 2026-05-29 10:49:14,1780040954,6554.0,40.8809801634,128.1373654843,140.4980101533,127.5578041911,116.3562821085
3279, 2026-05-29 10:49:16,1780040956,6556.0,40.8751458576,127.2548472106,138.1390371537,126.7260042992,116.8995001790
3280, 2026-05-29 10:49:18,1780040958,6558.0,40.8693115519,127.6440428264,138.2556684324,127.4140794701,117.2623805766
3281, 2026-05-29 10:49:20,1780040960,6560.0,40.8634772462,126.8862285045,138.6434762329,125.1073900815,116.9078191991
3282, 2026-05-29 10:49:22,1780040962,6562.0,40.8576429405,128.7522456116,139.7712614042,129.2618147446,117.2236606858
3283, 2026-05-29 10:49:24,1780040964,6564.0,40.8518086348,128.0580838944,138.7329086586,126.8145242541,118.6268187704
3284, 2026-05-29 10:49:26,1780040966,6566.0,40.8459743291,126.9603233930,136.5135332968,126.0237338085,118.3437030738
3285, 2026-05-29 10:49:28,1780040968,6568.0,40.8401400233,128.0926027983,140.6941148223,128.2372435699,115.3464500025
3286, 2026-05-29 10:49:30,1780040970,6570.0,40.8343057176,128.1587536191,137.6411477052,130.4613004464,116.3738127056
3287, 2026-05-29 10:49:32,1780040972,6572.0,40.8284714119,127.2247752423,139.5312435828,126.0541770502,116.0889050940
3288, 2026-05-29 10:49:34,1780040974,6574.0,40.8226371062,129.6942318002,140.3389616300,128.8783695692,119.8653642014
3289, 2026-05-29 10:49:36,1780040976,6576.0,40.8168028005,128.2223228777,139.9029959764,127.1492968754,117.6146757813
3290, 2026-05-29 10:49:38,1780040978,6578.0,40.8109684947,127.4293154178,139.3339363357,124.7108847752,118.2431251425
3291, 2026-05-29 10:49:40,1780040980,6580.0,40.8051341890,128.6805088229,139.1117454615,128.2822239826,118.6475570246
3292, 2026-05-29 10:49:42,1780040982,6582.0,40.7992998833,126.9006086003,140.6520495103,126.8337622558,113.2160140347
3293, 2026-05-29 10:49:44,1780040984,6584.0,40.7934655776,128.0476957938,136.1128600748,128.4339537146,119.5962735922
3294, 2026-05-29 10:49:46,1780040986,6586.0,40.7876312719,127.4288989119,138.2262527567,127.0828701702,116.9775738089
3295, 2026-05-29 10:49:48,1780040988,6588.0,40.7817969662,126.7778607930,137.1037901134,126.7869031736,116.4428890919
3296, 2026-05-29 10:49:50,1780040990,6590.0,40.7759626604,128.6085338746,139.5963925248,127.2186940271,119.0105150720
3297, 2026-05-29 10:49:52,1780040992,6592.0,40.7701283547,128.7095786022,141.8925147505,127.5160558482,116.7201652079
3298, 2026-05-29 10:49:54,1780040994,6594.0,40.7642940490,129.5232711371,139.4270201073,130.6130830776,118.5297102264
3299, 2026-05-29 10:49:56,1780040996,6596.0,40.7584597433,126.1143894502,137.0230796338,124.7377152570,116.5823734596
3300, 2026-05-29 10:49:58,1780040998,6598.0,40.7526254376,128.1363080898,138.6681801476,127.3774044493,118.3633396724
3301, 2026-05-29 10:50:00,1780041000,6600.0,40.7467911319,128.2826182943,137.9449536928,128.4736733268,118.4292278632
3302, 2026-05-29 10:50:02,1780041002,6602.0,40.7409568261,127.7750268528,138.9384491798,126.1961960482,118.1904353304
3303, 2026-05-29 10:50:04,1780041004,6604.0,40.7351225204,128.0502978808,140.5516695709,128.3218342575,115.2773898140
3304, 2026-05-29 10:50:06,1780041006,6606.0,40.7292882147,128.4129955262,138.9728539270,129.4302601006,116.8358725511
3305, 2026-05-29 10:50:08,1780041008,6608.0,40.7234539090,129.5976146738,141.4698735958,128.0126203904,119.3103500352
3306, 2026-05-29 10:50:10,1780041010,6610.0,40.7176196033,127.4879774921,137.6202202066,129.2728647240,115.5708475456
3307, 2026-05-29 10:50:12,1780041012,6612.0,40.7117852975,129.8945843101,141.7473595980,129.2479495251,118.6884438073
3308, 2026-05-29 10:50:14,1780041014,6614.0,40.7059509918,128.6855506389,142.8323506161,127.5413708130,115.6829304877
3309, 2026-05-29 10:50:16,1780041016,6616.0,40.7001166861,127.8082518964,138.7229102633,127.5039556309,117.1978897949
3310, 2026-05-29 10:50:18,1780041018,6618.0,40.6942823804,127.4100769918,137.0502519071,128.7588483896,116.4211306786
3311, 2026-05-29 10:50:20,1780041020,6620.0,40.6884480747,127.4582078038,135.5838219065,130.5402295863,116.2505719185
3312, 2026-05-29 10:50:22,1780041022,6622.0,40.6826137690,128.9884741895,139.3141430525,129.1933545140,118.4579250020
3313, 2026-05-29 10:50:24,1780041024,6624.0,40.6767794632,127.3808069253,139.6007334031,125.3892979371,117.1523894357
3314, 2026-05-29 10:50:26,1780041026,6626.0,40.6709451575,126.8881372400,138.1192240121,125.1582988601,117.3868888477
3315, 2026-05-29 10:50:28,1780041028,6628.0,40.6651108518,128.8690176112,140.0496029263,126.4088187424,120.1486311648
3316, 2026-05-29 10:50:30,1780041030,6630.0,40.6592765461,128.3627798753,139.9691351669,127.2922005869,117.8270038721
3317, 2026-05-29 10:50:32,1780041032,6632.0,40.6534422404,125.7286305318,139.2529571392,125.4821106900,112.4508237661
3318, 2026-05-29 10:50:34,1780041034,6634.0,40.6476079347,128.4645966422,139.5226287038,129.5998807722,116.2712804506
3319, 2026-05-29 10:50:36,1780041036,6636.0,40.6417736289,127.7087609380,138.8478876249,128.1699803902,116.1084147990
3320, 2026-05-29 10:50:38,1780041038,6638.0,40.6359393232,127.3018663452,138.1893932326,127.1498266096,116.5663791933
3321, 2026-05-29 10:50:40,1780041040,6640.0,40.6301050175,127.8975263266,138.8755605968,128.0968336899,116.7201846931
3322, 2026-05-29 10:50:42,1780041042,6642.0,40.6242707118,127.4444590061,140.7087274059,125.1764475981,116.4482020143
3323, 2026-05-29 10:50:44,1780041044,6644.0,40.6184364061,127.3378163511,137.3826938801,127.2301578057,117.4005973675
3324, 2026-05-29 10:50:46,1780041046,6646.0,40.6126021004,129.9415198793,141.9696063038,129.4778619192,118.3770914149
3325, 2026-05-29 10:50:48,1780041048,6648.0,40.6067677946,129.6960086212,139.8618220669,129.0376558662,120.1885479305
3326, 2026-05-29 10:50:50,1780041050,6650.0,40.6009334889,129.4625056797,141.5328965788,130.0952231496,116.7593973107
3327, 2026-05-29 10:50:52,1780041052,6652.0,40.5950991832,127.6318784944,136.6479437026,129.8941673295,116.3535244510
3328, 2026-05-29 10:50:54,1780041054,6654.0,40.5892648775,127.6621224873,139.6997727404,127.3378882595,115.9487064620
3329, 2026-05-29 10:50:56,1780041056,6656.0,40.5834305718,128.5586028119,140.2608005943,128.7096306188,116.7053772227
3330, 2026-05-29 10:50:58,1780041058,6658.0,40.5775962660,128.2625490803,140.9647416533,128.3158434167,115.5070621708
3331, 2026-05-29 10:51:00,1780041060,6660.0,40.5717619603,127.6481321513,142.2615326660,126.1325374522,114.5503263356
3332, 2026-05-29 10:51:02,1780041062,6662.0,40.5659276546,129.3078634677,141.4072830374,130.1516003308,116.3647070350
3333, 2026-05-29 10:51:04,1780041064,6664.0,40.5600933489,128.5013608441,140.5267945874,127.9745335923,117.0027543527
3334, 2026-05-29 10:51:06,1780041066,6666.0,40.5542590432,127.9873263942,139.9662751981,129.4101584056,114.5855455790
3335, 2026-05-29 10:51:08,1780041068,6668.0,40.5484247375,127.0634810192,138.5299764492,128.7391859552,113.9212806533
3336, 2026-05-29 10:51:10,1780041070,6670.0,40.5425904317,129.7883491776,139.6222248138,130.1626990553,119.5801236638
3337, 2026-05-29 10:51:12,1780041072,6672.0,40.5367561260,127.5262477654,138.3688587959,127.7781081332,116.4317763669
3338, 2026-05-29 10:51:14,1780041074,6674.0,40.5309218203,129.9697982218,142.5852225747,129.1911101888,118.1330619020
3339, 2026-05-29 10:51:16,1780041076,6676.0,40.5250875146,127.4897953048,140.0724111289,126.2116997161,116.1852750695
3340, 2026-05-29 10:51:18,1780041078,6678.0,40.5192532089,128.9213447797,137.8266037932,130.3129915632,118.6244389827
3341, 2026-05-29 10:51:20,1780041080,6680.0,40.5134189032,129.7489493717,139.1701917615,130.1400725166,119.9365838371
3342, 2026-05-29 10:51:22,1780041082,6682.0,40.5075845974,127.4485599538,139.6392912756,125.7691478795,116.9372407063
3343, 2026-05-29 10:51:24,1780041084,6684.0,40.5017502917,127.5650767843,138.4921752792,129.1482126754,115.0548423984
3344, 2026-05-29 10:51:26,1780041086,6686.0,40.4959159860,127.4383588557,139.7746859635,128.0535757476,114.4868148560
3345, 2026-05-29 10:51:28,1780041088,6688.0,40.4900816803,127.6596155763,138.1163548885,128.3839270196,116.4785648208
3346, 2026-05-29 10:51:30,1780041090,6690.0,40.4842473746,128.3834660189,137.4263849171,129.1520572210,118.5719559187
3347, 2026-05-29 10:51:32,1780041092,6692.0,40.4784130688,128.3664864153,140.4094035041,127.3563584565,117.3336972852
3348, 2026-05-29 10:51:34,1780041094,6694.0,40.4725787631,128.9731120150,139.5036831033,129.0980781187,118.3175748232
3349, 2026-05-29 10:51:36,1780041096,6696.0,40.4667444574,129.3154130283,140.6897306529,127.7800643321,119.4764440998
3350, 2026-05-29 10:51:38,1780041098,6698.0,40.4609101517,129.0298873605,140.8937947599,126.9501505579,119.2457167637
3351, 2026-05-29 10:51:40,1780041100,6700.0,40.4550758460,129.3264863282,138.8435895859,129.5259569251,119.6099124735
3352, 2026-05-29 10:51:42,1780041102,6702.0,40.4492415403,127.3945927655,139.4480397943,125.7787164267,116.9570220755
3353, 2026-05-29 10:51:44,1780041104,6704.0,40.4434072345,127.0257889753,138.6981144829,124.9710737702,117.4081786728
3354, 2026-05-29 10:51:46,1780041106,6706.0,40.4375729288,129.5339613241,141.6001148028,130.4723836083,116.5293855613
3355, 2026-05-29 10:51:48,1780041108,6708.0,40.4317386231,129.6000848827,141.2997306691,131.5828658952,115.9176580836
3356, 2026-05-29 10:51:50,1780041110,6710.0,40.4259043174,129.0832440167,141.7810638236,128.0366352552,117.4320329712
3357, 2026-05-29 10:51:52,1780041112,6712.0,40.4200700117,128.2254072592,138.5238451322,127.8128487046,118.3395279408
3358, 2026-05-29 10:51:54,1780041114,6714.0,40.4142357060,129.1640702173,138.9402656224,128.6560572647,119.8958877647
3359, 2026-05-29 10:51:56,1780041116,6716.0,40.4084014002,128.5529051352,139.9564347609,128.4010220917,117.3012585529
3360, 2026-05-29 10:51:58,1780041118,6718.0,40.4025670945,128.4190308620,140.0820840324,125.8363584347,119.3386501189
3361, 2026-05-29 10:52:00,1780041120,6720.0,40.3967327888,128.6554827723,140.5905915943,128.0752740377,117.3005826850
3362, 2026-05-29 10:52:02,1780041122,6722.0,40.3908984831,129.1063263628,140.3601478557,129.5528833729,117.4059478599
3363, 2026-05-29 10:52:04,1780041124,6724.0,40.3850641774,126.9233316581,138.5767600958,126.3855667010,115.8076681776
3364, 2026-05-29 10:52:06,1780041126,6726.0,40.3792298716,128.5335582908,138.8689483224,127.9235377254,118.8081888248
3365, 2026-05-29 10:52:08,1780041128,6728.0,40.3733955659,128.4281727483,138.2115476798,129.5946220755,117.4783484895
3366, 2026-05-29 10:52:10,1780041130,6730.0,40.3675612602,129.0375306228,140.3751212769,129.1195021246,117.6179684670
3367, 2026-05-29 10:52:12,1780041132,6732.0,40.3617269545,129.4394266217,140.7078731767,129.5334438986,118.0769627899
3368, 2026-05-29 10:52:14,1780041134,6734.0,40.3558926488,129.1884890024,141.0400732708,127.7554913166,118.7699024198
3369, 2026-05-29 10:52:16,1780041136,6736.0,40.3500583431,127.5009190367,139.2253554998,125.6439859272,117.6334156832
3370, 2026-05-29 10:52:18,1780041138,6738.0,40.3442240373,128.9144257271,141.1711497466,127.3094493027,118.2626781319
3371, 2026-05-29 10:52:20,1780041140,6740.0,40.3383897316,128.0757875528,140.3937644701,126.5619041782,117.2716940101
3372, 2026-05-29 10:52:22,1780041142,6742.0,40.3325554259,127.6764179412,139.5409699599,126.5736889929,116.9145948709
3373, 2026-05-29 10:52:24,1780041144,6744.0,40.3267211202,129.7114586162,141.3800041595,129.0321130213,118.7222586676
3374, 2026-05-29 10:52:26,1780041146,6746.0,40.3208868145,128.6078803531,138.8246055397,131.0612730344,115.9377624853
3375, 2026-05-29 10:52:28,1780041148,6748.0,40.3150525088,129.8162455645,140.5648391867,128.3314709561,120.5524265508
3376, 2026-05-29 10:52:30,1780041150,6750.0,40.3092182030,128.5078441550,139.8069469239,129.4380464720,116.2785390689
3377, 2026-05-29 10:52:32,1780041152,6752.0,40.3033838973,128.2844469953,139.6604063537,128.7971284347,116.3958061976
3378, 2026-05-29 10:52:34,1780041154,6754.0,40.2975495916,128.7097189644,140.3233941048,128.7194377718,117.0863250166
3379, 2026-05-29 10:52:36,1780041156,6756.0,40.2917152859,129.9493981228,142.1495363429,127.3647549967,120.3339030289
3380, 2026-05-29 10:52:38,1780041158,6758.0,40.2858809802,127.9101571428,139.5738062620,126.6066207954,117.5500443711
3381, 2026-05-29 10:52:40,1780041160,6760.0,40.2800466744,127.6861622316,140.2094221910,126.1007326687,116.7483318351
3382, 2026-05-29 10:52:42,1780041162,6762.0,40.2742123687,126.5208205605,139.0448974780,125.5998518369,114.9177123666
3383, 2026-05-29 10:52:44,1780041164,6764.0,40.2683780630,129.5907976382,142.5887237026,127.8729475132,118.3107216990
3384, 2026-05-29 10:52:46,1780041166,6766.0,40.2625437573,128.7861598370,138.8052014427,130.0973294906,117.4559485777
3385, 2026-05-29 10:52:48,1780041168,6768.0,40.2567094516,130.5766791060,141.0557008717,129.3409198625,121.3334165838
3386, 2026-05-29 10:52:50,1780041170,6770.0,40.2508751459,128.6926956918,137.8045572965,130.3280950416,117.9454347371
3387, 2026-05-29 10:52:52,1780041172,6772.0,40.2450408401,128.5568255881,139.4387526286,128.5111462125,117.7205779232
3388, 2026-05-29 10:52:54,1780041174,6774.0,40.2392065344,128.0842057889,139.3748423925,128.3738055052,116.5039694688
3389, 2026-05-29 10:52:56,1780041176,6776.0,40.2333722287,130.0279916160,143.1157489817,128.1040842533,118.8641416129
3390, 2026-05-29 10:52:58,1780041178,6778.0,40.2275379230,127.0510634747,137.8371292551,127.5621260373,115.7539351316
3391, 2026-05-29 10:53:00,1780041180,6780.0,40.2217036173,130.6388312780,141.4995591068,130.2592519762,120.1576827509
3392, 2026-05-29 10:53:02,1780041182,6782.0,40.2158693116,130.9991324125,140.8582577775,132.0592427495,120.0798967104
3393, 2026-05-29 10:53:04,1780041184,6784.0,40.2100350058,127.2547232587,137.7972542737,127.8027459699,116.1641695326
3394, 2026-05-29 10:53:06,1780041186,6786.0,40.2042007001,128.4949387002,139.9191482736,127.8860956398,117.6795721873
3395, 2026-05-29 10:53:08,1780041188,6788.0,40.1983663944,127.8712632428,140.9023773121,125.5688182121,117.1425942042
3396, 2026-05-29 10:53:10,1780041190,6790.0,40.1925320887,129.3953397846,138.7655995168,130.2810747138,119.1393451233
3397, 2026-05-29 10:53:12,1780041192,6792.0,40.1866977830,129.6955988489,140.7065015555,130.7808599714,117.5994350197
3398, 2026-05-29 10:53:14,1780041194,6794.0,40.1808634772,128.5241075638,139.0946213391,129.9864804868,116.4912208654
3399, 2026-05-29 10:53:16,1780041196,6796.0,40.1750291715,129.4414268473,139.5502183058,128.6226310809,120.1514311552
3400, 2026-05-29 10:53:18,1780041198,6798.0,40.1691948658,128.1265948018,141.2779319478,127.4365089125,115.6653435451
3401, 2026-05-29 10:53:20,1780041200,6800.0,40.1633605601,130.4963797320,142.5561195847,132.2638846035,116.6691350079
3402, 2026-05-29 10:53:22,1780041202,6802.0,40.1575262544,129.9038949081,140.0731693044,130.5673703823,119.0711450377
3403, 2026-05-29 10:53:24,1780041204,6804.0,40.1516919487,130.0935083466,140.5145592763,129.5931055809,120.1728601827
3404, 2026-05-29 10:53:26,1780041206,6806.0,40.1458576429,129.3176201003,141.5648349500,125.5858705792,120.8021547718
3405, 2026-05-29 10:53:28,1780041208,6808.0,40.1400233372,128.2711289150,140.3134469434,127.3458361594,117.1541036423
3406, 2026-05-29 10:53:30,1780041210,6810.0,40.1341890315,128.1439379677,137.3369790904,127.4890143826,119.6058204301
3407, 2026-05-29 10:53:32,1780041212,6812.0,40.1283547258,128.2718776562,140.5535455997,126.1317422931,118.1303450760
3408, 2026-05-29 10:53:34,1780041214,6814.0,40.1225204201,128.2614629308,139.8034151923,126.2373240903,118.7436495098
3409, 2026-05-29 10:53:36,1780041216,6816.0,40.1166861144,129.5958291442,141.4878391439,128.4492839136,118.8503643753
3410, 2026-05-29 10:53:38,1780041218,6818.0,40.1108518086,129.6677333405,140.6535414842,128.1034805817,120.2461779556
3411, 2026-05-29 10:53:40,1780041220,6820.0,40.1050175029,128.2592524965,139.5569129127,128.6976845869,116.5231599898
3412, 2026-05-29 10:53:42,1780041222,6822.0,40.0991831972,130.1476971478,141.3556783910,131.5299271145,117.5574859380
3413, 2026-05-29 10:53:44,1780041224,6824.0,40.0933488915,128.7303318564,140.0340478666,128.3628904746,117.7940572278
3414, 2026-05-29 10:53:46,1780041226,6826.0,40.0875145858,128.8474748145,139.1203357483,130.9043506228,116.5177380724
3415, 2026-05-29 10:53:48,1780041228,6828.0,40.0816802800,129.5592366121,140.4046184887,129.9147038501,118.3583874976
3416, 2026-05-29 10:53:50,1780041230,6830.0,40.0758459743,129.3659634958,143.6633492861,125.5966081118,118.8379330894
3417, 2026-05-29 10:53:52,1780041232,6832.0,40.0700116686,129.6489931029,141.9131718995,128.3443406486,118.6894667607
3418, 2026-05-29 10:53:54,1780041234,6834.0,40.0641773629,128.5287966429,140.0096942452,128.1723789548,117.4043167287
3419, 2026-05-29 10:53:56,1780041236,6836.0,40.0583430572,129.3643532225,139.8694770854,126.8784947322,121.3450878499
3420, 2026-05-29 10:53:58,1780041238,6838.0,40.0525087515,130.2493983053,143.7863489111,128.4635859835,118.4982600213
3421, 2026-05-29 10:54:00,1780041240,6840.0,40.0466744457,128.9778903074,140.0966133719,130.0017678555,116.8352896949
3422, 2026-05-29 10:54:02,1780041242,6842.0,40.0408401400,127.7519176877,138.4916248770,128.5234343563,116.2406938298
3423, 2026-05-29 10:54:04,1780041244,6844.0,40.0350058343,129.8377327071,142.2704000334,128.8419804780,118.4008176099
3424, 2026-05-29 10:54:06,1780041246,6846.0,40.0291715286,129.2786712344,139.5221276775,128.6850645747,119.6288214512
3425, 2026-05-29 10:54:08,1780041248,6848.0,40.0233372229,128.3156706371,141.6352063043,129.6263245407,113.6854810662
3426, 2026-05-29 10:54:10,1780041250,6850.0,40.0175029172,130.9149893273,142.9460529458,130.8994371209,118.8994779151
3427, 2026-05-29 10:54:12,1780041252,6852.0,40.0116686114,128.5055934459,140.8321807019,127.9571944118,116.7274052240
3428, 2026-05-29 10:54:14,1780041254,6854.0,40.0058343057,127.2198724638,138.1465612638,125.8864364920,117.6266196355
3429, 2026-05-29 10:54:16,1780041256,6856.0,40.0000000000,128.8955105646,140.8741468480,127.3537660460,118.4586187998
3430, 2026-05-29 10:54:18,1780041258,6858.0,39.9941656943,129.3867099999,140.7823200288,129.1495174546,118.2282925163
3431, 2026-05-29 10:54:20,1780041260,6860.0,39.9883313886,130.7317311181,140.7187404390,130.1923718280,121.2840810873
3432, 2026-05-29 10:54:22,1780041262,6862.0,39.9824970828,129.0047292754,141.4839615764,128.7468331706,116.7833930792
3433, 2026-05-29 10:54:24,1780041264,6864.0,39.9766627771,128.2164619058,139.2971918576,130.0238574036,115.3283364561
3434, 2026-05-29 10:54:26,1780041266,6866.0,39.9708284714,128.9518871249,139.4123253462,128.6525199552,118.7908160732
3435, 2026-05-29 10:54:28,1780041268,6868.0,39.9649941657,129.6255825405,140.1481316692,129.2604403430,119.4681756094
3436, 2026-05-29 10:54:30,1780041270,6870.0,39.9591598600,129.4402959298,140.2941610293,128.6346363123,119.3920904478
3437, 2026-05-29 10:54:32,1780041272,6872.0,39.9533255543,129.9096925742,140.6153319341,129.2685389734,119.8452068152
3438, 2026-05-29 10:54:34,1780041274,6874.0,39.9474912485,129.7081451891,141.0234225992,128.0575539183,120.0434590498
3439, 2026-05-29 10:54:36,1780041276,6876.0,39.9416569428,129.1301383860,141.2125206917,128.9169280686,117.2609663978
3440, 2026-05-29 10:54:38,1780041278,6878.0,39.9358226371,129.2587613529,141.7458016794,128.3039420392,117.7265403401
3441, 2026-05-29 10:54:40,1780041280,6880.0,39.9299883314,129.1841073358,141.5179897404,127.9109958142,118.1233364528
3442, 2026-05-29 10:54:42,1780041282,6882.0,39.9241540257,128.9548286589,140.6007075516,127.5494376157,118.7143408095
3443, 2026-05-29 10:54:44,1780041284,6884.0,39.9183197200,128.5990755560,140.7223540258,129.9534184164,115.1214542258
3444, 2026-05-29 10:54:46,1780041286,6886.0,39.9124854142,130.5658028865,141.9444534203,128.9811034571,120.7718517822
3445, 2026-05-29 10:54:48,1780041288,6888.0,39.9066511085,128.6968342548,139.8476281933,130.3417731296,115.9011014415
3446, 2026-05-29 10:54:50,1780041290,6890.0,39.9008168028,131.6072331986,143.0662669381,132.9521287122,118.8033039454
3447, 2026-05-29 10:54:52,1780041292,6892.0,39.8949824971,129.5074299788,140.2561436682,127.8521134440,120.4140328241
3448, 2026-05-29 10:54:54,1780041294,6894.0,39.8891481914,128.7521387471,139.8105547512,129.8276102256,116.6182512644
3449, 2026-05-29 10:54:56,1780041296,6896.0,39.8833138856,130.5673287163,142.4621440112,130.0551767244,119.1846654132
3450, 2026-05-29 10:54:58,1780041298,6898.0,39.8774795799,128.7053235948,140.1662366882,127.4803656503,118.4693684458
3451, 2026-05-29 10:55:00,1780041300,6900.0,39.8716452742,129.8738728113,141.0700432453,128.4872959929,120.0642791956
3452, 2026-05-29 10:55:02,1780041302,6902.0,39.8658109685,129.2156261553,141.2115926509,126.0523570420,120.3829287728
3453, 2026-05-29 10:55:04,1780041304,6904.0,39.8599766628,129.0762297238,141.8020754383,129.1960172044,116.2305965288
3454, 2026-05-29 10:55:06,1780041306,6906.0,39.8541423571,128.4321689228,140.2542034517,128.1790212642,116.8632820527
3455, 2026-05-29 10:55:08,1780041308,6908.0,39.8483080513,127.4254603125,138.9272293915,126.8755577839,116.4735937621
3456, 2026-05-29 10:55:10,1780041310,6910.0,39.8424737456,126.4212344615,135.8609391113,128.0296670922,115.3730971809
3457, 2026-05-29 10:55:12,1780041312,6912.0,39.8366394399,129.4464653139,142.0982006213,128.9763802284,117.2648150921
3458, 2026-05-29 10:55:14,1780041314,6914.0,39.8308051342,129.1042050248,140.1197383790,128.0989198316,119.0939568638
3459, 2026-05-29 10:55:16,1780041316,6916.0,39.8249708285,129.6947018520,139.4660202996,130.7192949572,118.8987902991
3460, 2026-05-29 10:55:18,1780041318,6918.0,39.8191365228,130.5048114656,143.2804171668,128.3674370192,119.8665802107
3461, 2026-05-29 10:55:20,1780041320,6920.0,39.8133022170,130.2187088960,145.2408465035,127.9698321443,117.4454480404
3462, 2026-05-29 10:55:22,1780041322,6922.0,39.8074679113,129.5360348936,138.2881423456,129.7835820337,120.5363803017
3463, 2026-05-29 10:55:24,1780041324,6924.0,39.8016336056,127.6294497527,138.7144476469,127.0065151744,117.1673864368
3464, 2026-05-29 10:55:26,1780041326,6926.0,39.7957992999,128.2133633021,137.1569715022,131.1431788593,116.3399395448
3465, 2026-05-29 10:55:28,1780041328,6928.0,39.7899649942,129.7026462102,142.7283015768,128.4973450413,117.8822920124
3466, 2026-05-29 10:55:30,1780041330,6930.0,39.7841306884,129.6061330282,138.8238768094,130.9406787968,119.0538434782
3467, 2026-05-29 10:55:32,1780041332,6932.0,39.7782963827,129.3993966266,140.0776893293,128.5690183661,119.5514821843
3468, 2026-05-29 10:55:34,1780041334,6934.0,39.7724620770,128.9642496464,141.1761318448,128.7370237838,116.9795933107
3469, 2026-05-29 10:55:36,1780041336,6936.0,39.7666277713,128.4072654542,139.6804925031,127.5400648569,118.0012390027
3470, 2026-05-29 10:55:38,1780041338,6938.0,39.7607934656,129.3440308224,141.6274461552,128.7788813088,117.6257650031
3471, 2026-05-29 10:55:40,1780041340,6940.0,39.7549591599,129.4919847636,139.6056815250,130.9110007596,117.9592720062
3472, 2026-05-29 10:55:42,1780041342,6942.0,39.7491248541,129.9194531335,142.7231964541,126.4372734302,120.5978895163
3473, 2026-05-29 10:55:44,1780041344,6944.0,39.7432905484,129.1821881479,140.9502488144,126.7102001419,119.8861154875
3474, 2026-05-29 10:55:46,1780041346,6946.0,39.7374562427,129.1097734677,140.5807182804,125.5914475585,121.1571545641
3475, 2026-05-29 10:55:48,1780041348,6948.0,39.7316219370,130.9620782439,143.2180444130,128.8655483397,120.8026419791
3476, 2026-05-29 10:55:50,1780041350,6950.0,39.7257876313,129.7123962250,139.9418314963,128.2353315212,120.9600256576
3477, 2026-05-29 10:55:52,1780041352,6952.0,39.7199533256,129.5309200587,138.8478869869,131.5222293840,118.2226438051
3478, 2026-05-29 10:55:54,1780041354,6954.0,39.7141190198,128.9398406545,141.3090953923,128.9481549993,116.5622715720
3479, 2026-05-29 10:55:56,1780041356,6956.0,39.7082847141,128.3682276494,138.9739904817,128.9170121839,117.2136802827
3480, 2026-05-29 10:55:58,1780041358,6958.0,39.7024504084,129.8395769274,141.3022732941,131.3037075102,116.9127499780
3481, 2026-05-29 10:56:00,1780041360,6960.0,39.6966161027,129.5591562646,140.6475355541,128.0592288999,119.9707043399
3482, 2026-05-29 10:56:02,1780041362,6962.0,39.6907817970,130.0297266329,141.7954798641,126.6892900274,121.6044100072
3483, 2026-05-29 10:56:04,1780041364,6964.0,39.6849474912,130.8126714970,142.0208490899,129.4557493553,120.9614160458
3484, 2026-05-29 10:56:06,1780041366,6966.0,39.6791131855,131.5663149050,143.1497728757,131.6177987778,119.9313730615
3485, 2026-05-29 10:56:08,1780041368,6968.0,39.6732788798,127.1300526274,139.1717629610,125.4506588156,116.7677361056
3486, 2026-05-29 10:56:10,1780041370,6970.0,39.6674445741,128.7363794647,139.5616196698,129.5585235341,117.0889951903
3487, 2026-05-29 10:56:12,1780041372,6972.0,39.6616102684,128.9913085196,139.5185611369,128.1539381857,119.3014262362
3488, 2026-05-29 10:56:14,1780041374,6974.0,39.6557759627,129.3704339294,138.8775902243,130.3702171035,118.8634944606
3489, 2026-05-29 10:56:16,1780041376,6976.0,39.6499416569,130.5253032820,140.8211683098,130.9561980388,119.7985434974
3490, 2026-05-29 10:56:18,1780041378,6978.0,39.6441073512,130.5426823422,142.0662151639,132.4059068342,117.1559250285
3491, 2026-05-29 10:56:20,1780041380,6980.0,39.6382730455,130.1058893021,141.6542533809,129.9716519483,118.6917625770
3492, 2026-05-29 10:56:22,1780041382,6982.0,39.6324387398,129.7481863189,141.6233345728,128.7709193696,118.8503050141
3493, 2026-05-29 10:56:24,1780041384,6984.0,39.6266044341,129.9761730939,140.4653552333,128.3442305134,121.1189335350
3494, 2026-05-29 10:56:26,1780041386,6986.0,39.6207701284,130.2791127281,140.6524615082,130.0736454595,120.1112312168
3495, 2026-05-29 10:56:28,1780041388,6988.0,39.6149358226,131.0868622298,143.0497176374,131.6923335771,118.5185354749
3496, 2026-05-29 10:56:30,1780041390,6990.0,39.6091015169,131.2998383258,143.6942191474,131.2122870219,118.9930088080
3497, 2026-05-29 10:56:32,1780041392,6992.0,39.6032672112,130.8397620579,141.5688825798,132.9075908921,118.0428127019
3498, 2026-05-29 10:56:34,1780041394,6994.0,39.5974329055,131.1840531632,140.3620585829,132.8991397521,120.2909611545
3499, 2026-05-29 10:56:36,1780041396,6996.0,39.5915985998,130.8316126096,144.1787952977,129.5262574904,118.7897850408
3500, 2026-05-29 10:56:38,1780041398,6998.0,39.5857642940,130.9893119396,141.5824229284,130.7649059458,120.6206069444
3501, 2026-05-29 10:56:40,1780041400,7000.0,39.5799299883,127.9264056173,137.3424155270,127.3979210652,119.0388802598
3502, 2026-05-29 10:56:42,1780041402,7002.0,39.5740956826,128.9008613134,141.7885323131,127.1233204567,117.7907311705
3503, 2026-05-29 10:56:44,1780041404,7004.0,39.5682613769,129.3179820236,140.1199236979,129.1574319274,118.6765904455
3504, 2026-05-29 10:56:46,1780041406,7006.0,39.5624270712,130.2445569186,143.4415586184,128.5602023448,118.7319097925
3505, 2026-05-29 10:56:48,1780041408,7008.0,39.5565927655,129.0102205317,140.2373423600,128.9272114658,117.8661077693
3506, 2026-05-29 10:56:50,1780041410,7010.0,39.5507584597,128.9320156226,141.0015805327,127.3528288296,118.4416375053
3507, 2026-05-29 10:56:52,1780041412,7012.0,39.5449241540,131.0902350581,143.2018189968,129.7498420143,120.3190441633
3508, 2026-05-29 10:56:54,1780041414,7014.0,39.5390898483,130.4736469656,139.3427682764,132.6621700611,119.4160025593
3509, 2026-05-29 10:56:56,1780041416,7016.0,39.5332555426,128.3957265823,139.5521521333,127.3783011647,118.2567264489
3510, 2026-05-29 10:56:58,1780041418,7018.0,39.5274212369,129.1278854108,141.3218947393,126.9298731422,119.1318883510
3511, 2026-05-29 10:57:00,1780041420,7020.0,39.5215869312,130.5464718521,142.6167708988,128.0880315791,120.9346130784
3512, 2026-05-29 10:57:02,1780041422,7022.0,39.5157526254,128.5259718011,138.6251385974,128.8532491469,118.0995276589
3513, 2026-05-29 10:57:04,1780041424,7024.0,39.5099183197,129.6335738811,140.0706841879,128.9007648875,119.9292725679
3514, 2026-05-29 10:57:06,1780041426,7026.0,39.5040840140,128.0772309000,139.0994212441,129.1777657138,115.9545057421
3515, 2026-05-29 10:57:08,1780041428,7028.0,39.4982497083,130.7205136570,140.2349351533,130.5003835143,121.4262223033
3516, 2026-05-29 10:57:10,1780041430,7030.0,39.4924154026,129.3044789659,141.4110036148,127.9782614431,118.5241718397
3517, 2026-05-29 10:57:12,1780041432,7032.0,39.4865810968,129.9868197640,140.9647104359,127.2536073924,121.7421414637
3518, 2026-05-29 10:57:14,1780041434,7034.0,39.4807467911,129.9301754450,138.6578651792,131.0085673768,120.1240937788
3519, 2026-05-29 10:57:16,1780041436,7036.0,39.4749124854,130.4081658752,141.5847223377,129.4997102571,120.1400650307
3520, 2026-05-29 10:57:18,1780041438,7038.0,39.4690781797,130.1123939008,143.8738203998,128.4183415513,118.0450197512
3521, 2026-05-29 10:57:20,1780041440,7040.0,39.4632438740,129.4052353123,139.4966329753,128.5683150192,120.1507579425
3522, 2026-05-29 10:57:22,1780041442,7042.0,39.4574095683,130.0149772136,141.5270438500,129.7295533277,118.7883344633
3523, 2026-05-29 10:57:24,1780041444,7044.0,39.4515752625,129.8418288706,142.2042290664,128.6085305878,118.7127269577
3524, 2026-05-29 10:57:26,1780041446,7046.0,39.4457409568,128.8575943394,141.9574786307,127.6527412615,116.9625631262
3525, 2026-05-29 10:57:28,1780041448,7048.0,39.4399066511,129.9712193027,142.0712046991,130.7249178142,117.1175353948
3526, 2026-05-29 10:57:30,1780041450,7050.0,39.4340723454,130.7155428545,141.0802519302,127.9035662150,123.1628104183
3527, 2026-05-29 10:57:32,1780041452,7052.0,39.4282380397,129.7872069769,141.2863841039,129.0478576531,119.0273791736
3528, 2026-05-29 10:57:34,1780041454,7054.0,39.4224037340,129.9291364406,142.4265784554,127.5996859050,119.7611449616
3529, 2026-05-29 10:57:36,1780041456,7056.0,39.4165694282,130.9055758170,142.8636433320,130.1479796499,119.7051044691
3530, 2026-05-29 10:57:38,1780041458,7058.0,39.4107351225,131.1182355885,144.6246616086,130.1983821617,118.5316629952
3531, 2026-05-29 10:57:40,1780041460,7060.0,39.4049008168,129.3338293570,142.1430064887,128.1797715910,117.6787099915
3532, 2026-05-29 10:57:42,1780041462,7062.0,39.3990665111,130.5490007595,142.5738861216,131.2908211307,117.7822950262
3533, 2026-05-29 10:57:44,1780041464,7064.0,39.3932322054,129.5371202653,137.9233145460,130.7886401501,119.8994060999
3534, 2026-05-29 10:57:46,1780041466,7066.0,39.3873978996,131.6253063016,143.3019271657,131.2977043888,120.2762873502
3535, 2026-05-29 10:57:48,1780041468,7068.0,39.3815635939,130.1800338805,141.2252810944,128.2781662726,121.0366542746
3536, 2026-05-29 10:57:50,1780041470,7070.0,39.3757292882,129.2208960869,142.1140381505,128.2882688401,117.2603812700
3537, 2026-05-29 10:57:52,1780041472,7072.0,39.3698949825,129.7361161806,141.1696734505,130.1317965307,117.9068785607
3538, 2026-05-29 10:57:54,1780041474,7074.0,39.3640606768,130.3008941041,141.0109274245,130.5035581230,119.3881967648
3539, 2026-05-29 10:57:56,1780041476,7076.0,39.3582263711,129.8236850429,140.2149806272,128.5311473365,120.7249271651
3540, 2026-05-29 10:57:58,1780041478,7078.0,39.3523920653,131.3677201963,144.9727244006,130.5437904288,118.5866457594
3541, 2026-05-29 10:58:00,1780041480,7080.0,39.3465577596,130.0742377533,141.2196523838,129.8260604005,119.1770004757
3542, 2026-05-29 10:58:02,1780041482,7082.0,39.3407234539,130.0071992294,141.2243766067,130.1350880686,118.6621330128
3543, 2026-05-29 10:58:04,1780041484,7084.0,39.3348891482,130.7394616610,140.4500083835,130.4829321924,121.2854444071
3544, 2026-05-29 10:58:06,1780041486,7086.0,39.3290548425,131.3927170381,143.0986121157,130.8101188558,120.2694201429
3545, 2026-05-29 10:58:08,1780041488,7088.0,39.3232205368,129.9725691976,139.4063965036,130.2740085188,120.2373025705
3546, 2026-05-29 10:58:10,1780041490,7090.0,39.3173862310,131.2624834975,144.3477624096,130.4809647269,118.9587233562
3547, 2026-05-29 10:58:12,1780041492,7092.0,39.3115519253,129.0096120253,141.1557550404,127.2441510057,118.6289300298
3548, 2026-05-29 10:58:14,1780041494,7094.0,39.3057176196,129.4272315287,141.9343415337,129.7564390746,116.5909139779
3549, 2026-05-29 10:58:16,1780041496,7096.0,39.2998833139,130.4896342885,142.0392830586,129.6951639977,119.7344558093
3550, 2026-05-29 10:58:18,1780041498,7098.0,39.2940490082,130.6520806476,142.2030098468,130.0277171058,119.7255149902
3551, 2026-05-29 10:58:20,1780041500,7100.0,39.2882147025,131.2984249870,142.1605764889,130.3408632537,121.3938352185
3552, 2026-05-29 10:58:22,1780041502,7102.0,39.2823803967,130.8617462871,142.7217123842,128.4964158140,121.3671106632
3553, 2026-05-29 10:58:24,1780041504,7104.0,39.2765460910,131.1841288034,141.5609209779,131.9909013734,120.0005640589
3554, 2026-05-29 10:58:26,1780041506,7106.0,39.2707117853,131.4439111108,145.1777893061,128.6631129865,120.4908310399
3555, 2026-05-29 10:58:28,1780041508,7108.0,39.2648774796,128.7363534314,139.8501743409,129.5471964081,116.8116895452
3556, 2026-05-29 10:58:30,1780041510,7110.0,39.2590431739,129.7794608940,140.5357468864,128.9763243785,119.8263114171
3557, 2026-05-29 10:58:32,1780041512,7112.0,39.2532088681,129.7620445919,139.4939474400,130.8107347703,118.9814515652
3558, 2026-05-29 10:58:34,1780041514,7114.0,39.2473745624,131.2337000027,142.1010861447,131.3255816558,120.2744322076
3559, 2026-05-29 10:58:36,1780041516,7116.0,39.2415402567,131.4363132816,143.1413290314,131.6415267088,119.5260841045
3560, 2026-05-29 10:58:38,1780041518,7118.0,39.2357059510,130.7095826312,141.4471538744,133.0734392885,117.6081547306
3561, 2026-05-29 10:58:40,1780041520,7120.0,39.2298716453,129.1001309097,139.5171904146,130.1544303851,117.6287719292
3562, 2026-05-29 10:58:42,1780041522,7122.0,39.2240373396,131.3642501179,140.5824780824,132.6491787077,120.8610935636
3563, 2026-05-29 10:58:44,1780041524,7124.0,39.2182030338,130.8259440424,140.0554204796,130.9299109061,121.4925007415
3564, 2026-05-29 10:58:46,1780041526,7126.0,39.2123687281,130.8920369380,142.5546015467,130.2781578563,119.8433514110
3565, 2026-05-29 10:58:48,1780041528,7128.0,39.2065344224,130.7944781702,143.1369640081,131.4972430938,117.7492274088
3566, 2026-05-29 10:58:50,1780041530,7130.0,39.2007001167,130.7007311329,140.4255388935,130.4866924445,121.1899620605
3567, 2026-05-29 10:58:52,1780041532,7132.0,39.1948658110,130.2477774430,141.7288618470,130.2776635320,118.7368069499
3568, 2026-05-29 10:58:54,1780041534,7134.0,39.1890315053,130.8140473536,141.4250229382,129.2071403990,121.8099787236
3569, 2026-05-29 10:58:56,1780041536,7136.0,39.1831971995,130.4415529066,141.8150302730,130.2767283817,119.2329000651
3570, 2026-05-29 10:58:58,1780041538,7138.0,39.1773628938,131.0607611600,140.6825974594,131.1470657579,121.3526202626
3571, 2026-05-29 10:59:00,1780041540,7140.0,39.1715285881,130.7890859631,143.9227927312,128.1846853524,120.2597798057
3572, 2026-05-29 10:59:02,1780041542,7142.0,39.1656942824,131.1227480209,143.6962677080,131.4501217995,118.2218545552
3573, 2026-05-29 10:59:04,1780041544,7144.0,39.1598599767,130.1414106510,139.1889732129,129.8988699795,121.3363887605
3574, 2026-05-29 10:59:06,1780041546,7146.0,39.1540256709,131.1190526164,145.1529027991,132.2489901365,115.9552649136
3575, 2026-05-29 10:59:08,1780041548,7148.0,39.1481913652,128.6321596576,141.5479009344,127.6943280803,116.6542499581
3576, 2026-05-29 10:59:10,1780041550,7150.0,39.1423570595,131.3578501876,141.5036146375,131.2793357096,121.2906002157
3577, 2026-05-29 10:59:12,1780041552,7152.0,39.1365227538,131.2275166439,144.8276480075,127.9523983166,120.9025036076
3578, 2026-05-29 10:59:14,1780041554,7154.0,39.1306884481,129.9985936780,142.9382843036,128.8911935335,118.1663031968
3579, 2026-05-29 10:59:16,1780041556,7156.0,39.1248541424,128.9339362592,140.8086694087,127.6089284557,118.3842109130
3580, 2026-05-29 10:59:18,1780041558,7158.0,39.1190198366,131.6744366780,144.6586310486,130.5333095500,119.8313694354
3581, 2026-05-29 10:59:20,1780041560,7160.0,39.1131855309,130.8122750951,142.2540721538,131.1544461828,119.0283069485
3582, 2026-05-29 10:59:22,1780041562,7162.0,39.1073512252,129.7534281167,141.2660595534,129.1199403368,118.8742844599
3583, 2026-05-29 10:59:24,1780041564,7164.0,39.1015169195,130.4839484943,138.3936969254,131.2241408865,121.8340076709
3584, 2026-05-29 10:59:26,1780041566,7166.0,39.0956826138,129.9106903195,139.4262218941,130.9928057703,119.3130432940
3585, 2026-05-29 10:59:28,1780041568,7168.0,39.0898483081,131.7578078640,144.2797673956,130.8775082386,120.1161479579
3586, 2026-05-29 10:59:30,1780041570,7170.0,39.0840140023,131.1142265555,142.7338694234,130.1579632239,120.4508470193
3587, 2026-05-29 10:59:32,1780041572,7172.0,39.0781796966,129.9083392192,141.4493284543,127.7022132636,120.5734759397
3588, 2026-05-29 10:59:34,1780041574,7174.0,39.0723453909,130.9853715719,143.7296982216,129.9821375907,119.2442789035
3589, 2026-05-29 10:59:36,1780041576,7176.0,39.0665110852,131.8018202974,144.6820961091,129.7528601355,120.9705046475
3590, 2026-05-29 10:59:38,1780041578,7178.0,39.0606767795,131.0877572148,141.0730404781,133.1067430923,119.0834880740
3591, 2026-05-29 10:59:40,1780041580,7180.0,39.0548424737,130.7423049308,141.4727942915,130.2044610706,120.5496594302
3592, 2026-05-29 10:59:42,1780041582,7182.0,39.0490081680,130.8628516144,142.3001044977,129.0522729556,121.2361773898
3593, 2026-05-29 10:59:44,1780041584,7184.0,39.0431738623,131.4709657864,146.0362623875,127.2802688450,121.0963661268
3594, 2026-05-29 10:59:46,1780041586,7186.0,39.0373395566,131.6226303916,143.9803777079,132.4008588149,118.4866546518
3595, 2026-05-29 10:59:48,1780041588,7188.0,39.0315052509,131.4355121520,142.4343740459,130.4995625556,121.3725998544
3596, 2026-05-29 10:59:50,1780041590,7190.0,39.0256709452,129.3554419421,140.3788471782,129.0891509896,118.5983276586
3597, 2026-05-29 10:59:52,1780041592,7192.0,39.0198366394,129.8726851764,141.4267945096,129.5062433754,118.6850176442
3598, 2026-05-29 10:59:54,1780041594,7194.0,39.0140023337,129.7998340946,140.9914668334,131.0709480343,117.3370874161
3599, 2026-05-29 10:59:56,1780041596,7196.0,39.0081680280,130.8411476189,143.7866337587,131.3384493337,117.3983597643
3600, 2026-05-29 10:59:58,1780041598,7198.0,39.0023337223,129.7363855608,140.5707005488,128.5095050389,120.1289510947
3601, 2026-05-29 11:00:00,1780041600,7200.0,38.9964994166,130.7434806070,142.8348635026,129.6226433859,119.7729349326
3602, 2026-05-29 11:00:02,1780041602,7202.0,38.9906651109,130.8623965552,141.9202594164,129.2825689425,121.3843613066
3603, 2026-05-29 11:00:04,1780041604,7204.0,38.9848308051,130.0404409697,139.1320933253,131.9937918004,118.9954377834
3604, 2026-05-29 11:00:06,1780041606,7206.0,38.9789964994,132.1940932755,139.8263879640,134.9246736917,121.8312181709
3605, 2026-05-29 11:00:08,1780041608,7208.0,38.9731621937,132.2506389367,143.6656762712,131.5817964156,121.5044441232
3606, 2026-05-29 11:00:10,1780041610,7210.0,38.9673278880,131.2723136081,143.4014300528,128.8449100304,121.5706007409
3607, 2026-05-29 11:00:12,1780041612,7212.0,38.9614935823,129.8599612629,139.9320308611,129.8967447815,119.7511081460
3608, 2026-05-29 11:00:14,1780041614,7214.0,38.9556592765,131.0690768803,142.0020924621,130.0407601374,121.1643780413
3609, 2026-05-29 11:00:16,1780041616,7216.0,38.9498249708,130.8148364769,142.1895249413,129.7684048731,120.4865796164
3610, 2026-05-29 11:00:18,1780041618,7218.0,38.9439906651,131.7836654542,143.1817888151,132.1388742528,120.0303332947
3611, 2026-05-29 11:00:20,1780041620,7220.0,38.9381563594,131.2280102210,142.2092688923,130.5635277368,120.9112340339
3612, 2026-05-29 11:00:22,1780041622,7222.0,38.9323220537,130.6666649187,140.0032573391,132.1260587025,119.8706787145
3613, 2026-05-29 11:00:24,1780041624,7224.0,38.9264877480,131.9413360033,142.4302085195,132.2773576914,121.1164417990
3614, 2026-05-29 11:00:26,1780041626,7226.0,38.9206534422,131.1229897527,142.4632691368,131.3016635418,119.6040365795
3615, 2026-05-29 11:00:28,1780041628,7228.0,38.9148191365,129.8655150913,141.7982093250,129.7530827150,118.0452532339
3616, 2026-05-29 11:00:30,1780041630,7230.0,38.9089848308,130.6946216153,145.7237495973,127.6269291734,118.7331860751
3617, 2026-05-29 11:00:32,1780041632,7232.0,38.9031505251,132.5246647041,144.5833822152,130.9109043262,122.0797075711
3618, 2026-05-29 11:00:34,1780041634,7234.0,38.8973162194,129.3555335526,140.4044287012,132.4970459867,115.1651259700
3619, 2026-05-29 11:00:36,1780041636,7236.0,38.8914819137,130.3244343383,141.0116651384,130.6580475387,119.3035903377
3620, 2026-05-29 11:00:38,1780041638,7238.0,38.8856476079,130.3354348938,142.1405213605,129.6588814749,119.2069018460
3621, 2026-05-29 11:00:40,1780041640,7240.0,38.8798133022,130.5921440413,141.3224766235,130.8866937572,119.5672617432
3622, 2026-05-29 11:00:42,1780041642,7242.0,38.8739789965,132.1289257423,140.5693143000,131.9017720689,123.9156908581
3623, 2026-05-29 11:00:44,1780041644,7244.0,38.8681446908,130.5690395664,142.4648577194,129.0195469681,120.2227140116
3624, 2026-05-29 11:00:46,1780041646,7246.0,38.8623103851,128.9572297225,140.2929018814,127.5576073156,119.0211799704
3625, 2026-05-29 11:00:48,1780041648,7248.0,38.8564760793,130.6743769974,142.5245891174,130.1413539554,119.3571879195
3626, 2026-05-29 11:00:50,1780041650,7250.0,38.8506417736,132.2796703227,141.8894545666,132.9765748091,121.9729815925
3627, 2026-05-29 11:00:52,1780041652,7252.0,38.8448074679,130.8070787641,139.9106797549,133.1069031935,119.4036533439
3628, 2026-05-29 11:00:54,1780041654,7254.0,38.8389731622,130.5454691524,140.8614250464,130.5951759880,120.1798064227
3629, 2026-05-29 11:00:56,1780041656,7256.0,38.8331388565,131.8395446512,144.0481150925,129.8995473827,121.5709714782
3630, 2026-05-29 11:00:58,1780041658,7258.0,38.8273045508,131.6702595937,145.2111578435,129.5339135332,120.2657074043
3631, 2026-05-29 11:01:00,1780041660,7260.0,38.8214702450,130.9523828314,140.1507249306,132.2015041309,120.5049194327
3632, 2026-05-29 11:01:02,1780041662,7262.0,38.8156359393,131.4817207716,142.9342906397,131.9472725138,119.5635991611
3633, 2026-05-29 11:01:04,1780041664,7264.0,38.8098016336,133.1817211236,144.9573350997,131.4084451115,123.1793831596
3634, 2026-05-29 11:01:06,1780041666,7266.0,38.8039673279,130.1430290706,142.1171195429,129.7992000871,118.5127675817
3635, 2026-05-29 11:01:08,1780041668,7268.0,38.7981330222,131.4091334660,141.9033090885,131.4346915440,120.8893997654
3636, 2026-05-29 11:01:10,1780041670,7270.0,38.7922987165,131.4267361221,143.6615880966,130.7801052432,119.8385150264
3637, 2026-05-29 11:01:12,1780041672,7272.0,38.7864644107,131.0669118888,143.1283048297,128.9647473768,121.1076834597
3638, 2026-05-29 11:01:14,1780041674,7274.0,38.7806301050,129.7714787993,142.7136545270,128.3964312858,118.2043505851
3639, 2026-05-29 11:01:16,1780041676,7276.0,38.7747957993,131.3534261768,142.6909881852,131.7888417321,119.5804486129
3640, 2026-05-29 11:01:18,1780041678,7278.0,38.7689614936,132.3235215131,143.5403479789,132.3413315241,121.0888850364
3641, 2026-05-29 11:01:20,1780041680,7280.0,38.7631271879,131.2363408691,140.3981117078,133.2884749287,120.0224359707
3642, 2026-05-29 11:01:22,1780041682,7282.0,38.7572928821,129.9051201966,142.5650719390,129.7361084972,117.4141801536
3643, 2026-05-29 11:01:24,1780041684,7284.0,38.7514585764,129.8729872125,141.9441676425,129.8391387160,117.8356552789
3644, 2026-05-29 11:01:26,1780041686,7286.0,38.7456242707,131.8293108690,143.7692827194,133.8939286229,117.8247212645
3645, 2026-05-29 11:01:28,1780041688,7288.0,38.7397899650,130.5003100340,138.7330774571,130.4782975534,122.2895550916
3646, 2026-05-29 11:01:30,1780041690,7290.0,38.7339556593,131.2016058287,141.1003463004,130.2434464918,122.2610246940
3647, 2026-05-29 11:01:32,1780041692,7292.0,38.7281213536,130.9228232510,143.1908479449,129.2995229703,120.2780988378
3648, 2026-05-29 11:01:34,1780041694,7294.0,38.7222870478,132.8664358456,145.8460781932,132.9908331474,119.7623961962
3649, 2026-05-29 11:01:36,1780041696,7296.0,38.7164527421,132.2835792791,143.7803320652,132.1643544881,120.9060512839
3650, 2026-05-29 11:01:38,1780041698,7298.0,38.7106184364,129.8930490921,140.6130456891,128.8419210778,120.2241805094
3651, 2026-05-29 11:01:40,1780041700,7300.0,38.7047841307,132.8336766831,143.4686891968,132.4411614117,122.5911794407
3652, 2026-05-29 11:01:42,1780041702,7302.0,38.6989498250,133.2091540935,144.9279792974,132.7540231963,121.9454597866
3653, 2026-05-29 11:01:44,1780041704,7304.0,38.6931155193,130.8378277717,143.1879169962,129.9670533854,119.3585129337
3654, 2026-05-29 11:01:46,1780041706,7306.0,38.6872812135,131.2412870762,140.9496846414,132.4127515886,120.3614249986
3655, 2026-05-29 11:01:48,1780041708,7308.0,38.6814469078,131.9561032710,141.4052329868,132.1568045288,122.3062722975
3656, 2026-05-29 11:01:50,1780041710,7310.0,38.6756126021,130.2989155320,141.0486398668,129.7208482484,120.1272584808
3657, 2026-05-29 11:01:52,1780041712,7312.0,38.6697782964,130.2526775920,141.2638914972,132.4977069501,116.9964343288
3658, 2026-05-29 11:01:54,1780041714,7314.0,38.6639439907,132.1383421497,141.5023061131,132.3606872018,122.5520331342
3659, 2026-05-29 11:01:56,1780041716,7316.0,38.6581096849,131.6316291842,144.0038544656,129.4684756561,121.4225574311
3660, 2026-05-29 11:01:58,1780041718,7318.0,38.6522753792,131.3178765837,141.4006867620,132.9266666179,119.6262763712
3661, 2026-05-29 11:02:00,1780041720,7320.0,38.6464410735,130.8097172488,142.1700632534,131.0914765995,119.1676118936
3662, 2026-05-29 11:02:02,1780041722,7322.0,38.6406067678,131.7129892449,140.9335086979,134.4720138205,119.7334452162
3663, 2026-05-29 11:02:04,1780041724,7324.0,38.6347724621,130.8642632421,140.4755585358,131.7707942979,120.3464368926
3664, 2026-05-29 11:02:06,1780041726,7326.0,38.6289381564,131.1139552326,143.0386904042,129.2674950146,121.0356802790
3665, 2026-05-29 11:02:08,1780041728,7328.0,38.6231038506,131.5908475279,143.4589620248,130.4018507940,120.9117297649
3666, 2026-05-29 11:02:10,1780041730,7330.0,38.6172695449,131.4630761178,142.2816832461,131.2552935752,120.8522515321
3667, 2026-05-29 11:02:12,1780041732,7332.0,38.6114352392,130.0384916522,140.9049443069,130.3645178492,118.8460128006
3668, 2026-05-29 11:02:14,1780041734,7334.0,38.6056009335,130.7357811133,142.0891081832,128.1842892489,121.9339459078
3669, 2026-05-29 11:02:16,1780041736,7336.0,38.5997666278,130.9190575056,140.9731287046,130.7330702850,121.0509735271
3670, 2026-05-29 11:02:18,1780041738,7338.0,38.5939323221,132.2879374054,144.0929506703,132.5681993158,120.2026622301
3671, 2026-05-29 11:02:20,1780041740,7340.0,38.5880980163,131.3771657041,143.5473181257,130.2167395649,120.3674394218
3672, 2026-05-29 11:02:22,1780041742,7342.0,38.5822637106,131.5818573918,144.2801441733,130.3355264172,120.1299015850
3673, 2026-05-29 11:02:24,1780041744,7344.0,38.5764294049,132.3873277983,145.5906535926,132.5628233219,119.0085064802
3674, 2026-05-29 11:02:26,1780041746,7346.0,38.5705950992,132.4587464338,143.8971148549,133.9825831237,119.4965413228
3675, 2026-05-29 11:02:28,1780041748,7348.0,38.5647607935,131.4257692858,141.6127984544,131.1470513569,121.5174580463
3676, 2026-05-29 11:02:30,1780041750,7350.0,38.5589264877,130.2368860201,141.9410256007,128.9758962075,119.7937362522
3677, 2026-05-29 11:02:32,1780041752,7352.0,38.5530921820,132.2811342323,144.0998238646,130.9372333205,121.8063455118
3678, 2026-05-29 11:02:34,1780041754,7354.0,38.5472578763,130.5139359175,142.8996067242,129.5613864094,119.0808146189
3679, 2026-05-29 11:02:36,1780041756,7356.0,38.5414235706,129.7081913388,141.5223332435,128.0431589466,119.5590818264
3680, 2026-05-29 11:02:38,1780041758,7358.0,38.5355892649,132.2806399197,144.1227895077,131.5429612071,121.1761690443
3681, 2026-05-29 11:02:40,1780041760,7360.0,38.5297549592,130.9722503402,142.6968776853,132.1035716632,118.1163016721
3682, 2026-05-29 11:02:42,1780041762,7362.0,38.5239206534,131.4845745942,143.9179914394,129.6854786330,120.8502537102
3683, 2026-05-29 11:02:44,1780041764,7364.0,38.5180863477,131.4085491847,143.3846307122,130.2119793932,120.6290374488
3684, 2026-05-29 11:02:46,1780041766,7366.0,38.5122520420,130.5933977596,143.3001640637,132.1422799290,116.3377492862
3685, 2026-05-29 11:02:48,1780041768,7368.0,38.5064177363,130.7397943893,142.6000883531,130.0459226368,119.5733721779
3686, 2026-05-29 11:02:50,1780041770,7370.0,38.5005834306,130.8586310017,143.2794653475,130.1676450582,119.1287825994
3687, 2026-05-29 11:02:52,1780041772,7372.0,38.4947491249,131.9286242324,143.9939786770,131.5844660773,120.2074279428
3688, 2026-05-29 11:02:54,1780041774,7374.0,38.4889148191,132.3190833376,142.2747321900,135.2676953170,119.4148225058
3689, 2026-05-29 11:02:56,1780041776,7376.0,38.4830805134,130.4415223530,141.0248607236,130.9538587948,119.3458475405
3690, 2026-05-29 11:02:58,1780041778,7378.0,38.4772462077,132.5911853073,143.1361161175,132.0607817318,122.5766580727
3691, 2026-05-29 11:03:00,1780041780,7380.0,38.4714119020,131.8436292903,143.8912496573,133.6442571903,117.9953810233
3692, 2026-05-29 11:03:02,1780041782,7382.0,38.4655775963,130.7360070765,142.5367973795,129.9518022074,119.7194216426
3693, 2026-05-29 11:03:04,1780041784,7384.0,38.4597432905,129.8401540180,141.5548059938,128.9856468777,118.9800091826
3694, 2026-05-29 11:03:06,1780041786,7386.0,38.4539089848,130.6391899876,142.5311030239,130.4642712539,118.9221956850
3695, 2026-05-29 11:03:08,1780041788,7388.0,38.4480746791,130.0762915704,142.8232354594,129.2464794855,118.1591597663
3696, 2026-05-29 11:03:10,1780041790,7390.0,38.4422403734,129.0681177685,139.8831497937,129.2658660826,118.0553374292
3697, 2026-05-29 11:03:12,1780041792,7392.0,38.4364060677,131.3401184382,142.2419414531,129.7056545945,122.0727592671
3698, 2026-05-29 11:03:14,1780041794,7394.0,38.4305717620,130.4718299429,140.0309477072,131.5542378359,119.8303042857
3699, 2026-05-29 11:03:16,1780041796,7396.0,38.4247374562,132.4760410198,147.0696947108,130.5743467651,119.7840815836
3700, 2026-05-29 11:03:18,1780041798,7398.0,38.4189031505,130.5479435602,143.7583012143,131.3631488923,116.5223805741
3701, 2026-05-29 11:03:20,1780041800,7400.0,38.4130688448,131.6778292093,141.9083641114,133.4202141985,119.7049093180
3702, 2026-05-29 11:03:22,1780041802,7402.0,38.4072345391,132.0312855441,144.9009451026,130.5055660893,120.6873454404
3703, 2026-05-29 11:03:24,1780041804,7404.0,38.4014002334,132.2286373077,144.0084376589,131.1463204931,121.5311537711
3704, 2026-05-29 11:03:26,1780041806,7406.0,38.3955659277,132.1771570478,142.5550117950,133.2345855582,120.7418737902
3705, 2026-05-29 11:03:28,1780041808,7408.0,38.3897316219,131.1405600220,142.8046347756,131.1226649621,119.4943803283
3706, 2026-05-29 11:03:30,1780041810,7410.0,38.3838973162,132.6836932856,144.8431249472,133.4075532987,119.8004016109
3707, 2026-05-29 11:03:32,1780041812,7412.0,38.3780630105,130.5511140587,141.6876449711,129.3262516696,120.6394455356
3708, 2026-05-29 11:03:34,1780041814,7414.0,38.3722287048,130.9212525128,142.6940358198,131.6386084521,118.4311132665
3709, 2026-05-29 11:03:36,1780041816,7416.0,38.3663943991,131.5040469214,142.8971553411,130.9355800335,120.6794053896
3710, 2026-05-29 11:03:38,1780041818,7418.0,38.3605600933,130.5981348489,144.0226914682,128.6907219487,119.0809911300
3711, 2026-05-29 11:03:40,1780041820,7420.0,38.3547257876,130.9557041229,143.9485232233,131.6296159643,117.2889731811
3712, 2026-05-29 11:03:42,1780041822,7422.0,38.3488914819,131.4259307388,143.0789347706,129.0390813211,122.1597761246
3713, 2026-05-29 11:03:44,1780041824,7424.0,38.3430571762,130.0947874407,142.6301789003,128.8869610872,118.7672223347
3714, 2026-05-29 11:03:46,1780041826,7426.0,38.3372228705,131.4700715300,142.0436324602,133.4692261201,118.8973560098
3715, 2026-05-29 11:03:48,1780041828,7428.0,38.3313885648,130.8991229790,143.4437131427,131.4353705126,117.8182852818
3716, 2026-05-29 11:03:50,1780041830,7430.0,38.3255542590,133.0280589341,143.5450324085,133.4322249196,122.1069194740
3717, 2026-05-29 11:03:52,1780041832,7432.0,38.3197199533,132.9363442610,142.5511321827,133.2684621630,122.9894384372
3718, 2026-05-29 11:03:54,1780041834,7434.0,38.3138856476,132.5405850354,143.1494747581,132.6169666642,121.8553136840
3719, 2026-05-29 11:03:56,1780041836,7436.0,38.3080513419,131.2554308279,142.3907698803,129.7953048896,121.5802177139
3720, 2026-05-29 11:03:58,1780041838,7438.0,38.3022170362,130.9758868402,141.6490318235,131.6977024387,119.5809262586
3721, 2026-05-29 11:04:00,1780041840,7440.0,38.2963827305,132.4728907706,145.5340397617,128.8946716169,122.9899609331
3722, 2026-05-29 11:04:02,1780041842,7442.0,38.2905484247,130.5670313443,140.6771116448,131.7189763411,119.3050060469
3723, 2026-05-29 11:04:04,1780041844,7444.0,38.2847141190,131.3180901365,142.8207605738,129.0074503634,122.1260594723
3724, 2026-05-29 11:04:06,1780041846,7446.0,38.2788798133,131.5020872163,143.2305569706,133.0654114749,118.2102932032
3725, 2026-05-29 11:04:08,1780041848,7448.0,38.2730455076,132.4974807111,143.7622492124,133.6756034256,120.0545894953
3726, 2026-05-29 11:04:10,1780041850,7450.0,38.2672112019,131.2982565922,143.6617791430,130.9169504489,119.3160401846
3727, 2026-05-29 11:04:12,1780041852,7452.0,38.2613768961,130.5382869623,143.2554974116,130.3846472742,117.9747162011
3728, 2026-05-29 11:04:14,1780041854,7454.0,38.2555425904,130.8877796290,140.2741734774,132.9128193468,119.4763460629
3729, 2026-05-29 11:04:16,1780041856,7456.0,38.2497082847,131.4796078259,143.9276038783,132.0726658688,118.4385537306
3730, 2026-05-29 11:04:18,1780041858,7458.0,38.2438739790,129.1537153659,138.9730870517,128.8289332354,119.6591258104
3731, 2026-05-29 11:04:20,1780041860,7460.0,38.2380396733,132.1041860667,142.6015847604,133.7392296600,119.9717437798
3732, 2026-05-29 11:04:22,1780041862,7462.0,38.2322053676,131.1202869478,144.5170803912,129.4082998875,119.4354805647
3733, 2026-05-29 11:04:24,1780041864,7464.0,38.2263710618,132.0902934510,144.7375368450,132.6089057794,118.9244377286
3734, 2026-05-29 11:04:26,1780041866,7466.0,38.2205367561,132.6447977373,144.6830300226,132.2367825413,121.0145806481
3735, 2026-05-29 11:04:28,1780041868,7468.0,38.2147024504,131.3945881847,144.9675003023,129.1351429711,120.0811212807
3736, 2026-05-29 11:04:30,1780041870,7470.0,38.2088681447,132.6385808096,147.0997667980,129.8333226844,120.9826529463
3737, 2026-05-29 11:04:32,1780041872,7472.0,38.2030338390,130.9599263315,143.5750892114,129.8217040665,119.4829857166
3738, 2026-05-29 11:04:34,1780041874,7474.0,38.1971995333,131.4089787038,142.9235621840,132.2042100109,119.0991639166
3739, 2026-05-29 11:04:36,1780041876,7476.0,38.1913652275,130.1703201291,141.2794464532,130.0183668727,119.2131470614
3740, 2026-05-29 11:04:38,1780041878,7478.0,38.1855309218,131.4442577146,144.4870569192,131.0759454155,118.7697708092
3741, 2026-05-29 11:04:40,1780041880,7480.0,38.1796966161,131.3479076762,143.4698293826,131.0333404989,119.5405531470
3742, 2026-05-29 11:04:42,1780041882,7482.0,38.1738623104,133.0360218629,144.9606862481,132.1824285563,121.9649507842
3743, 2026-05-29 11:04:44,1780041884,7484.0,38.1680280047,132.2310544050,141.6482301846,133.7404866421,121.3044463883
3744, 2026-05-29 11:04:46,1780041886,7486.0,38.1621936989,132.7781557484,142.8721866181,131.3141720624,124.1481085648
3745, 2026-05-29 11:04:48,1780041888,7488.0,38.1563593932,131.3907259788,143.0280270955,130.5493401470,120.5948106940
3746, 2026-05-29 11:04:50,1780041890,7490.0,38.1505250875,131.6782718530,143.0977088293,131.6745499733,120.2625567564
3747, 2026-05-29 11:04:52,1780041892,7492.0,38.1446907818,132.0430051929,143.7510060361,131.4249264203,120.9530831222
3748, 2026-05-29 11:04:54,1780041894,7494.0,38.1388564761,131.4404996725,143.2551373796,132.1081365454,118.9582250926
3749, 2026-05-29 11:04:56,1780041896,7496.0,38.1330221704,133.7349807005,144.4540430739,133.7530974935,122.9978015341
3750, 2026-05-29 11:04:58,1780041898,7498.0,38.1271878646,131.2694436909,142.5571129054,132.3248949573,118.9263232101
3751, 2026-05-29 11:05:00,1780041900,7500.0,38.1213535589,131.2297098716,142.1039274246,132.9651729690,118.6200292212
3752, 2026-05-29 11:05:02,1780041902,7502.0,38.1155192532,131.4586891361,142.7798418082,131.1411808753,120.4550447248
3753, 2026-05-29 11:05:04,1780041904,7504.0,38.1096849475,131.4469970215,144.0210669427,131.6109053716,118.7090187502
3754, 2026-05-29 11:05:06,1780041906,7506.0,38.1038506418,132.3688826936,141.7630454025,133.0383157026,122.3052869756
3755, 2026-05-29 11:05:08,1780041908,7508.0,38.0980163361,132.3354433614,143.6127021452,131.4269655160,121.9666624230
3756, 2026-05-29 11:05:10,1780041910,7510.0,38.0921820303,132.0470212439,143.5255416035,131.2038878021,121.4116343260
3757, 2026-05-29 11:05:12,1780041912,7512.0,38.0863477246,131.7645592877,142.5844404745,130.0319400891,122.6772972995
3758, 2026-05-29 11:05:14,1780041914,7514.0,38.0805134189,132.4917334826,143.1420781633,131.9488278363,122.3842944482
3759, 2026-05-29 11:05:16,1780041916,7516.0,38.0746791132,132.6212752939,144.2388070773,133.8658520353,119.7591667690
3760, 2026-05-29 11:05:18,1780041918,7518.0,38.0688448075,130.0006420644,142.3306596008,130.4020155392,117.2692510533
3761, 2026-05-29 11:05:20,1780041920,7520.0,38.0630105018,131.9601499076,141.2121226438,132.9792485713,121.6890785079
3762, 2026-05-29 11:05:22,1780041922,7522.0,38.0571761960,129.7222913253,140.8201814180,129.7405387378,118.6061538200
3763, 2026-05-29 11:05:24,1780041924,7524.0,38.0513418903,132.8664642024,145.8296209311,131.6847304256,121.0850412504
3764, 2026-05-29 11:05:26,1780041926,7526.0,38.0455075846,131.3064248523,141.2110235827,131.2921559442,121.4160950299
3765, 2026-05-29 11:05:28,1780041928,7528.0,38.0396732789,132.6053254934,143.5127842233,132.0523013975,122.2508908592
3766, 2026-05-29 11:05:30,1780041930,7530.0,38.0338389732,132.7129219793,145.2843200801,133.0605114415,119.7939344163
3767, 2026-05-29 11:05:32,1780041932,7532.0,38.0280046674,131.2089528393,140.4160607597,131.6084202048,121.6023775535
3768, 2026-05-29 11:05:34,1780041934,7534.0,38.0221703617,131.9993131998,142.5081087628,131.5105739311,121.9792569055
3769, 2026-05-29 11:05:36,1780041936,7536.0,38.0163360560,132.5203651281,145.0755489263,132.7649294042,119.7206170538
3770, 2026-05-29 11:05:38,1780041938,7538.0,38.0105017503,133.4847966178,144.0161290622,135.3368406571,121.1014201341
3771, 2026-05-29 11:05:40,1780041940,7540.0,38.0046674446,131.3322339320,142.9004698476,130.2595067216,120.8367252268
3772, 2026-05-29 11:05:42,1780041942,7542.0,37.9988331389,132.9452102863,142.9308969898,134.3956026171,121.5091312519
3773, 2026-05-29 11:05:44,1780041944,7544.0,37.9929988331,133.6952228286,143.5012268320,133.2406718101,124.3437698438
3774, 2026-05-29 11:05:46,1780041946,7546.0,37.9871645274,131.1810622316,142.4419323964,132.1811227785,118.9201315199
3775, 2026-05-29 11:05:48,1780041948,7548.0,37.9813302217,132.0976530951,141.1871461523,133.1635813369,121.9422317961
3776, 2026-05-29 11:05:50,1780041950,7550.0,37.9754959160,132.2778697741,143.8363535174,131.8963323468,121.1009234579
3777, 2026-05-29 11:05:52,1780041952,7552.0,37.9696616103,132.3198658194,143.8390842104,132.4519876737,120.6685255741
3778, 2026-05-29 11:05:54,1780041954,7554.0,37.9638273046,132.7612972815,143.9807853950,132.1139540250,122.1891524244
3779, 2026-05-29 11:05:56,1780041956,7556.0,37.9579929988,131.1292134895,142.0695315944,130.0080727866,121.3100360874
3780, 2026-05-29 11:05:58,1780041958,7558.0,37.9521586931,131.4664259256,142.9484904783,131.4875899094,119.9631973893
3781, 2026-05-29 11:06:00,1780041960,7560.0,37.9463243874,132.4126554057,141.8233930287,133.8560425317,121.5585306568
3782, 2026-05-29 11:06:02,1780041962,7562.0,37.9404900817,130.5249547141,138.0244612375,131.3934240145,122.1569788902
3783, 2026-05-29 11:06:04,1780041964,7564.0,37.9346557760,134.1908595747,145.9006906189,134.4519563538,122.2199317514
3784, 2026-05-29 11:06:06,1780041966,7566.0,37.9288214702,131.0551141875,141.8496691042,130.9426731318,120.3730003266
3785, 2026-05-29 11:06:08,1780041968,7568.0,37.9229871645,132.3827584579,146.3654724977,131.3504942023,119.4323086737
3786, 2026-05-29 11:06:10,1780041970,7570.0,37.9171528588,131.6051782617,142.7419306173,129.5028264637,122.5707777040
3787, 2026-05-29 11:06:12,1780041972,7572.0,37.9113185531,132.9404822098,143.2098259402,132.8298189642,122.7818017249
3788, 2026-05-29 11:06:14,1780041974,7574.0,37.9054842474,131.1416532946,143.4662353154,129.5601552190,120.3985693495
3789, 2026-05-29 11:06:16,1780041976,7576.0,37.8996499417,131.7786078263,143.1934914308,130.4160643994,121.7262676486
3790, 2026-05-29 11:06:18,1780041978,7578.0,37.8938156359,133.8454204255,143.1375367588,134.4281376779,123.9705868398
3791, 2026-05-29 11:06:20,1780041980,7580.0,37.8879813302,131.6981023048,141.6662450406,131.7295650612,121.6984968126
3792, 2026-05-29 11:06:22,1780041982,7582.0,37.8821470245,133.1831385415,145.4679158674,131.4022255322,122.6792742247
3793, 2026-05-29 11:06:24,1780041984,7584.0,37.8763127188,132.0222418267,143.2448245746,131.8396984683,120.9822024373
3794, 2026-05-29 11:06:26,1780041986,7586.0,37.8704784131,131.2500882089,142.8250936356,131.9363881002,118.9887828909
3795, 2026-05-29 11:06:28,1780041988,7588.0,37.8646441074,131.9317535285,142.4751931884,132.5794384595,120.7406289375
3796, 2026-05-29 11:06:30,1780041990,7590.0,37.8588098016,132.2441240916,143.4149778231,132.7535623904,120.5638320614
3797, 2026-05-29 11:06:32,1780041992,7592.0,37.8529754959,132.3126924192,142.4763562269,132.6926061670,121.7691148639
3798, 2026-05-29 11:06:34,1780041994,7594.0,37.8471411902,131.9376105359,143.1871210508,132.0119814789,120.6137290780
3799, 2026-05-29 11:06:36,1780041996,7596.0,37.8413068845,132.6684942438,143.3491012427,131.6832555284,122.9731259601
3800, 2026-05-29 11:06:38,1780041998,7598.0,37.8354725788,133.3426297278,143.8335700104,132.9759926937,123.2183264794
3801, 2026-05-29 11:06:40,1780042000,7600.0,37.8296382730,131.4372029888,141.8192270444,131.6396289223,120.8527529997
3802, 2026-05-29 11:06:42,1780042002,7602.0,37.8238039673,131.7218692258,140.6950332890,132.9637460648,121.5068283235
3803, 2026-05-29 11:06:44,1780042004,7604.0,37.8179696616,132.5447430853,143.3447478661,132.8328177040,121.4566636858
3804, 2026-05-29 11:06:46,1780042006,7606.0,37.8121353559,132.3027114809,144.5008874060,132.5433248401,119.8639221965
3805, 2026-05-29 11:06:48,1780042008,7608.0,37.8063010502,131.1503727397,143.3602225966,129.0586205061,121.0322751165
3806, 2026-05-29 11:06:50,1780042010,7610.0,37.8004667445,133.5267672774,143.9628364445,133.2217513215,123.3957140662
3807, 2026-05-29 11:06:52,1780042012,7612.0,37.7946324387,131.8485505447,143.8878488415,131.9935346429,119.6642681497
3808, 2026-05-29 11:06:54,1780042014,7614.0,37.7887981330,130.0157238130,141.8130053311,129.9799900554,118.2541760524
3809, 2026-05-29 11:06:56,1780042016,7616.0,37.7829638273,131.9762059603,141.1250635323,130.8149983767,123.9885559720
3810, 2026-05-29 11:06:58,1780042018,7618.0,37.7771295216,132.4778652336,141.8507534957,133.6328868387,121.9499553663
3811, 2026-05-29 11:07:00,1780042020,7620.0,37.7712952159,132.8446027970,147.1143543817,131.3711002694,120.0483537401
3812, 2026-05-29 11:07:02,1780042022,7622.0,37.7654609102,130.6517243590,141.4650359982,130.1577892984,120.3323477805
3813, 2026-05-29 11:07:04,1780042024,7624.0,37.7596266044,133.0747453588,144.0705636166,134.1622895391,120.9913829207
3814, 2026-05-29 11:07:06,1780042026,7626.0,37.7537922987,132.5447531893,143.9204945732,132.6675324659,121.0462325287
3815, 2026-05-29 11:07:08,1780042028,7628.0,37.7479579930,134.2144831557,146.3362004988,133.1920947189,123.1151542493
3816, 2026-05-29 11:07:10,1780042030,7630.0,37.7421236873,131.8526907220,143.6147188106,132.3149890068,119.6283643486
3817, 2026-05-29 11:07:12,1780042032,7632.0,37.7362893816,132.9284315323,141.7952047088,134.9515001382,122.0385897500
3818, 2026-05-29 11:07:14,1780042034,7634.0,37.7304550758,131.8550454507,142.4479788193,132.1947069338,120.9224505990
3819, 2026-05-29 11:07:16,1780042036,7636.0,37.7246207701,131.4136258577,145.0335943297,128.1156449453,121.0916382982
3820, 2026-05-29 11:07:18,1780042038,7638.0,37.7187864644,133.1563137998,144.7082681938,133.0966532388,121.6640199669
3821, 2026-05-29 11:07:20,1780042040,7640.0,37.7129521587,132.8428954941,143.4232184215,133.4516639997,121.6538040612
3822, 2026-05-29 11:07:22,1780042042,7642.0,37.7071178530,131.4130897371,141.4155550049,133.7469539737,119.0767602327
3823, 2026-05-29 11:07:24,1780042044,7644.0,37.7012835473,131.9505119620,146.1011508417,132.1017709875,117.6486140568
3824, 2026-05-29 11:07:26,1780042046,7646.0,37.6954492415,132.2772642174,145.4483539417,129.9753922257,121.4080464848
3825, 2026-05-29 11:07:28,1780042048,7648.0,37.6896149358,133.3674508451,145.7654518279,132.1028034342,122.2340972731
3826, 2026-05-29 11:07:30,1780042050,7650.0,37.6837806301,131.5658846317,142.1837149931,132.6407145022,119.8732243998
3827, 2026-05-29 11:07:32,1780042052,7652.0,37.6779463244,132.1793210733,145.6593899201,130.9980717393,119.8805015606
3828, 2026-05-29 11:07:34,1780042054,7654.0,37.6721120187,131.9315178504,141.9656153545,131.9688849382,121.8600532585
3829, 2026-05-29 11:07:36,1780042056,7656.0,37.6662777130,132.8040318675,145.3000745642,131.4404579548,121.6715630836
3830, 2026-05-29 11:07:38,1780042058,7658.0,37.6604434072,131.7907042852,144.2054919378,128.7717498556,122.3948710621
3831, 2026-05-29 11:07:40,1780042060,7660.0,37.6546091015,133.6583359171,142.3763174347,132.8868323317,125.7118579850
3832, 2026-05-29 11:07:42,1780042062,7662.0,37.6487747958,133.9679570414,146.0329762936,131.3944051494,124.4764896813
3833, 2026-05-29 11:07:44,1780042064,7664.0,37.6429404901,132.4912529313,142.5533626945,134.2007760271,120.7196200723
3834, 2026-05-29 11:07:46,1780042066,7666.0,37.6371061844,132.6339162529,145.1157171334,130.1507643733,122.6352672520
3835, 2026-05-29 11:07:48,1780042068,7668.0,37.6312718786,132.3013512131,144.1292635123,131.4892914367,121.2854986903
3836, 2026-05-29 11:07:50,1780042070,7670.0,37.6254375729,131.9912282393,143.5534439805,132.0543539265,120.3658868109
3837, 2026-05-29 11:07:52,1780042072,7672.0,37.6196032672,131.3456679458,144.9255788019,130.9547219473,118.1567030881
3838, 2026-05-29 11:07:54,1780042074,7674.0,37.6137689615,131.4971785844,142.0387244771,131.1495130860,121.3032981902
3839, 2026-05-29 11:07:56,1780042076,7676.0,37.6079346558,132.5213260588,146.4581011820,130.1503925555,120.9554844388
3840, 2026-05-29 11:07:58,1780042078,7678.0,37.6021003501,132.8958427764,144.7140951915,131.1136945416,122.8597385962
3841, 2026-05-29 11:08:00,1780042080,7680.0,37.5962660443,133.5742475224,143.7338991136,133.4679012926,123.5209421610
3842, 2026-05-29 11:08:02,1780042082,7682.0,37.5904317386,133.3135021815,143.8288804656,135.2335969561,120.8780291227
3843, 2026-05-29 11:08:04,1780042084,7684.0,37.5845974329,133.1167738605,142.7238549950,133.4481505320,123.1783160544
3844, 2026-05-29 11:08:06,1780042086,7686.0,37.5787631272,133.0687992487,142.7389375392,133.3057653777,123.1616948293
3845, 2026-05-29 11:08:08,1780042088,7688.0,37.5729288215,132.8841635848,143.5357699575,133.8586931098,121.2580276870
3846, 2026-05-29 11:08:10,1780042090,7690.0,37.5670945158,130.5962669549,141.1665876203,129.5630249823,121.0591882620
3847, 2026-05-29 11:08:12,1780042092,7692.0,37.5612602100,133.1945379162,144.3077873930,133.4932760270,121.7825503284
3848, 2026-05-29 11:08:14,1780042094,7694.0,37.5554259043,132.4622745360,140.6138176807,136.3857418191,120.3872641083
3849, 2026-05-29 11:08:16,1780042096,7696.0,37.5495915986,132.2378016914,145.1146430706,132.8310394446,118.7677225590
3850, 2026-05-29 11:08:18,1780042098,7698.0,37.5437572929,131.9174785750,142.5647218430,132.4329968885,120.7547169936
3851, 2026-05-29 11:08:20,1780042100,7700.0,37.5379229872,132.5800648016,143.4194843124,132.9387409541,121.3819691382
3852, 2026-05-29 11:08:22,1780042102,7702.0,37.5320886814,131.9635186174,142.7967835897,131.5299914890,121.5637807736
3853, 2026-05-29 11:08:24,1780042104,7704.0,37.5262543757,132.4999291236,143.6674878525,129.8432221062,123.9890774122
3854, 2026-05-29 11:08:26,1780042106,7706.0,37.5204200700,132.0351466677,145.2365845407,130.5771531404,120.2917023221
3855, 2026-05-29 11:08:28,1780042108,7708.0,37.5145857643,131.2971101518,142.1899194990,128.9938807078,122.7075302485
3856, 2026-05-29 11:08:30,1780042110,7710.0,37.5087514586,132.3363877803,144.2336656854,131.7377453594,121.0377522961
3857, 2026-05-29 11:08:32,1780042112,7712.0,37.5029171529,133.5035145149,144.5374807512,133.1655115028,122.8075512908
3858, 2026-05-29 11:08:34,1780042114,7714.0,37.4970828471,132.6819074976,144.4528133807,132.0129037802,121.5800053321
3859, 2026-05-29 11:08:36,1780042116,7716.0,37.4912485414,131.1545905169,141.8993712375,130.0012379467,121.5631623666
3860, 2026-05-29 11:08:38,1780042118,7718.0,37.4854142357,132.0781727564,143.4476675429,131.5814823979,121.2053683283
3861, 2026-05-29 11:08:40,1780042120,7720.0,37.4795799300,134.4032217683,144.9995710525,134.5474654106,123.6626288418
3862, 2026-05-29 11:08:42,1780042122,7722.0,37.4737456243,133.5405018289,146.1563612293,133.4943665309,120.9707777264
3863, 2026-05-29 11:08:44,1780042124,7724.0,37.4679113186,132.6322202235,144.4441264619,131.1956437558,122.2568904528
3864, 2026-05-29 11:08:46,1780042126,7726.0,37.4620770128,131.8758108851,144.5848646569,131.1598854041,119.8826825942
3865, 2026-05-29 11:08:48,1780042128,7728.0,37.4562427071,134.1705384617,144.4040374694,134.1361985366,123.9713793790
3866, 2026-05-29 11:08:50,1780042130,7730.0,37.4504084014,132.5814259011,144.0557830186,131.6470783591,122.0414163257
3867, 2026-05-29 11:08:52,1780042132,7732.0,37.4445740957,132.9123139623,143.9501654728,133.5438969233,121.2428794908
3868, 2026-05-29 11:08:54,1780042134,7734.0,37.4387397900,132.6080682978,144.4109740957,131.8272930202,121.5859377776
3869, 2026-05-29 11:08:56,1780042136,7736.0,37.4329054842,133.4080895739,147.4062869711,131.1991732955,121.6188084551
3870, 2026-05-29 11:08:58,1780042138,7738.0,37.4270711785,132.5056595903,142.5689180511,131.6077435659,123.3403171540
3871, 2026-05-29 11:09:00,1780042140,7740.0,37.4212368728,133.2488438999,146.1026955045,132.7995879334,120.8442482618
3872, 2026-05-29 11:09:02,1780042142,7742.0,37.4154025671,132.6927881085,144.8020647202,132.0166599113,121.2596396940
3873, 2026-05-29 11:09:04,1780042144,7744.0,37.4095682614,132.6353945214,143.0870444791,131.3323982134,123.4867408717
3874, 2026-05-29 11:09:06,1780042146,7746.0,37.4037339557,130.6645837291,143.6440186225,130.5405694622,117.8091631024
3875, 2026-05-29 11:09:08,1780042148,7748.0,37.3978996499,134.2492774462,144.0416344060,135.1436928250,123.5625051077
3876, 2026-05-29 11:09:10,1780042150,7750.0,37.3920653442,132.4855381845,140.9673658258,133.9624844313,122.5267642963
3877, 2026-05-29 11:09:12,1780042152,7752.0,37.3862310385,133.3862109785,144.3724917413,133.0381453231,122.7479958710
3878, 2026-05-29 11:09:14,1780042154,7754.0,37.3803967328,132.4664490532,144.6477870249,132.7950805791,119.9564795556
3879, 2026-05-29 11:09:16,1780042156,7756.0,37.3745624271,133.1786050703,145.2316244878,131.4635631470,122.8406275761
3880, 2026-05-29 11:09:18,1780042158,7758.0,37.3687281214,132.3104344908,144.1086265642,130.9198206807,121.9028562274
3881, 2026-05-29 11:09:20,1780042160,7760.0,37.3628938156,131.0476550065,141.6767522142,131.5192921980,119.9469206074
3882, 2026-05-29 11:09:22,1780042162,7762.0,37.3570595099,134.4438269744,143.6762283627,133.7535852696,125.9016672909
3883, 2026-05-29 11:09:24,1780042164,7764.0,37.3512252042,132.7285569054,143.5888776540,131.5099366058,123.0868564565
3884, 2026-05-29 11:09:26,1780042166,7766.0,37.3453908985,132.6067187607,141.6718719273,132.1396352058,124.0086491490
3885, 2026-05-29 11:09:28,1780042168,7768.0,37.3395565928,132.3187970909,145.2506834461,133.5425022619,118.1632055647
3886, 2026-05-29 11:09:30,1780042170,7770.0,37.3337222870,132.7511835043,144.8333643061,132.0583098247,121.3618763821
3887, 2026-05-29 11:09:32,1780042172,7772.0,37.3278879813,133.2329517364,143.0017717273,132.6699810062,124.0271024757
3888, 2026-05-29 11:09:34,1780042174,7774.0,37.3220536756,132.3415785392,142.9318256687,133.9122447919,120.1806651571
3889, 2026-05-29 11:09:36,1780042176,7776.0,37.3162193699,133.4818270586,146.1453370745,131.1133514033,123.1867926980
3890, 2026-05-29 11:09:38,1780042178,7778.0,37.3103850642,132.0229282321,143.7854872654,130.5907954901,121.6925019409
3891, 2026-05-29 11:09:40,1780042180,7780.0,37.3045507585,132.5461167290,145.5802517351,132.0707388607,119.9873595913
3892, 2026-05-29 11:09:42,1780042182,7782.0,37.2987164527,132.6281885240,142.9955653805,132.6006582886,122.2883419027
3893, 2026-05-29 11:09:44,1780042184,7784.0,37.2928821470,132.7706116063,144.7302821821,133.8735804872,119.7079721495
3894, 2026-05-29 11:09:46,1780042186,7786.0,37.2870478413,132.0843751226,144.5731287763,130.7928739515,120.8871226399
3895, 2026-05-29 11:09:48,1780042188,7788.0,37.2812135356,132.8193583135,143.1524482460,134.3075451578,120.9980815368
3896, 2026-05-29 11:09:50,1780042190,7790.0,37.2753792299,130.8017268261,139.5642880301,131.5572885282,121.2836039199
3897, 2026-05-29 11:09:52,1780042192,7792.0,37.2695449242,133.9544707432,145.0689807736,134.1033548115,122.6910766444
3898, 2026-05-29 11:09:54,1780042194,7794.0,37.2637106184,132.3206721450,144.8776257737,131.6001279009,120.4842627606
3899, 2026-05-29 11:09:56,1780042196,7796.0,37.2578763127,133.0015571791,145.8197014885,132.1274316999,121.0575383490
3900, 2026-05-29 11:09:58,1780042198,7798.0,37.2520420070,131.7927857989,144.3664474047,130.8600779391,120.1518320529
3901, 2026-05-29 11:10:00,1780042200,7800.0,37.2462077013,132.9909471683,141.4165554379,133.3343296482,124.2219564189
3902, 2026-05-29 11:10:02,1780042202,7802.0,37.2403733956,132.3435420180,143.1706330591,131.5154573041,122.3445356908
3903, 2026-05-29 11:10:04,1780042204,7804.0,37.2345390898,133.3019096655,144.6502988086,133.8349149110,121.4205152768
3904, 2026-05-29 11:10:06,1780042206,7806.0,37.2287047841,132.1715556395,142.2534644501,134.8612810954,119.3999213731
3905, 2026-05-29 11:10:08,1780042208,7808.0,37.2228704784,132.1879700746,145.2541138000,130.4526250292,120.8571713946
3906, 2026-05-29 11:10:10,1780042210,7810.0,37.2170361727,133.5621542025,145.1804766843,135.0006675373,120.5053183859
3907, 2026-05-29 11:10:12,1780042212,7812.0,37.2112018670,131.5662710952,144.1181834287,131.2507340424,119.3298958144
3908, 2026-05-29 11:10:14,1780042214,7814.0,37.2053675613,132.5967916047,143.0638252720,133.2826794944,121.4438700478
3909, 2026-05-29 11:10:16,1780042216,7816.0,37.1995332555,133.2643281393,144.8021055675,133.4288260004,121.5620528502
3910, 2026-05-29 11:10:18,1780042218,7818.0,37.1936989498,131.5468996781,140.9859899566,133.7193431975,119.9353658802
3911, 2026-05-29 11:10:20,1780042220,7820.0,37.1878646441,133.0947871226,143.4013896690,134.9567635996,120.9262080992
3912, 2026-05-29 11:10:22,1780042222,7822.0,37.1820303384,133.1015203697,146.0680574607,131.6174491438,121.6190545046
3913, 2026-05-29 11:10:24,1780042224,7824.0,37.1761960327,133.6476577056,145.1237297085,131.5808580259,124.2383853825
3914, 2026-05-29 11:10:26,1780042226,7826.0,37.1703617270,131.7231975123,143.6056265016,133.2708452463,118.2931207891
3915, 2026-05-29 11:10:28,1780042228,7828.0,37.1645274212,132.8659559284,144.8023119173,134.1428399552,119.6527159125
3916, 2026-05-29 11:10:30,1780042230,7830.0,37.1586931155,132.9580381614,144.4020677665,132.7700158608,121.7020308568
3917, 2026-05-29 11:10:32,1780042232,7832.0,37.1528588098,133.2249822139,143.3289642223,134.0847872836,122.2611951358
3918, 2026-05-29 11:10:34,1780042234,7834.0,37.1470245041,132.2642037651,144.9170339650,131.0228112273,120.8527661029
3919, 2026-05-29 11:10:36,1780042236,7836.0,37.1411901984,133.5216987595,144.3351828739,131.9791038807,124.2508095237
3920, 2026-05-29 11:10:38,1780042238,7838.0,37.1353558926,133.8127870295,143.5418644235,135.7166884530,122.1798082119
3921, 2026-05-29 11:10:40,1780042240,7840.0,37.1295215869,132.7058139470,144.4692605838,132.7823778355,120.8658034216
3922, 2026-05-29 11:10:42,1780042242,7842.0,37.1236872812,131.3794435363,143.4841532800,131.4073121065,119.2468652223
3923, 2026-05-29 11:10:44,1780042244,7844.0,37.1178529755,129.4728557118,142.5095275652,126.4045340207,119.5045055494
3924, 2026-05-29 11:10:46,1780042246,7846.0,37.1120186698,134.7681368739,145.6208572499,137.3336917231,121.3498616487
3925, 2026-05-29 11:10:48,1780042248,7848.0,37.1061843641,133.2944197851,144.5988446786,132.5768811794,122.7075334972
3926, 2026-05-29 11:10:50,1780042250,7850.0,37.1003500583,133.0554375671,144.9149520768,132.6441943053,121.6071663193
3927, 2026-05-29 11:10:52,1780042252,7852.0,37.0945157526,131.4280888307,143.6280051543,133.0376062976,117.6186550401
3928, 2026-05-29 11:10:54,1780042254,7854.0,37.0886814469,133.4925097616,144.1504750388,135.0888412901,121.2382129559
3929, 2026-05-29 11:10:56,1780042256,7856.0,37.0828471412,132.7285222100,143.2668804331,131.6396682376,123.2790179591
3930, 2026-05-29 11:10:58,1780042258,7858.0,37.0770128355,131.6785479236,143.1439920005,132.7042363751,119.1874153953
3931, 2026-05-29 11:11:00,1780042260,7860.0,37.0711785298,132.0787851962,143.1811984480,132.0497591083,121.0053980324
3932, 2026-05-29 11:11:02,1780042262,7862.0,37.0653442240,134.4686255079,145.6775928791,134.9614071922,122.7668764524
3933, 2026-05-29 11:11:04,1780042264,7864.0,37.0595099183,132.9741312050,144.7559486573,134.6975416904,119.4689032674
3934, 2026-05-29 11:11:06,1780042266,7866.0,37.0536756126,133.2831176958,144.2672790783,133.2591438170,122.3229301920
3935, 2026-05-29 11:11:08,1780042268,7868.0,37.0478413069,132.3476154340,145.3673089263,131.0893133122,120.5862240636
3936, 2026-05-29 11:11:10,1780042270,7870.0,37.0420070012,133.5590471439,143.5754937208,134.9216546319,122.1799930791
3937, 2026-05-29 11:11:12,1780042272,7872.0,37.0361726954,133.4295114629,145.4378223080,132.7688239204,122.0818881604
3938, 2026-05-29 11:11:14,1780042274,7874.0,37.0303383897,132.1551990053,143.4573487756,132.9574386228,120.0508096175
3939, 2026-05-29 11:11:16,1780042276,7876.0,37.0245040840,132.8475406421,143.9543725676,134.5152514602,120.0729978986
3940, 2026-05-29 11:11:18,1780042278,7878.0,37.0186697783,133.8797753602,143.9806278096,132.9518331489,124.7068651221
3941, 2026-05-29 11:11:20,1780042280,7880.0,37.0128354726,133.6491209386,144.5292531484,135.1011659545,121.3169437129
3942, 2026-05-29 11:11:22,1780042282,7882.0,37.0070011669,134.6969636554,147.1124794810,134.9825547333,121.9958567520
3943, 2026-05-29 11:11:24,1780042284,7884.0,37.0011668611,132.3727046711,145.8633576858,130.4250005635,120.8297557639
3944, 2026-05-29 11:11:26,1780042286,7886.0,36.9953325554,133.1229564329,143.7181122178,132.1615402481,123.4892168328
3945, 2026-05-29 11:11:28,1780042288,7888.0,36.9894982497,132.4477172515,144.2112358212,132.0128614218,121.1190545114
3946, 2026-05-29 11:11:30,1780042290,7890.0,36.9836639440,132.8055870924,145.3586930202,132.8453265820,120.2127416750
3947, 2026-05-29 11:11:32,1780042292,7892.0,36.9778296383,132.6154211548,143.2167649470,131.0387363701,123.5907621474
3948, 2026-05-29 11:11:34,1780042294,7894.0,36.9719953326,132.7653874099,145.1198154804,132.4337610596,120.7425856896
3949, 2026-05-29 11:11:36,1780042296,7896.0,36.9661610268,132.1146466710,142.1768337867,134.0493852553,120.1177209709
3950, 2026-05-29 11:11:38,1780042298,7898.0,36.9603267211,133.8969450349,146.2032662824,133.0408071124,122.4467617101
3951, 2026-05-29 11:11:40,1780042300,7900.0,36.9544924154,133.2024243900,146.3778915581,132.3748180208,120.8545635912
3952, 2026-05-29 11:11:42,1780042302,7902.0,36.9486581097,132.7959279359,147.0236512850,132.8455153035,118.5186172192
3953, 2026-05-29 11:11:44,1780042304,7904.0,36.9428238040,132.4094225915,147.0864121053,130.9537871981,119.1880684711
3954, 2026-05-29 11:11:46,1780042306,7906.0,36.9369894982,132.1710860982,144.4862012228,131.7064355886,120.3206214833
3955, 2026-05-29 11:11:48,1780042308,7908.0,36.9311551925,133.6960609397,143.9418158038,134.2274756611,122.9188913542
3956, 2026-05-29 11:11:50,1780042310,7910.0,36.9253208868,133.1350086521,145.0511539970,132.2709261667,122.0829457926
3957, 2026-05-29 11:11:52,1780042312,7912.0,36.9194865811,133.3611127899,144.7023928509,133.3527504470,122.0281950717
3958, 2026-05-29 11:11:54,1780042314,7914.0,36.9136522754,133.0275114767,143.6602699625,133.5058163320,121.9164481357
3959, 2026-05-29 11:11:56,1780042316,7916.0,36.9078179697,134.0660319397,143.4365107628,133.4625923515,125.2989927049
3960, 2026-05-29 11:11:58,1780042318,7918.0,36.9019836639,132.2337455346,141.6498214603,134.8586324823,120.1927826613
3961, 2026-05-29 11:12:00,1780042320,7920.0,36.8961493582,132.6488224675,144.1431169324,131.5187281233,122.2846223468
3962, 2026-05-29 11:12:02,1780042322,7922.0,36.8903150525,132.0566352926,145.3114897714,132.4487374076,118.4096786988
3963, 2026-05-29 11:12:04,1780042324,7924.0,36.8844807468,133.1783919798,146.2899392396,131.7303926482,121.5148440515
3964, 2026-05-29 11:12:06,1780042326,7926.0,36.8786464411,132.2643432637,144.3923104723,131.7870812004,120.6136381185
3965, 2026-05-29 11:12:08,1780042328,7928.0,36.8728121354,133.8108616365,146.7738818810,132.2928290460,122.3658739824
3966, 2026-05-29 11:12:10,1780042330,7930.0,36.8669778296,133.1754281567,145.8844962899,133.0422863548,120.5995018255
3967, 2026-05-29 11:12:12,1780042332,7932.0,36.8611435239,133.0479910929,146.5135376932,132.0521635309,120.5782720546
3968, 2026-05-29 11:12:14,1780042334,7934.0,36.8553092182,133.1744268820,143.8567733843,134.0867822014,121.5797250604
3969, 2026-05-29 11:12:16,1780042336,7936.0,36.8494749125,133.1777081494,141.3398831951,134.2271755045,123.9660657485
3970, 2026-05-29 11:12:18,1780042338,7938.0,36.8436406068,134.2142505293,144.6744896478,133.2417776259,124.7264843142
3971, 2026-05-29 11:12:20,1780042340,7940.0,36.8378063011,133.3230188818,144.8944541309,132.5801788851,122.4944236293
3972, 2026-05-29 11:12:22,1780042342,7942.0,36.8319719953,131.5544498804,142.5719158229,131.0368670574,121.0545667609
3973, 2026-05-29 11:12:24,1780042344,7944.0,36.8261376896,134.3512517949,145.1924481237,133.2915263805,124.5697808804
3974, 2026-05-29 11:12:26,1780042346,7946.0,36.8203033839,135.4205820488,146.0860452138,134.8885660696,125.2871348632
3975, 2026-05-29 11:12:28,1780042348,7948.0,36.8144690782,132.6286852942,140.7700122591,133.5040046229,123.6120390005
3976, 2026-05-29 11:12:30,1780042350,7950.0,36.8086347725,131.8171796895,141.5968240999,131.2653275253,122.5893874433
3977, 2026-05-29 11:12:32,1780042352,7952.0,36.8028004667,133.8937078550,145.0145081045,133.9542530621,122.7123623985
3978, 2026-05-29 11:12:34,1780042354,7954.0,36.7969661610,135.2774836476,145.8567096696,135.6149048210,124.3608364523
3979, 2026-05-29 11:12:36,1780042356,7956.0,36.7911318553,134.0561661482,145.6301694649,133.7763348580,122.7619941218
3980, 2026-05-29 11:12:38,1780042358,7958.0,36.7852975496,133.2071298833,146.6973562957,131.7386056119,121.1854277423
3981, 2026-05-29 11:12:40,1780042360,7960.0,36.7794632439,133.1471544318,143.4399490568,134.9106755325,121.0908387060
3982, 2026-05-29 11:12:42,1780042362,7962.0,36.7736289382,133.7567604863,146.2243581103,130.8695665757,124.1763567729
3983, 2026-05-29 11:12:44,1780042364,7964.0,36.7677946324,132.6458986243,147.8755717855,130.3806933244,119.6814307631
3984, 2026-05-29 11:12:46,1780042366,7966.0,36.7619603267,132.7512644734,144.3066577307,132.9793844115,120.9677512779
3985, 2026-05-29 11:12:48,1780042368,7968.0,36.7561260210,133.9263001254,145.5510273446,133.4746591809,122.7532138507
3986, 2026-05-29 11:12:50,1780042370,7970.0,36.7502917153,132.6082308449,143.4961378235,134.2403073514,120.0882473599
3987, 2026-05-29 11:12:52,1780042372,7972.0,36.7444574096,133.5325861058,143.3977349454,135.8754924004,121.3245309716
3988, 2026-05-29 11:12:54,1780042374,7974.0,36.7386231039,133.4815704593,145.6461039345,135.4624556370,119.3361518064
3989, 2026-05-29 11:12:56,1780042376,7976.0,36.7327887981,132.7941607506,144.4243009297,133.4085511104,120.5496302116
3990, 2026-05-29 11:12:58,1780042378,7978.0,36.7269544924,131.7944734609,141.6862237641,132.5612397548,121.1359568639
3991, 2026-05-29 11:13:00,1780042380,7980.0,36.7211201867,133.9689169335,147.3987604081,131.3978849474,123.1101054451
3992, 2026-05-29 11:13:02,1780042382,7982.0,36.7152858810,133.0572074459,142.4228371612,134.9032425499,121.8455426265
3993, 2026-05-29 11:13:04,1780042384,7984.0,36.7094515753,132.2019690984,142.5846297849,132.9961122405,121.0251652697
3994, 2026-05-29 11:13:06,1780042386,7986.0,36.7036172695,133.6886570458,146.4904792197,132.1336327301,122.4418591875
3995, 2026-05-29 11:13:08,1780042388,7988.0,36.6977829638,134.7740641910,147.4226456145,133.4082686968,123.4912782617
3996, 2026-05-29 11:13:10,1780042390,7990.0,36.6919486581,134.2541388536,146.1245398664,135.0784519663,121.5594247281
3997, 2026-05-29 11:13:12,1780042392,7992.0,36.6861143524,131.9318622652,143.2424820865,131.9682069250,120.5848977842
3998, 2026-05-29 11:13:14,1780042394,7994.0,36.6802800467,133.5134217521,147.6135666888,132.5722111756,120.3544873920
3999, 2026-05-29 11:13:16,1780042396,7996.0,36.6744457410,134.6679561319,145.7769537354,134.7852758179,123.4416388426
4000, 2026-05-29 11:13:18,1780042398,7998.0,36.6686114352,131.3675806343,141.1297307969,131.3591309423,121.6138801637
4001, 2026-05-29 11:13:20,1780042400,8000.0,36.6627771295,133.0831310753,144.8586170980,133.9602916420,120.4304844859
4002, 2026-05-29 11:13:22,1780042402,8002.0,36.6569428238,134.2547938108,146.6225841849,133.9281740156,122.2136232319
4003, 2026-05-29 11:13:24,1780042404,8004.0,36.6511085181,132.7423316294,141.8826151684,132.3686951843,123.9756845354
4004, 2026-05-29 11:13:26,1780042406,8006.0,36.6452742124,134.7872563630,146.3791185503,135.0036069107,122.9790436280
4005, 2026-05-29 11:13:28,1780042408,8008.0,36.6394399067,132.8690815279,143.6798828965,132.2959934384,122.6313682487
4006, 2026-05-29 11:13:30,1780042410,8010.0,36.6336056009,135.8260333948,148.2835172729,136.1434579274,123.0511249842
4007, 2026-05-29 11:13:32,1780042412,8012.0,36.6277712952,132.8641589368,143.2643202978,134.2813919102,121.0467646024
4008, 2026-05-29 11:13:34,1780042414,8014.0,36.6219369895,132.9863120036,145.8709231399,131.7347261367,121.3532867343
4009, 2026-05-29 11:13:36,1780042416,8016.0,36.6161026838,134.4439849458,145.4968723814,134.1710294493,123.6640530067
4010, 2026-05-29 11:13:38,1780042418,8018.0,36.6102683781,133.0394128199,144.7610061612,131.7503058980,122.6069264005
4011, 2026-05-29 11:13:40,1780042420,8020.0,36.6044340723,133.4709888570,143.2687127850,135.1791586937,121.9650950923
4012, 2026-05-29 11:13:42,1780042422,8022.0,36.5985997666,134.1841172319,147.6466803504,133.0241601697,121.8815111754
4013, 2026-05-29 11:13:44,1780042424,8024.0,36.5927654609,134.0063520698,145.3422345872,135.8652698636,120.8115517585
4014, 2026-05-29 11:13:46,1780042426,8026.0,36.5869311552,134.2603676073,148.1985706323,131.0311878440,123.5513443455
4015, 2026-05-29 11:13:48,1780042428,8028.0,36.5810968495,135.1073151139,145.9778255165,135.0375319648,124.3065878606
4016, 2026-05-29 11:13:50,1780042430,8030.0,36.5752625438,134.3796016827,147.1233523621,135.6621004636,120.3533522225
4017, 2026-05-29 11:13:52,1780042432,8032.0,36.5694282380,132.4011225213,143.9593291773,131.2686911707,121.9753472159
4018, 2026-05-29 11:13:54,1780042434,8034.0,36.5635939323,133.5193876459,146.4661391146,133.3931828843,120.6988409388
4019, 2026-05-29 11:13:56,1780042436,8036.0,36.5577596266,132.1286785143,146.1561920182,129.3384319012,120.8914116237
4020, 2026-05-29 11:13:58,1780042438,8038.0,36.5519253209,134.7326375526,144.5061788877,133.5321910836,126.1595426865
4021, 2026-05-29 11:14:00,1780042440,8040.0,36.5460910152,134.3100105644,144.5582566062,135.7631001466,122.6086749405
4022, 2026-05-29 11:14:02,1780042442,8042.0,36.5402567095,133.3138008961,147.1979176498,132.1475721852,120.5959128532
4023, 2026-05-29 11:14:04,1780042444,8044.0,36.5344224037,133.1591651429,145.1381996581,132.7542381289,121.5850576418
4024, 2026-05-29 11:14:06,1780042446,8046.0,36.5285880980,133.2042230657,143.9915567905,133.2755549118,122.3455574949
4025, 2026-05-29 11:14:08,1780042448,8048.0,36.5227537923,132.5863685511,143.3475535239,131.4222034244,122.9893487051
4026, 2026-05-29 11:14:10,1780042450,8050.0,36.5169194866,133.3650990662,144.7452722649,132.0509474299,123.2990775037
4027, 2026-05-29 11:14:12,1780042452,8052.0,36.5110851809,134.3029446733,147.2263216662,132.0122046828,123.6703076710
4028, 2026-05-29 11:14:14,1780042454,8054.0,36.5052508751,133.8190138170,146.0337297914,133.2992987779,122.1240128816
4029, 2026-05-29 11:14:16,1780042456,8056.0,36.4994165694,135.4855731861,146.1492586160,136.9552465720,123.3522143704
4030, 2026-05-29 11:14:18,1780042458,8058.0,36.4935822637,133.1012831304,145.4096758200,133.1025513696,120.7916222016
4031, 2026-05-29 11:14:20,1780042460,8060.0,36.4877479580,133.6053972145,144.4409868276,133.8469018465,122.5283029695
4032, 2026-05-29 11:14:22,1780042462,8062.0,36.4819136523,133.6073591543,145.5852786622,135.0111178957,120.2256809049
4033, 2026-05-29 11:14:24,1780042464,8064.0,36.4760793466,132.3828081318,143.4770089951,132.9311180004,120.7402973999
4034, 2026-05-29 11:14:26,1780042466,8066.0,36.4702450408,135.7084067490,148.1107619912,134.3804461394,124.6340121164
4035, 2026-05-29 11:14:28,1780042468,8068.0,36.4644107351,135.1158799497,145.6410370079,136.7517872528,122.9548155884
4036, 2026-05-29 11:14:30,1780042470,8070.0,36.4585764294,131.5063752937,143.2184313209,130.8915123580,120.4091822022
4037, 2026-05-29 11:14:32,1780042472,8072.0,36.4527421237,133.7148380436,145.2237435287,135.2129198240,120.7078507782
4038, 2026-05-29 11:14:34,1780042474,8074.0,36.4469078180,133.5737680376,145.5951016756,131.9877480813,123.1384543559
4039, 2026-05-29 11:14:36,1780042476,8076.0,36.4410735123,134.7619652741,148.3239535901,134.1886767717,121.7732654604
4040, 2026-05-29 11:14:38,1780042478,8078.0,36.4352392065,135.3122093907,146.0359334972,136.4243187837,123.4763758911
4041, 2026-05-29 11:14:40,1780042480,8080.0,36.4294049008,132.0503622205,142.8904148406,133.3604692271,119.9002025938
4042, 2026-05-29 11:14:42,1780042482,8082.0,36.4235705951,133.4119188652,144.1861499348,135.5666558517,120.4829508092
4043, 2026-05-29 11:14:44,1780042484,8084.0,36.4177362894,135.1830472013,146.8874951390,134.7112520084,123.9503944564
4044, 2026-05-29 11:14:46,1780042486,8086.0,36.4119019837,133.7472745763,146.0133657210,133.0051798820,122.2232781258
4045, 2026-05-29 11:14:48,1780042488,8088.0,36.4060676779,133.6005983144,144.2945240861,135.5021622739,121.0051085832
4046, 2026-05-29 11:14:50,1780042490,8090.0,36.4002333722,133.8154313799,144.3759313505,134.4795069847,122.5908558045
4047, 2026-05-29 11:14:52,1780042492,8092.0,36.3943990665,134.2766228344,144.9973857199,136.0526523441,121.7798304391
4048, 2026-05-29 11:14:54,1780042494,8094.0,36.3885647608,133.3761507830,144.9151319507,134.0151126876,121.1982077108
4049, 2026-05-29 11:14:56,1780042496,8096.0,36.3827304551,133.1812693595,143.8663566854,135.0461486555,120.6313027376
4050, 2026-05-29 11:14:58,1780042498,8098.0,36.3768961494,135.3175140849,146.8413708139,135.5989489339,123.5122225069
4051, 2026-05-29 11:15:00,1780042500,8100.0,36.3710618436,133.8573588039,145.7859397084,132.0909904798,123.6951462234
4052, 2026-05-29 11:15:02,1780042502,8102.0,36.3652275379,133.0117390922,144.1134412658,133.7198178895,121.2019581213
4053, 2026-05-29 11:15:04,1780042504,8104.0,36.3593932322,133.2703181086,145.3960902045,135.1110255149,119.3038386065
4054, 2026-05-29 11:15:06,1780042506,8106.0,36.3535589265,133.8571135482,144.0610614279,132.5094378942,125.0008413225
4055, 2026-05-29 11:15:08,1780042508,8108.0,36.3477246208,133.8662549018,145.8229874155,134.5454176500,121.2303596400
4056, 2026-05-29 11:15:10,1780042510,8110.0,36.3418903151,136.6074454485,150.1124685424,136.6021802864,123.1076875166
4057, 2026-05-29 11:15:12,1780042512,8112.0,36.3360560093,133.3457385311,144.9242516795,131.0742564984,124.0387074156
4058, 2026-05-29 11:15:14,1780042514,8114.0,36.3302217036,132.9129697245,144.9413270021,129.9611370682,123.8364451031
4059, 2026-05-29 11:15:16,1780042516,8116.0,36.3243873979,133.3068204731,145.4388700532,131.6295555463,122.8520358199
4060, 2026-05-29 11:15:18,1780042518,8118.0,36.3185530922,133.6349290666,147.0373436891,132.2749690367,121.5924744739
4061, 2026-05-29 11:15:20,1780042520,8120.0,36.3127187865,135.1434667220,146.6045956188,134.4701086227,124.3556959244
4062, 2026-05-29 11:15:22,1780042522,8122.0,36.3068844807,133.6318496356,144.7441682662,133.8281186911,122.3232619495
4063, 2026-05-29 11:15:24,1780042524,8124.0,36.3010501750,133.6775040382,144.7531808423,133.2743530631,123.0049782091
4064, 2026-05-29 11:15:26,1780042526,8126.0,36.2952158693,133.0027146471,147.3813168215,130.0591884813,121.5676386385
4065, 2026-05-29 11:15:28,1780042528,8128.0,36.2893815636,133.4901039996,142.4567522823,133.6584482292,124.3551114874
4066, 2026-05-29 11:15:30,1780042530,8130.0,36.2835472579,134.6044999297,146.7657329747,133.2781050456,123.7696617688
4067, 2026-05-29 11:15:32,1780042532,8132.0,36.2777129522,134.5962251476,149.7468440281,133.7419791894,120.2998522254
4068, 2026-05-29 11:15:34,1780042534,8134.0,36.2718786464,135.2193950453,148.6233472269,133.7515755969,123.2832623122
4069, 2026-05-29 11:15:36,1780042536,8136.0,36.2660443407,133.3865484458,143.3040727200,136.3891279631,120.4664446544
4070, 2026-05-29 11:15:38,1780042538,8138.0,36.2602100350,133.7247542425,145.3754811436,134.5357199940,121.2630615899
4071, 2026-05-29 11:15:40,1780042540,8140.0,36.2543757293,134.0015558083,146.4668386074,133.4672521102,122.0705767073
4072, 2026-05-29 11:15:42,1780042542,8142.0,36.2485414236,133.3406098175,144.3104552222,131.1254054485,124.5859687819
4073, 2026-05-29 11:15:44,1780042544,8144.0,36.2427071179,134.3530744471,145.2738003608,134.5258004865,123.2596224940
4074, 2026-05-29 11:15:46,1780042546,8146.0,36.2368728121,133.9459545463,144.9650759531,132.9836363481,123.8891513376
4075, 2026-05-29 11:15:48,1780042548,8148.0,36.2310385064,132.9629016757,144.5742228572,132.2564333797,122.0580487901
4076, 2026-05-29 11:15:50,1780042550,8150.0,36.2252042007,133.9478252918,143.2568795850,134.5244659778,124.0621303125
4077, 2026-05-29 11:15:52,1780042552,8152.0,36.2193698950,132.1258430743,143.1705231682,131.5627099017,121.6442961529
4078, 2026-05-29 11:15:54,1780042554,8154.0,36.2135355893,136.1274831019,147.1818989134,136.1517439741,125.0488064182
4079, 2026-05-29 11:15:56,1780042556,8156.0,36.2077012835,133.6226931614,144.0293326645,134.9860976785,121.8526491413
4080, 2026-05-29 11:15:58,1780042558,8158.0,36.2018669778,133.3251392661,144.6423515961,131.4775432154,123.8555229869
4081, 2026-05-29 11:16:00,1780042560,8160.0,36.1960326721,133.7709547635,146.4533269033,131.9428305230,122.9167068643
4082, 2026-05-29 11:16:02,1780042562,8162.0,36.1901983664,133.1089822265,143.4509060823,132.7309008816,123.1451397154
4083, 2026-05-29 11:16:04,1780042564,8164.0,36.1843640607,133.6168395355,144.5083702354,134.6412689957,121.7008793754
4084, 2026-05-29 11:16:06,1780042566,8166.0,36.1785297550,133.2909433586,143.9969068771,132.5960305073,123.2798926915
4085, 2026-05-29 11:16:08,1780042568,8168.0,36.1726954492,134.1087580483,146.0010835630,135.3371058267,120.9880847553
4086, 2026-05-29 11:16:10,1780042570,8170.0,36.1668611435,134.3732181985,146.5074807190,135.0952939140,121.5168799625
4087, 2026-05-29 11:16:12,1780042572,8172.0,36.1610268378,133.3611187278,145.9288143118,131.9293726799,122.2251691917
4088, 2026-05-29 11:16:14,1780042574,8174.0,36.1551925321,135.4368135254,145.9413520977,137.3656367228,123.0034517556
4089, 2026-05-29 11:16:16,1780042576,8176.0,36.1493582264,133.8679996267,144.4935544718,134.2303781832,122.8800662252
4090, 2026-05-29 11:16:18,1780042578,8178.0,36.1435239207,133.6306426497,144.0928653813,133.1842285490,123.6148340186
4091, 2026-05-29 11:16:20,1780042580,8180.0,36.1376896149,133.4905013012,146.8408230160,130.1412871823,123.4893937054
4092, 2026-05-29 11:16:22,1780042582,8182.0,36.1318553092,134.1520352264,144.1528102483,134.5936040957,123.7096913352
4093, 2026-05-29 11:16:24,1780042584,8184.0,36.1260210035,134.2201599443,148.3571749303,132.2843706954,122.0189342072
4094, 2026-05-29 11:16:26,1780042586,8186.0,36.1201866978,136.2199199850,146.1482895815,135.9081685187,126.6033018548
4095, 2026-05-29 11:16:28,1780042588,8188.0,36.1143523921,133.4673009552,145.2571956674,134.9064956868,120.2382115115
4096, 2026-05-29 11:16:30,1780042590,8190.0,36.1085180863,134.4819397144,145.8354194897,133.9705738686,123.6398257850
4097, 2026-05-29 11:16:32,1780042592,8192.0,36.1026837806,133.8695541289,144.8886224985,133.6385059787,123.0815339096
4098, 2026-05-29 11:16:34,1780042594,8194.0,36.0968494749,135.4066785677,146.9243643846,134.5136058109,124.7820655077
4099, 2026-05-29 11:16:36,1780042596,8196.0,36.0910151692,135.4087862075,143.3547625543,136.9978077557,125.8737883124
4100, 2026-05-29 11:16:38,1780042598,8198.0,36.0851808635,134.2803686235,147.0855389677,134.0691927232,121.6863741795
4101, 2026-05-29 11:16:40,1780042600,8200.0,36.0793465578,135.2730243082,148.4731819245,137.0644378403,120.2814531599
4102, 2026-05-29 11:16:42,1780042602,8202.0,36.0735122520,136.5293497072,148.2089942634,135.9784242725,125.4006305858
4103, 2026-05-29 11:16:44,1780042604,8204.0,36.0676779463,132.2787348733,143.2462344595,130.6714330090,122.9185371513
4104, 2026-05-29 11:16:46,1780042606,8206.0,36.0618436406,132.8694457261,144.7417831267,133.2486084125,120.6179456392
4105, 2026-05-29 11:16:48,1780042608,8208.0,36.0560093349,134.8466224011,148.2873923952,133.4477042922,122.8047705159
4106, 2026-05-29 11:16:50,1780042610,8210.0,36.0501750292,132.2400916588,143.1344717327,132.8749286821,120.7108745618
4107, 2026-05-29 11:16:52,1780042612,8212.0,36.0443407235,133.6591964285,143.2836853225,134.8719059004,122.8219980628
4108, 2026-05-29 11:16:54,1780042614,8214.0,36.0385064177,134.4445586205,145.4405589246,135.5752062885,122.3179106483
4109, 2026-05-29 11:16:56,1780042616,8216.0,36.0326721120,132.6003214101,143.0769556889,132.5280063284,122.1960022131
4110, 2026-05-29 11:16:58,1780042618,8218.0,36.0268378063,134.8333068876,145.6607062821,134.0387674122,124.8004469686
4111, 2026-05-29 11:17:00,1780042620,8220.0,36.0210035006,133.5422876455,144.9984438609,135.0523869473,120.5760321282
4112, 2026-05-29 11:17:02,1780042622,8222.0,36.0151691949,135.2848470221,143.7561337908,137.2039701157,124.8944371599
4113, 2026-05-29 11:17:04,1780042624,8224.0,36.0093348891,134.6292301016,148.4559891952,134.8460907282,120.5856103813
4114, 2026-05-29 11:17:06,1780042626,8226.0,36.0035005834,134.0630092692,145.9703140790,133.6399689120,122.5787448167
4115, 2026-05-29 11:17:08,1780042628,8228.0,35.9976662777,134.3256101641,146.8787847956,132.9558480409,123.1421976557
4116, 2026-05-29 11:17:10,1780042630,8230.0,35.9918319720,132.4335683401,143.6343385091,132.3681084441,121.2982580671
4117, 2026-05-29 11:17:12,1780042632,8232.0,35.9859976663,134.1665960965,144.7658539858,131.1847364946,126.5491978091
4118, 2026-05-29 11:17:14,1780042634,8234.0,35.9801633606,134.9468377000,147.2315418552,136.1495251009,121.4594461439
4119, 2026-05-29 11:17:16,1780042636,8236.0,35.9743290548,133.5829611441,147.2223383546,131.5593726793,121.9671723984
4120, 2026-05-29 11:17:18,1780042638,8238.0,35.9684947491,132.0884988188,142.2655700979,132.8947992100,121.1051271486
4121, 2026-05-29 11:17:20,1780042640,8240.0,35.9626604434,133.5408994557,146.8701214918,132.5036958288,121.2488810464
4122, 2026-05-29 11:17:22,1780042642,8242.0,35.9568261377,135.1624674012,145.5681073576,135.8973011596,124.0219936864
4123, 2026-05-29 11:17:24,1780042644,8244.0,35.9509918320,133.9473210887,145.9072638961,134.2297217300,121.7049776398
4124, 2026-05-29 11:17:26,1780042646,8246.0,35.9451575263,135.4917270185,144.2019004755,139.0198564722,123.2534241077
4125, 2026-05-29 11:17:28,1780042648,8248.0,35.9393232205,134.5314849126,146.5524310459,133.7815747344,123.2604489576
4126, 2026-05-29 11:17:30,1780042650,8250.0,35.9334889148,135.4429863950,145.3650573819,136.4670242429,124.4968775604
4127, 2026-05-29 11:17:32,1780042652,8252.0,35.9276546091,133.8360612822,146.7479133161,130.9223236598,123.8379468706
4128, 2026-05-29 11:17:34,1780042654,8254.0,35.9218203034,134.1664378465,146.4965129312,132.5124496342,123.4903509741
4129, 2026-05-29 11:17:36,1780042656,8256.0,35.9159859977,134.6122703177,145.6468647111,135.1093804291,123.0805658129
4130, 2026-05-29 11:17:38,1780042658,8258.0,35.9101516919,134.8329822254,146.9442061699,135.0239724061,122.5307681002
4131, 2026-05-29 11:17:40,1780042660,8260.0,35.9043173862,134.8585126680,147.6294578479,135.8444502568,121.1016298992
4132, 2026-05-29 11:17:42,1780042662,8262.0,35.8984830805,134.2940782879,145.5575899234,135.2806081292,122.0440368112
4133, 2026-05-29 11:17:44,1780042664,8264.0,35.8926487748,135.5691911966,148.2472026676,131.9398367706,126.5205341515
4134, 2026-05-29 11:17:46,1780042666,8266.0,35.8868144691,135.5321956879,147.5337414868,135.3843173230,123.6785282540
4135, 2026-05-29 11:17:48,1780042668,8268.0,35.8809801634,133.1627132491,144.2518500581,133.4417526331,121.7945370561
4136, 2026-05-29 11:17:50,1780042670,8270.0,35.8751458576,135.1478645451,144.0919670030,135.0823176302,126.2693090019
4137, 2026-05-29 11:17:52,1780042672,8272.0,35.8693115519,135.0604837283,144.3408225030,135.1626338860,125.6779947959
4138, 2026-05-29 11:17:54,1780042674,8274.0,35.8634772462,132.2012316305,143.3560570530,131.2359969809,122.0116408576
4139, 2026-05-29 11:17:56,1780042676,8276.0,35.8576429405,135.9407101436,148.5646355913,134.8083630940,124.4491317454
4140, 2026-05-29 11:17:58,1780042678,8278.0,35.8518086348,133.8171847933,145.9278935813,133.1982378085,122.3254229901
4141, 2026-05-29 11:18:00,1780042680,8280.0,35.8459743291,135.8494069324,145.7986133850,138.6158389775,123.1337684348
4142, 2026-05-29 11:18:02,1780042682,8282.0,35.8401400233,135.2742900005,145.5396707727,135.6969494040,124.5862498248
4143, 2026-05-29 11:18:04,1780042684,8284.0,35.8343057176,133.0198390507,142.5296149972,132.9409015672,123.5890005877
4144, 2026-05-29 11:18:06,1780042686,8286.0,35.8284714119,134.3824377753,144.1567273095,137.1742702702,121.8163157463
4145, 2026-05-29 11:18:08,1780042688,8288.0,35.8226371062,135.3220016176,147.5475374296,134.6409744760,123.7774929473
4146, 2026-05-29 11:18:10,1780042690,8290.0,35.8168028005,134.8430402182,145.1197032511,134.6189634897,124.7904539137
4147, 2026-05-29 11:18:12,1780042692,8292.0,35.8109684947,134.4612126868,144.2524405661,136.2171810726,122.9140164216
4148, 2026-05-29 11:18:14,1780042694,8294.0,35.8051341890,133.5918576226,143.6834291794,134.4529422282,122.6392014601
4149, 2026-05-29 11:18:16,1780042696,8296.0,35.7992998833,133.8478205211,144.2164387304,135.8904484349,121.4365743981
4150, 2026-05-29 11:18:18,1780042698,8298.0,35.7934655776,134.2185260277,145.0178234965,135.2021903622,122.4355642245
4151, 2026-05-29 11:18:20,1780042700,8300.0,35.7876312719,133.8530642698,145.2032816328,134.3025260829,122.0533850938
4152, 2026-05-29 11:18:22,1780042702,8302.0,35.7817969662,134.3545926408,149.0010638490,131.4080654210,122.6546486523
4153, 2026-05-29 11:18:24,1780042704,8304.0,35.7759626604,133.8250519710,143.8697205887,134.6288100295,122.9766252947
4154, 2026-05-29 11:18:26,1780042706,8306.0,35.7701283547,132.7038392479,142.2923392659,132.2537006065,123.5654778714
4155, 2026-05-29 11:18:28,1780042708,8308.0,35.7642940490,135.9704273827,146.8783733024,136.4670157980,124.5658930479
4156, 2026-05-29 11:18:30,1780042710,8310.0,35.7584597433,135.1694730695,145.4798208305,135.1500151514,124.8785832266
4157, 2026-05-29 11:18:32,1780042712,8312.0,35.7526254376,133.5784279501,144.7148482100,133.1971732082,122.8232624320
4158, 2026-05-29 11:18:34,1780042714,8314.0,35.7467911319,133.3482220035,144.1827731534,133.9357671154,121.9261257415
4159, 2026-05-29 11:18:36,1780042716,8316.0,35.7409568261,135.3630222826,149.0241029323,135.2348041786,121.8301597370
4160, 2026-05-29 11:18:38,1780042718,8318.0,35.7351225204,133.8196187441,145.3131517526,134.0169642765,122.1287402032
4161, 2026-05-29 11:18:40,1780042720,8320.0,35.7292882147,135.0270179390,145.8224362750,134.5999284783,124.6586890635
4162, 2026-05-29 11:18:42,1780042722,8322.0,35.7234539090,134.9765225860,147.0002274855,133.3072801839,124.6220600884
4163, 2026-05-29 11:18:44,1780042724,8324.0,35.7176196033,136.0365846421,146.1175365513,135.3747989570,126.6174184179
4164, 2026-05-29 11:18:46,1780042726,8326.0,35.7117852975,134.7850395119,146.2098286969,134.1101989351,124.0350909037
4165, 2026-05-29 11:18:48,1780042728,8328.0,35.7059509918,133.4036647744,143.2548388106,132.2726923666,124.6834631460
4166, 2026-05-29 11:18:50,1780042730,8330.0,35.7001166861,134.3944926761,143.9837158343,136.2803633339,122.9193988600
4167, 2026-05-29 11:18:52,1780042732,8332.0,35.6942823804,134.5618347537,144.4774296816,135.5560045299,123.6520700494
4168, 2026-05-29 11:18:54,1780042734,8334.0,35.6884480747,134.3748773441,146.7593284105,134.6898251956,121.6754784264
4169, 2026-05-29 11:18:56,1780042736,8336.0,35.6826137690,134.6034989870,146.9159278760,134.4531361244,122.4414329606
4170, 2026-05-29 11:18:58,1780042738,8338.0,35.6767794632,134.3833478170,146.6028776545,135.8202029082,120.7269628883
4171, 2026-05-29 11:19:00,1780042740,8340.0,35.6709451575,132.1212769123,144.1855357035,133.0015626821,119.1767323512
4172, 2026-05-29 11:19:02,1780042742,8342.0,35.6651108518,134.8819051306,146.5912307162,133.1464697681,124.9080149076
4173, 2026-05-29 11:19:04,1780042744,8344.0,35.6592765461,134.6197604769,146.1623711570,133.0739564311,124.6229538426
4174, 2026-05-29 11:19:06,1780042746,8346.0,35.6534422404,134.5943436099,143.7764579451,134.9991523611,125.0074205236
4175, 2026-05-29 11:19:08,1780042748,8348.0,35.6476079347,135.4997716432,145.8649534163,137.2343177986,123.4000437147
4176, 2026-05-29 11:19:10,1780042750,8350.0,35.6417736289,134.6554021478,146.7071479886,132.3846749551,124.8743834996
4177, 2026-05-29 11:19:12,1780042752,8352.0,35.6359393232,134.6260685105,148.3297057606,134.0065192861,121.5419804850
4178, 2026-05-29 11:19:14,1780042754,8354.0,35.6301050175,134.6616845492,142.7787305525,137.3712605857,123.8350625095
4179, 2026-05-29 11:19:16,1780042756,8356.0,35.6242707118,133.9255942138,145.2130244479,133.2115252446,123.3522329490
4180, 2026-05-29 11:19:18,1780042758,8358.0,35.6184364061,134.3111812888,145.0312631250,133.1765925600,124.7256881813
4181, 2026-05-29 11:19:20,1780042760,8360.0,35.6126021004,136.1044232186,148.0338483843,135.5881441844,124.6912770870
4182, 2026-05-29 11:19:22,1780042762,8362.0,35.6067677946,135.1498947385,145.7791343290,134.6995518330,124.9709980534
4183, 2026-05-29 11:19:24,1780042764,8364.0,35.6009334889,133.0549102762,143.8093354713,132.7809458744,122.5744494830
4184, 2026-05-29 11:19:26,1780042766,8366.0,35.5950991832,135.0776177516,147.3510036450,134.7914746222,123.0903749876
4185, 2026-05-29 11:19:28,1780042768,8368.0,35.5892648775,133.4217108964,143.9810709472,133.5957867434,122.6882749986
4186, 2026-05-29 11:19:30,1780042770,8370.0,35.5834305718,135.3733095182,145.8214141461,135.6593583772,124.6391560313
4187, 2026-05-29 11:19:32,1780042772,8372.0,35.5775962660,134.3543760461,146.4641984417,134.1057725225,122.4931571743
4188, 2026-05-29 11:19:34,1780042774,8374.0,35.5717619603,135.6493619921,146.9943526615,135.1845506233,124.7691826915
4189, 2026-05-29 11:19:36,1780042776,8376.0,35.5659276546,133.1629830537,145.0301846813,134.5555865682,119.9031779116
4190, 2026-05-29 11:19:38,1780042778,8378.0,35.5600933489,134.0788998285,143.4367609324,135.8266036008,122.9733349522
4191, 2026-05-29 11:19:40,1780042780,8380.0,35.5542590432,134.2857649639,146.7282975847,133.0762758527,123.0527214544
4192, 2026-05-29 11:19:42,1780042782,8382.0,35.5484247375,135.6483021712,146.9449492586,134.0408458385,125.9591114164
4193, 2026-05-29 11:19:44,1780042784,8384.0,35.5425904317,135.0861944252,146.6377109632,134.7057009635,123.9151713489
4194, 2026-05-29 11:19:46,1780042786,8386.0,35.5367561260,135.7989217312,147.1820451671,134.4201464404,125.7945735860
4195, 2026-05-29 11:19:48,1780042788,8388.0,35.5309218203,135.3830455064,149.4924476154,135.2870565687,121.3696323351
4196, 2026-05-29 11:19:50,1780042790,8390.0,35.5250875146,134.5651912180,145.0394481174,134.7719440363,123.8841815003
4197, 2026-05-29 11:19:52,1780042792,8392.0,35.5192532089,135.1494837506,146.5280469620,134.9524505295,123.9679537601
4198, 2026-05-29 11:19:54,1780042794,8394.0,35.5134189032,133.9378405207,145.2287113628,135.4295621788,121.1552480205
4199, 2026-05-29 11:19:56,1780042796,8396.0,35.5075845974,133.0413191206,146.6773598267,132.9326499865,119.5139475486
4200, 2026-05-29 11:19:58,1780042798,8398.0,35.5017502917,132.4033519329,143.6946300009,133.6073636318,119.9080621659
4201, 2026-05-29 11:20:00,1780042800,8400.0,35.4959159860,134.3529321926,146.8197353222,133.2148664597,123.0241947960
4202, 2026-05-29 11:20:02,1780042802,8402.0,35.4900816803,133.5410136631,145.0558069786,134.4130534481,121.1541805625
4203, 2026-05-29 11:20:04,1780042804,8404.0,35.4842473746,134.3529491925,145.5217595467,133.3442839028,124.1928041279
4204, 2026-05-29 11:20:06,1780042806,8406.0,35.4784130688,133.9523935229,144.2836270844,134.8567628272,122.7167906573
4205, 2026-05-29 11:20:08,1780042808,8408.0,35.4725787631,132.6457041829,144.9451349049,131.7538727190,121.2381049247
4206, 2026-05-29 11:20:10,1780042810,8410.0,35.4667444574,132.7992977670,144.5211670385,132.9941145347,120.8826117278
4207, 2026-05-29 11:20:12,1780042812,8412.0,35.4609101517,135.3880501821,146.6670257998,135.9262469714,123.5708777751
4208, 2026-05-29 11:20:14,1780042814,8414.0,35.4550758460,136.0153133648,146.5226558644,136.5121777080,125.0111065218
4209, 2026-05-29 11:20:16,1780042816,8416.0,35.4492415403,135.2529551295,146.2569377951,135.4126921490,124.0892354443
4210, 2026-05-29 11:20:18,1780042818,8418.0,35.4434072345,134.4888128730,145.8193205027,134.0603353796,123.5867827369
4211, 2026-05-29 11:20:20,1780042820,8420.0,35.4375729288,133.4387243666,145.2863590833,133.6130321680,121.4167818486
4212, 2026-05-29 11:20:22,1780042822,8422.0,35.4317386231,134.8818101929,146.8161732659,133.8780216390,123.9512356737
4213, 2026-05-29 11:20:24,1780042824,8424.0,35.4259043174,133.9770192625,148.0854344868,132.7142900266,121.1313332740
4214, 2026-05-29 11:20:26,1780042826,8426.0,35.4200700117,133.5655221290,144.5890605904,132.8327456711,123.2747601256
4215, 2026-05-29 11:20:28,1780042828,8428.0,35.4142357060,135.2734445588,148.1775622633,135.8691149456,121.7736564674
4216, 2026-05-29 11:20:30,1780042830,8430.0,35.4084014002,133.2326561331,146.3153420789,133.6858388914,119.6967874290
4217, 2026-05-29 11:20:32,1780042832,8432.0,35.4025670945,134.1500535629,148.1345764964,132.2196193751,122.0959648172
4218, 2026-05-29 11:20:34,1780042834,8434.0,35.3967327888,135.9493261800,146.7662818843,136.2610274362,124.8206692196
4219, 2026-05-29 11:20:36,1780042836,8436.0,35.3908984831,134.8366848890,145.4578012510,135.9037480947,123.1485053213
4220, 2026-05-29 11:20:38,1780042838,8438.0,35.3850641774,134.5738124747,147.8270308269,134.7422987584,121.1521078390
4221, 2026-05-29 11:20:40,1780042840,8440.0,35.3792298716,134.4729447011,147.6373928774,133.0646973444,122.7167438815
4222, 2026-05-29 11:20:42,1780042842,8442.0,35.3733955659,133.3979432766,145.3442466651,132.7732089629,122.0763742019
4223, 2026-05-29 11:20:44,1780042844,8444.0,35.3675612602,133.7746031686,144.1432335751,135.1416936740,122.0388822567
4224, 2026-05-29 11:20:46,1780042846,8446.0,35.3617269545,132.8519614395,142.7411400838,134.7696008995,121.0451433352
4225, 2026-05-29 11:20:48,1780042848,8448.0,35.3558926488,136.0387820780,147.0580405250,134.9013477277,126.1569579814
4226, 2026-05-29 11:20:50,1780042850,8450.0,35.3500583431,136.8256277910,148.0243457340,137.2642884405,125.1882491984
4227, 2026-05-29 11:20:52,1780042852,8452.0,35.3442240373,135.5143570605,147.0489131192,136.2119794454,123.2821786170
4228, 2026-05-29 11:20:54,1780042854,8454.0,35.3383897316,134.8864205796,146.7759466169,134.3870429189,123.4962722029
4229, 2026-05-29 11:20:56,1780042856,8456.0,35.3325554259,134.9712847437,147.2911916745,135.0966883016,122.5259742550
4230, 2026-05-29 11:20:58,1780042858,8458.0,35.3267211202,134.2341664624,145.6286490687,135.6656613775,121.4081889409
4231, 2026-05-29 11:21:00,1780042860,8460.0,35.3208868145,134.7183349310,146.7656115081,133.6620429649,123.7273503201
4232, 2026-05-29 11:21:02,1780042862,8462.0,35.3150525088,134.1357780936,145.1244727775,134.6003831714,122.6824783319
4233, 2026-05-29 11:21:04,1780042864,8464.0,35.3092182030,135.5314265011,145.6560404943,135.6343568650,125.3038821440
4234, 2026-05-29 11:21:06,1780042866,8466.0,35.3033838973,132.6572961208,145.5116649856,129.2302338213,123.2299895555
4235, 2026-05-29 11:21:08,1780042868,8468.0,35.2975495916,133.2328313888,144.8405531832,132.5250037149,122.3329372682
4236, 2026-05-29 11:21:10,1780042870,8470.0,35.2917152859,134.9770595032,146.6089279115,134.0713264761,124.2509241221
4237, 2026-05-29 11:21:12,1780042872,8472.0,35.2858809802,135.8123863159,149.2372624944,135.0820351286,123.1178613246
4238, 2026-05-29 11:21:14,1780042874,8474.0,35.2800466744,134.3858284199,143.1616376527,136.2006725983,123.7951750088
4239, 2026-05-29 11:21:16,1780042876,8476.0,35.2742123687,135.6103658071,145.0203013653,135.9014793261,125.9093167299
4240, 2026-05-29 11:21:18,1780042878,8478.0,35.2683780630,135.2428871358,145.4012141594,136.0867866743,124.2406605738
4241, 2026-05-29 11:21:20,1780042880,8480.0,35.2625437573,135.6539546982,144.6652981095,138.0563941076,124.2401718773
4242, 2026-05-29 11:21:22,1780042882,8482.0,35.2567094516,135.9035465262,147.7225904113,137.5697123494,122.4183368179
4243, 2026-05-29 11:21:24,1780042884,8484.0,35.2508751459,134.2663981362,145.6890002474,134.6777059728,122.4324881883
4244, 2026-05-29 11:21:26,1780042886,8486.0,35.2450408401,134.5265763411,146.3203089139,133.5385057509,123.7209143584
4245, 2026-05-29 11:21:28,1780042888,8488.0,35.2392065344,136.4138730922,147.7623575196,136.5023161353,124.9769456217
4246, 2026-05-29 11:21:30,1780042890,8490.0,35.2333722287,134.4179000711,143.3460807243,133.2982641041,126.6093553849
4247, 2026-05-29 11:21:32,1780042892,8492.0,35.2275379230,133.9036854285,144.5029209512,133.9592173591,123.2489179751
4248, 2026-05-29 11:21:34,1780042894,8494.0,35.2217036173,134.8483351352,144.0032493695,134.8987755908,125.6429804454
4249, 2026-05-29 11:21:36,1780042896,8496.0,35.2158693116,135.4873615124,146.9166145673,135.1339845560,124.4114854140
4250, 2026-05-29 11:21:38,1780042898,8498.0,35.2100350058,136.0594783023,145.6776011898,137.1823657799,125.3184679372
4251, 2026-05-29 11:21:40,1780042900,8500.0,35.2042007001,133.1338634052,144.0221228505,132.4994207962,122.8800465689
4252, 2026-05-29 11:21:42,1780042902,8502.0,35.1983663944,135.1836329530,145.4344333879,135.9696628361,124.1468026350
4253, 2026-05-29 11:21:44,1780042904,8504.0,35.1925320887,134.0529423773,147.8149846240,133.4469896498,120.8968528582
4254, 2026-05-29 11:21:46,1780042906,8506.0,35.1866977830,134.3683419009,146.7190558621,133.3924029114,122.9935669290
4255, 2026-05-29 11:21:48,1780042908,8508.0,35.1808634772,133.0898358565,143.5039959990,134.0499064307,121.7156051399
4256, 2026-05-29 11:21:50,1780042910,8510.0,35.1750291715,134.8664835993,147.1154682001,132.4548427767,125.0291398213
4257, 2026-05-29 11:21:52,1780042912,8512.0,35.1691948658,135.0491575760,145.7693231415,134.5248404857,124.8533091008
4258, 2026-05-29 11:21:54,1780042914,8514.0,35.1633605601,134.8392222132,146.8334906462,134.5128895553,123.1712864382
4259, 2026-05-29 11:21:56,1780042916,8516.0,35.1575262544,134.4640558606,145.8220374673,134.2974536247,123.2726764897
4260, 2026-05-29 11:21:58,1780042918,8518.0,35.1516919487,134.4558154181,145.0985270806,136.0174714555,122.2514477181
4261, 2026-05-29 11:22:00,1780042920,8520.0,35.1458576429,134.9377916664,145.0020192708,136.8405089870,122.9708467414
4262, 2026-05-29 11:22:02,1780042922,8522.0,35.1400233372,135.0367299818,146.0683155006,135.8171393854,123.2247350595
4263, 2026-05-29 11:22:04,1780042924,8524.0,35.1341890315,135.3979277519,148.3340236867,137.0928250085,120.7669345605
4264, 2026-05-29 11:22:06,1780042926,8526.0,35.1283547258,134.6303749226,146.7540899743,134.8145433587,122.3224914347
4265, 2026-05-29 11:22:08,1780042928,8528.0,35.1225204201,134.0934440204,145.3866521254,134.9889197095,121.9047602264
4266, 2026-05-29 11:22:10,1780042930,8530.0,35.1166861144,133.7398172012,145.6551031449,133.5484053183,122.0159431404
4267, 2026-05-29 11:22:12,1780042932,8532.0,35.1108518086,134.9166105639,145.2171913296,136.4606153929,123.0720249691
4268, 2026-05-29 11:22:14,1780042934,8534.0,35.1050175029,135.9466045487,148.9622454736,134.7419735483,124.1355946242
4269, 2026-05-29 11:22:16,1780042936,8536.0,35.0991831972,134.5986190245,147.4888508899,133.9431435937,122.3638625901
4270, 2026-05-29 11:22:18,1780042938,8538.0,35.0933488915,134.1914383167,146.4427613276,135.0934784282,121.0380751943
4271, 2026-05-29 11:22:20,1780042940,8540.0,35.0875145858,135.4764902591,147.6736379683,134.2111021342,124.5447306746
4272, 2026-05-29 11:22:22,1780042942,8542.0,35.0816802800,135.8054202045,148.2067144564,134.9902328153,124.2193133417
4273, 2026-05-29 11:22:24,1780042944,8544.0,35.0758459743,135.3092813163,147.2962106035,135.5853003697,123.0463329757
4274, 2026-05-29 11:22:26,1780042946,8546.0,35.0700116686,135.1881085304,145.1431509913,136.0002959183,124.4208786816
4275, 2026-05-29 11:22:28,1780042948,8548.0,35.0641773629,136.6863965198,146.1996723373,137.0182407635,126.8412764584
4276, 2026-05-29 11:22:30,1780042950,8550.0,35.0583430572,135.7726988750,148.3962406752,132.9816509489,125.9402050010
4277, 2026-05-29 11:22:32,1780042952,8552.0,35.0525087515,134.3374383701,146.3881680033,133.8468174198,122.7773296873
4278, 2026-05-29 11:22:34,1780042954,8554.0,35.0466744457,132.4062804470,145.2283837660,132.4314525729,119.5590050020
4279, 2026-05-29 11:22:36,1780042956,8556.0,35.0408401400,134.4732050162,144.7531382577,135.9040101922,122.7624665985
4280, 2026-05-29 11:22:38,1780042958,8558.0,35.0350058343,135.1080199139,147.2285477793,134.4319657903,123.6635461720
4281, 2026-05-29 11:22:40,1780042960,8560.0,35.0291715286,135.1832708234,148.7426681666,134.8280988866,121.9790454170
4282, 2026-05-29 11:22:42,1780042962,8562.0,35.0233372229,133.8223106631,142.5285232230,134.4015782837,124.5368304825
4283, 2026-05-29 11:22:44,1780042964,8564.0,35.0175029172,136.2513366577,147.9778114700,137.4537429616,123.3224555414
4284, 2026-05-29 11:22:46,1780042966,8566.0,35.0116686114,134.7660481478,146.4565306629,133.2192313396,124.6223824407
4285, 2026-05-29 11:22:48,1780042968,8568.0,35.0058343057,135.5629938616,147.1579463462,137.6957913827,121.8352438559
4286, 2026-05-29 11:22:50,1780042970,8570.0,35.0000000000,134.9149186862,145.5794544829,135.4017159623,123.7635856134
4287, 2026-05-29 11:22:52,1780042972,8572.0,34.9941656943,135.8577131316,148.6208649302,135.2207255834,123.7315488812
4288, 2026-05-29 11:22:54,1780042974,8574.0,34.9883313886,133.7015928662,146.7388992066,132.6021357773,121.7637436148
4289, 2026-05-29 11:22:56,1780042976,8576.0,34.9824970828,134.7909192675,145.0994348468,133.0423407907,126.2309821649
4290, 2026-05-29 11:22:58,1780042978,8578.0,34.9766627771,134.4377692369,148.6263580983,133.0530593399,121.6338902724
4291, 2026-05-29 11:23:00,1780042980,8580.0,34.9708284714,136.6971802231,149.9477926471,135.2334145676,124.9103334547
4292, 2026-05-29 11:23:02,1780042982,8582.0,34.9649941657,135.0821152863,145.5526826203,134.5344766490,125.1591865896
4293, 2026-05-29 11:23:04,1780042984,8584.0,34.9591598600,135.4264725747,147.1314795392,136.6625741737,122.4853640113
4294, 2026-05-29 11:23:06,1780042986,8586.0,34.9533255543,136.0465789274,149.0887553007,135.6764852629,123.3744962185
4295, 2026-05-29 11:23:08,1780042988,8588.0,34.9474912485,136.0868740291,148.5287127049,135.9951851975,123.7367241849
4296, 2026-05-29 11:23:10,1780042990,8590.0,34.9416569428,135.3689994342,147.8368931567,135.2188048995,123.0513002464
4297, 2026-05-29 11:23:12,1780042992,8592.0,34.9358226371,135.2010112498,148.7317729742,134.1294301114,122.7418306638
4298, 2026-05-29 11:23:14,1780042994,8594.0,34.9299883314,134.6110409410,147.0646744323,136.5494959857,120.2189524049
4299, 2026-05-29 11:23:16,1780042996,8596.0,34.9241540257,136.5219186407,148.5280691909,135.3084637127,125.7292230185
4300, 2026-05-29 11:23:18,1780042998,8598.0,34.9183197200,134.5976430237,144.2552588251,136.5046153501,123.0330548959
4301, 2026-05-29 11:23:20,1780043000,8600.0,34.9124854142,134.1697625356,145.2933547629,134.1690583096,123.0468745344
4302, 2026-05-29 11:23:22,1780043002,8602.0,34.9066511085,134.3604432111,147.3912915096,133.2929676827,122.3970704411
4303, 2026-05-29 11:23:24,1780043004,8604.0,34.9008168028,133.9691025186,144.6852201677,132.4616579811,124.7604294069
4304, 2026-05-29 11:23:26,1780043006,8606.0,34.8949824971,135.6312562779,147.7638661476,133.9869655440,125.1429371420
4305, 2026-05-29 11:23:28,1780043008,8608.0,34.8891481914,134.3010353689,144.9022166443,135.2203545939,122.7805348686
4306, 2026-05-29 11:23:30,1780043010,8610.0,34.8833138856,134.0730614594,144.8286024897,135.9184543847,121.4721275038
4307, 2026-05-29 11:23:32,1780043012,8612.0,34.8774795799,134.7455555203,149.4335605312,132.7586530007,122.0444530288
4308, 2026-05-29 11:23:34,1780043014,8614.0,34.8716452742,133.8104652465,145.0196928871,130.5764538331,125.8352490193
4309, 2026-05-29 11:23:36,1780043016,8616.0,34.8658109685,135.0184531480,147.1759913403,133.7430561805,124.1363119232
4310, 2026-05-29 11:23:38,1780043018,8618.0,34.8599766628,134.6039067769,145.8109665040,134.4893866511,123.5113671754
4311, 2026-05-29 11:23:40,1780043020,8620.0,34.8541423571,134.7722884041,147.5448925982,134.8099191235,121.9620534907
4312, 2026-05-29 11:23:42,1780043022,8622.0,34.8483080513,132.4851040125,145.3582304670,132.6627321432,119.4343494274
4313, 2026-05-29 11:23:44,1780043024,8624.0,34.8424737456,134.4632014153,147.2861848034,133.3999358698,122.7034835727
4314, 2026-05-29 11:23:46,1780043026,8626.0,34.8366394399,135.4926697900,146.6926287128,135.4786856871,124.3066949700
4315, 2026-05-29 11:23:48,1780043028,8628.0,34.8308051342,134.0760322588,145.1491444452,134.7878447008,122.2911076304
4316, 2026-05-29 11:23:50,1780043030,8630.0,34.8249708285,134.5567730760,146.2718613358,134.7906518268,122.6078060654
4317, 2026-05-29 11:23:52,1780043032,8632.0,34.8191365228,134.4588925812,144.9724407370,134.6652860555,123.7389509511
4318, 2026-05-29 11:23:54,1780043034,8634.0,34.8133022170,134.1215522244,145.6231102098,132.6799647128,124.0615817504
4319, 2026-05-29 11:23:56,1780043036,8636.0,34.8074679113,135.9048414370,148.4346858890,136.5219405859,122.7578978361
4320, 2026-05-29 11:23:58,1780043038,8638.0,34.8016336056,134.8244016839,146.1670024816,136.1991825301,122.1070200399
4321, 2026-05-29 11:24:00,1780043040,8640.0,34.7957992999,136.5422845899,149.9508232581,134.9782638549,124.6977666567
4322, 2026-05-29 11:24:02,1780043042,8642.0,34.7899649942,135.6745530862,148.2712727024,134.4759540183,124.2764325381
4323, 2026-05-29 11:24:04,1780043044,8644.0,34.7841306884,135.6928671217,147.1951678152,134.2882896065,125.5951439434
4324, 2026-05-29 11:24:06,1780043046,8646.0,34.7782963827,134.8230706601,145.7003202248,134.0569306385,124.7119611171
4325, 2026-05-29 11:24:08,1780043048,8648.0,34.7724620770,134.7580923041,145.4953586729,134.8746205736,123.9042976658
4326, 2026-05-29 11:24:10,1780043050,8650.0,34.7666277713,134.6520465468,147.8420818631,132.5361666042,123.5778911732
4327, 2026-05-29 11:24:12,1780043052,8652.0,34.7607934656,136.0137642826,146.2495951370,137.2462923501,124.5454053608
4328, 2026-05-29 11:24:14,1780043054,8654.0,34.7549591599,135.1456934279,146.5350715955,136.8405146178,122.0614940705
4329, 2026-05-29 11:24:16,1780043056,8656.0,34.7491248541,136.4072997426,149.3813779036,136.2311789686,123.6093423555
4330, 2026-05-29 11:24:18,1780043058,8658.0,34.7432905484,135.8098964276,147.6635302978,136.4563487645,123.3098102205
4331, 2026-05-29 11:24:20,1780043060,8660.0,34.7374562427,134.3767261189,147.6193371828,133.2350406007,122.2758005731
4332, 2026-05-29 11:24:22,1780043062,8662.0,34.7316219370,135.5574524630,145.9616161529,134.1593221476,126.5514190886
4333, 2026-05-29 11:24:24,1780043064,8664.0,34.7257876313,135.8205275128,148.0053365504,136.7699062901,122.6863396979
4334, 2026-05-29 11:24:26,1780043066,8666.0,34.7199533256,133.4558081039,145.7464006936,131.4493364419,123.1716871762
4335, 2026-05-29 11:24:28,1780043068,8668.0,34.7141190198,135.4797183423,146.7754166591,135.7960106952,123.8677276727
4336, 2026-05-29 11:24:30,1780043070,8670.0,34.7082847141,135.7562081532,146.7277196157,136.1860309936,124.3548738502
4337, 2026-05-29 11:24:32,1780043072,8672.0,34.7024504084,134.2109669226,145.2229830406,133.9100456769,123.4998720503
4338, 2026-05-29 11:24:34,1780043074,8674.0,34.6966161027,134.4062290971,144.9194168421,135.7730086732,122.5262617761
4339, 2026-05-29 11:24:36,1780043076,8676.0,34.6907817970,133.4907335752,144.3360155614,132.2750541927,123.8611309714
4340, 2026-05-29 11:24:38,1780043078,8678.0,34.6849474912,132.7286812011,144.7235855310,133.4934010580,119.9690570142
4341, 2026-05-29 11:24:40,1780043080,8680.0,34.6791131855,134.6729894724,147.7124851776,133.4145572899,122.8919259496
4342, 2026-05-29 11:24:42,1780043082,8682.0,34.6732788798,134.1811987457,146.2584776476,132.0886883914,124.1964301983
4343, 2026-05-29 11:24:44,1780043084,8684.0,34.6674445741,136.1408629525,148.6087548937,134.8752693560,124.9385646077
4344, 2026-05-29 11:24:46,1780043086,8686.0,34.6616102684,134.3139805537,144.6893718994,134.3304588074,123.9221109543
4345, 2026-05-29 11:24:48,1780043088,8688.0,34.6557759627,136.2484770194,150.9065960669,132.9911950744,124.8476399169
4346, 2026-05-29 11:24:50,1780043090,8690.0,34.6499416569,137.4195911141,145.8890075486,138.0222910917,128.3474747019
4347, 2026-05-29 11:24:52,1780043092,8692.0,34.6441073512,134.7928227279,146.4522419302,135.0642614208,122.8619648326
4348, 2026-05-29 11:24:54,1780043094,8694.0,34.6382730455,134.2884462730,145.8023079042,134.3204346162,122.7425962987
4349, 2026-05-29 11:24:56,1780043096,8696.0,34.6324387398,135.2867580819,147.7327156673,134.7826603313,123.3448982472
4350, 2026-05-29 11:24:58,1780043098,8698.0,34.6266044341,135.8627977662,147.9466365836,133.7753719638,125.8663847511
4351, 2026-05-29 11:25:00,1780043100,8700.0,34.6207701284,135.6439752770,148.2089856313,135.9350470025,122.7878931971
4352, 2026-05-29 11:25:02,1780043102,8702.0,34.6149358226,135.9884181110,146.8511767186,136.3218220491,124.7922555654
4353, 2026-05-29 11:25:04,1780043104,8704.0,34.6091015169,136.5150469997,148.3243329718,137.3134137929,123.9073942343
4354, 2026-05-29 11:25:06,1780043106,8706.0,34.6032672112,136.4793353718,148.3796268640,135.6920508812,125.3663283703
4355, 2026-05-29 11:25:08,1780043108,8708.0,34.5974329055,133.2216157037,144.3475407847,131.5567452482,123.7605610782
4356, 2026-05-29 11:25:10,1780043110,8710.0,34.5915985998,137.2854851616,148.4735437259,137.4342195147,125.9486922442
4357, 2026-05-29 11:25:12,1780043112,8712.0,34.5857642940,135.6686659248,147.5938807488,135.8165310701,123.5955859555
4358, 2026-05-29 11:25:14,1780043114,8714.0,34.5799299883,136.4230284756,147.3626531946,135.3754712944,126.5309609378
4359, 2026-05-29 11:25:16,1780043116,8716.0,34.5740956826,136.0535612297,147.5696752000,136.2098357742,124.3811727149
4360, 2026-05-29 11:25:18,1780043118,8718.0,34.5682613769,136.0545900302,149.2382368730,134.4829877449,124.4425454728
4361, 2026-05-29 11:25:20,1780043120,8720.0,34.5624270712,136.2786887609,146.9326641851,136.2914161721,125.6119859254
4362, 2026-05-29 11:25:22,1780043122,8722.0,34.5565927655,135.8893154388,147.2011236845,137.5029636948,122.9638589371
4363, 2026-05-29 11:25:24,1780043124,8724.0,34.5507584597,136.1629399496,145.6363768719,139.3773818658,123.4750611112
4364, 2026-05-29 11:25:26,1780043126,8726.0,34.5449241540,135.4483697012,144.8043137753,135.1789120829,126.3618832454
4365, 2026-05-29 11:25:28,1780043128,8728.0,34.5390898483,133.5097579744,143.1701039264,133.5928820351,123.7662879616
4366, 2026-05-29 11:25:30,1780043130,8730.0,34.5332555426,136.5264307593,145.9824497240,138.3587218374,125.2381207165
4367, 2026-05-29 11:25:32,1780043132,8732.0,34.5274212369,134.2903213648,147.4493627496,134.4744363387,120.9471650062
4368, 2026-05-29 11:25:34,1780043134,8734.0,34.5215869312,134.3160419119,145.9452140886,135.9147739073,121.0881377397
4369, 2026-05-29 11:25:36,1780043136,8736.0,34.5157526254,135.6764481841,147.9360280262,134.2922193052,124.8010972209
4370, 2026-05-29 11:25:38,1780043138,8738.0,34.5099183197,134.8473121830,147.6352716924,133.8804803936,123.0261844630
4371, 2026-05-29 11:25:40,1780043140,8740.0,34.5040840140,135.3633300303,148.1206197350,133.2631913691,124.7061789868
4372, 2026-05-29 11:25:42,1780043142,8742.0,34.4982497083,135.2529523948,146.1086222383,136.7427765542,122.9074583920
4373, 2026-05-29 11:25:44,1780043144,8744.0,34.4924154026,136.7378475391,148.4615266022,134.9265407429,126.8254752722
4374, 2026-05-29 11:25:46,1780043146,8746.0,34.4865810968,134.5499366763,144.3879507348,134.6999244480,124.5619348461
4375, 2026-05-29 11:25:48,1780043148,8748.0,34.4807467911,134.3185278371,145.8963142399,132.5383572985,124.5209119728
4376, 2026-05-29 11:25:50,1780043150,8750.0,34.4749124854,136.2530250373,148.7948502122,136.5342133803,123.4300115196
4377, 2026-05-29 11:25:52,1780043152,8752.0,34.4690781797,134.6500470596,145.7360777798,134.0107292536,124.2033341455
4378, 2026-05-29 11:25:54,1780043154,8754.0,34.4632438740,136.7786853613,147.9962285245,137.7601281079,124.5796994514
4379, 2026-05-29 11:25:56,1780043156,8756.0,34.4574095683,133.2927123123,145.2983343039,130.5959133935,123.9838892395
4380, 2026-05-29 11:25:58,1780043158,8758.0,34.4515752625,133.4770500387,145.9493335214,131.5522342613,122.9295823335
4381, 2026-05-29 11:26:00,1780043160,8760.0,34.4457409568,133.6258195157,145.2910510134,134.4404811133,121.1459264204
4382, 2026-05-29 11:26:02,1780043162,8762.0,34.4399066511,134.4568796940,149.2980633134,132.0256073377,122.0469684309
4383, 2026-05-29 11:26:04,1780043164,8764.0,34.4340723454,135.5559321425,147.5374479703,134.6057497732,124.5245986839
4384, 2026-05-29 11:26:06,1780043166,8766.0,34.4282380397,136.7718317519,147.1857372065,139.1864259257,123.9433321235
4385, 2026-05-29 11:26:08,1780043168,8768.0,34.4224037340,133.6968321238,144.5793587953,134.1524538272,122.3586837488
4386, 2026-05-29 11:26:10,1780043170,8770.0,34.4165694282,135.9780980793,148.5404602643,137.4689452808,121.9248886928
4387, 2026-05-29 11:26:12,1780043172,8772.0,34.4107351225,135.1928508050,145.1599916898,135.8506204552,124.5679402699
4388, 2026-05-29 11:26:14,1780043174,8774.0,34.4049008168,134.8882351676,146.4881988514,135.8959854649,122.2805211865
4389, 2026-05-29 11:26:16,1780043176,8776.0,34.3990665111,136.7125975749,147.3629598137,136.1199305860,126.6549023251
4390, 2026-05-29 11:26:18,1780043178,8778.0,34.3932322054,137.0107119976,148.4465229519,138.0480167032,124.5375963377
4391, 2026-05-29 11:26:20,1780043180,8780.0,34.3873978996,135.7304617843,145.7513815139,135.5281855073,125.9118183316
4392, 2026-05-29 11:26:22,1780043182,8782.0,34.3815635939,134.7775427348,148.1162006297,134.2865880361,121.9298395387
4393, 2026-05-29 11:26:24,1780043184,8784.0,34.3757292882,134.5546115448,146.7777418744,134.2415611501,122.6445316100
4394, 2026-05-29 11:26:26,1780043186,8786.0,34.3698949825,136.8721361744,148.0070246011,136.6923059293,125.9170779930
4395, 2026-05-29 11:26:28,1780043188,8788.0,34.3640606768,136.5565768462,148.4700633624,136.4985688998,124.7010982765
4396, 2026-05-29 11:26:30,1780043190,8790.0,34.3582263711,136.6697530382,147.4423140883,137.0631916952,125.5037533311
4397, 2026-05-29 11:26:32,1780043192,8792.0,34.3523920653,135.6858744549,145.0797155412,138.2435765869,123.7343312367
4398, 2026-05-29 11:26:34,1780043194,8794.0,34.3465577596,135.1335463327,145.1749042787,136.6820313134,123.5437034062
4399, 2026-05-29 11:26:36,1780043196,8796.0,34.3407234539,136.0845306790,147.6188374813,135.0089479004,125.6258066555
4400, 2026-05-29 11:26:38,1780043198,8798.0,34.3348891482,136.3054288626,146.2493108689,135.2609286027,127.4060471163
4401, 2026-05-29 11:26:40,1780043200,8800.0,34.3290548425,136.0799201507,149.3654139456,135.1315570632,123.7427894433
4402, 2026-05-29 11:26:42,1780043202,8802.0,34.3232205368,135.6364172075,149.5179168776,135.2678703474,122.1234643975
4403, 2026-05-29 11:26:44,1780043204,8804.0,34.3173862310,136.5412821765,145.5222225526,136.0737766603,128.0278473168
4404, 2026-05-29 11:26:46,1780043206,8806.0,34.3115519253,136.1113907299,146.7493095861,136.7235583993,124.8613042044
4405, 2026-05-29 11:26:48,1780043208,8808.0,34.3057176196,136.6356130456,147.9474689372,138.5305507456,123.4288194540
4406, 2026-05-29 11:26:50,1780043210,8810.0,34.2998833139,136.2654707536,147.4267355006,135.6008499060,125.7688268542
4407, 2026-05-29 11:26:52,1780043212,8812.0,34.2940490082,136.1970480045,148.8011430141,137.9917548695,121.7982461299
4408, 2026-05-29 11:26:54,1780043214,8814.0,34.2882147025,135.6102231486,148.4335869261,136.0025453586,122.3945371610
4409, 2026-05-29 11:26:56,1780043216,8816.0,34.2823803967,134.2436400709,146.4807130691,132.9794632544,123.2707438893
4410, 2026-05-29 11:26:58,1780043218,8818.0,34.2765460910,135.6076684686,146.5523002532,135.7596638619,124.5110412906
4411, 2026-05-29 11:27:00,1780043220,8820.0,34.2707117853,134.8247918064,147.2410992915,132.9896607832,124.2436153445
4412, 2026-05-29 11:27:02,1780043222,8822.0,34.2648774796,137.2693596000,150.2095038640,135.8228242519,125.7757506842
4413, 2026-05-29 11:27:04,1780043224,8824.0,34.2590431739,134.8799023668,146.9479335874,133.2930934933,124.3986800197
4414, 2026-05-29 11:27:06,1780043226,8826.0,34.2532088681,134.6006493918,145.4700611599,135.9648365548,122.3670504606
4415, 2026-05-29 11:27:08,1780043228,8828.0,34.2473745624,135.7023679046,146.6552597328,135.5981985081,124.8536454730
4416, 2026-05-29 11:27:10,1780043230,8830.0,34.2415402567,135.5503150164,146.2999778826,135.3137493179,125.0372178487
4417, 2026-05-29 11:27:12,1780043232,8832.0,34.2357059510,135.2170443167,147.3912094446,134.5774796886,123.6824438170
4418, 2026-05-29 11:27:14,1780043234,8834.0,34.2298716453,135.6766946251,147.0824962538,137.4632707262,122.4843168953
4419, 2026-05-29 11:27:16,1780043236,8836.0,34.2240373396,135.7365764143,147.2314588563,134.5682484746,125.4100219120
4420, 2026-05-29 11:27:18,1780043238,8838.0,34.2182030338,136.9783681557,146.1455055544,137.7811732225,127.0084256902
4421, 2026-05-29 11:27:20,1780043240,8840.0,34.2123687281,135.0896890419,148.5933873472,133.7633614404,122.9123183381
4422, 2026-05-29 11:27:22,1780043242,8842.0,34.2065344224,134.1810643687,143.7860557805,134.8115793737,123.9455579518
4423, 2026-05-29 11:27:24,1780043244,8844.0,34.2007001167,134.5470748621,148.7649842133,133.0339249089,121.8423154639
4424, 2026-05-29 11:27:26,1780043246,8846.0,34.1948658110,134.6392620168,147.7517488828,132.3661418793,123.7998952882
4425, 2026-05-29 11:27:28,1780043248,8848.0,34.1890315053,135.1965819676,148.9836352668,132.9667432348,123.6393674013
4426, 2026-05-29 11:27:30,1780043250,8850.0,34.1831971995,134.5637804839,144.3258954420,136.9071144414,122.4583315684
4427, 2026-05-29 11:27:32,1780043252,8852.0,34.1773628938,135.2507960178,146.6676660028,137.8376035908,121.2471184600
4428, 2026-05-29 11:27:34,1780043254,8854.0,34.1715285881,136.9779740129,146.3636697530,137.8998205505,126.6704317353
4429, 2026-05-29 11:27:36,1780043256,8856.0,34.1656942824,135.8582946112,147.4521298809,134.8696523491,125.2531016034
4430, 2026-05-29 11:27:38,1780043258,8858.0,34.1598599767,134.9706641408,146.0259701313,134.7688264544,124.1171958368
4431, 2026-05-29 11:27:40,1780043260,8860.0,34.1540256709,136.3294754630,145.8452973154,138.0081281908,125.1350008828
4432, 2026-05-29 11:27:42,1780043262,8862.0,34.1481913652,135.4484977662,144.6096194188,136.2313729769,125.5045009027
4433, 2026-05-29 11:27:44,1780043264,8864.0,34.1423570595,135.1410713240,146.6329654126,135.5764078302,123.2138407292
4434, 2026-05-29 11:27:46,1780043266,8866.0,34.1365227538,135.6847505980,147.0752560520,134.2557493865,125.7232463554
4435, 2026-05-29 11:27:48,1780043268,8868.0,34.1306884481,136.2678082222,150.5548455065,134.2345335243,124.0140456357
4436, 2026-05-29 11:27:50,1780043270,8870.0,34.1248541424,136.5769100191,147.4830601422,137.3852591618,124.8624107533
4437, 2026-05-29 11:27:52,1780043272,8872.0,34.1190198366,133.9341805694,145.8336127266,132.3150947237,123.6538342579
4438, 2026-05-29 11:27:54,1780043274,8874.0,34.1131855309,136.1095254920,149.4366924485,136.4542138219,122.4376702056
4439, 2026-05-29 11:27:56,1780043276,8876.0,34.1073512252,136.0626124440,146.7133852418,135.8498916374,125.6245604528
4440, 2026-05-29 11:27:58,1780043278,8878.0,34.1015169195,137.2461415892,149.1007210274,137.2197030615,125.4180006786
4441, 2026-05-29 11:28:00,1780043280,8880.0,34.0956826138,134.5431643265,146.1372711292,135.1271670887,122.3650547616
4442, 2026-05-29 11:28:02,1780043282,8882.0,34.0898483081,135.9669955104,148.7033391683,134.2352958396,124.9623515234
4443, 2026-05-29 11:28:04,1780043284,8884.0,34.0840140023,134.2894245720,145.2490491647,133.1472045001,124.4720200511
4444, 2026-05-29 11:28:06,1780043286,8886.0,34.0781796966,134.6783890639,143.8044887059,135.8198771838,124.4108013020
4445, 2026-05-29 11:28:08,1780043288,8888.0,34.0723453909,135.4142562984,149.0854208203,135.5251829721,121.6321651026
4446, 2026-05-29 11:28:10,1780043290,8890.0,34.0665110852,135.4693341799,146.8314323869,137.1631463351,122.4134238177
4447, 2026-05-29 11:28:12,1780043292,8892.0,34.0606767795,137.5440581616,149.4191367354,137.6332058124,125.5798319369
4448, 2026-05-29 11:28:14,1780043294,8894.0,34.0548424737,135.2260178589,145.3891219518,136.1058773485,124.1830542764
4449, 2026-05-29 11:28:16,1780043296,8896.0,34.0490081680,135.6287007764,146.3866202830,138.0218311807,122.4776508654
4450, 2026-05-29 11:28:18,1780043298,8898.0,34.0431738623,136.4356112784,148.9012825307,137.4792260541,122.9263252502
4451, 2026-05-29 11:28:20,1780043300,8900.0,34.0373395566,136.3362621987,145.5378187892,139.2387718775,124.2321959295
4452, 2026-05-29 11:28:22,1780043302,8902.0,34.0315052509,135.9540013821,147.6416942029,136.1499754643,124.0703344792
4453, 2026-05-29 11:28:24,1780043304,8904.0,34.0256709452,135.7143952059,145.5708721443,137.6079400854,123.9643733879
4454, 2026-05-29 11:28:26,1780043306,8906.0,34.0198366394,135.7745417808,147.9856265586,136.3632054343,122.9747933495
4455, 2026-05-29 11:28:28,1780043308,8908.0,34.0140023337,134.9058281757,146.7668552562,134.9722039204,122.9784253506
4456, 2026-05-29 11:28:30,1780043310,8910.0,34.0081680280,136.5100145237,146.9487120278,137.1232002545,125.4581312888
4457, 2026-05-29 11:28:32,1780043312,8912.0,34.0023337223,136.6802018980,148.0509002718,136.9412330217,125.0484724005
4458, 2026-05-29 11:28:34,1780043314,8914.0,33.9964994166,134.3095627079,147.2366966895,132.6111443515,123.0808470827
4459, 2026-05-29 11:28:36,1780043316,8916.0,33.9906651109,135.9936771437,146.6902463698,138.4592462091,122.8315388521
4460, 2026-05-29 11:28:38,1780043318,8918.0,33.9848308051,134.7451965509,147.4520005370,133.8206147054,122.9629744105
4461, 2026-05-29 11:28:40,1780043320,8920.0,33.9789964994,135.0632591044,146.4903166837,133.9070105168,124.7924501126
4462, 2026-05-29 11:28:42,1780043322,8922.0,33.9731621937,134.9235441310,145.8686507931,133.8027989846,125.0991826152
4463, 2026-05-29 11:28:44,1780043324,8924.0,33.9673278880,135.4178561032,147.6032739467,135.4596344593,123.1906599034
4464, 2026-05-29 11:28:46,1780043326,8926.0,33.9614935823,135.9688815538,145.7094315754,137.6551767633,124.5420363226
4465, 2026-05-29 11:28:48,1780043328,8928.0,33.9556592765,134.7467194060,148.9359552251,130.8490446525,124.4551583403
4466, 2026-05-29 11:28:50,1780043330,8930.0,33.9498249708,134.6440155718,144.3259719416,133.6430056392,125.9630691347
4467, 2026-05-29 11:28:52,1780043332,8932.0,33.9439906651,135.7173391273,148.5828123798,135.0960776631,123.4731273392
4468, 2026-05-29 11:28:54,1780043334,8934.0,33.9381563594,137.1011682203,151.4042899599,134.2646384494,125.6345762517
4469, 2026-05-29 11:28:56,1780043336,8936.0,33.9323220537,136.7877401024,145.6054694698,137.9913262697,126.7664245676
4470, 2026-05-29 11:28:58,1780043338,8938.0,33.9264877480,137.3901718298,150.9136391810,138.2346313072,123.0222450011
4471, 2026-05-29 11:29:00,1780043340,8940.0,33.9206534422,135.4179186627,146.6828721801,135.3276064032,124.2432774048
4472, 2026-05-29 11:29:02,1780043342,8942.0,33.9148191365,135.3782929132,147.2931193568,135.2655061449,123.5762532379
4473, 2026-05-29 11:29:04,1780043344,8944.0,33.9089848308,134.8958293652,147.5641176393,135.6371761077,121.4861943486
4474, 2026-05-29 11:29:06,1780043346,8946.0,33.9031505251,134.9438711613,146.7283626021,134.7593985727,123.3438523092
4475, 2026-05-29 11:29:08,1780043348,8948.0,33.8973162194,135.2929833075,144.2141342117,135.3887654039,126.2760503069
4476, 2026-05-29 11:29:10,1780043350,8950.0,33.8914819137,135.9797369710,146.2459455269,136.5037148724,125.1895505136
4477, 2026-05-29 11:29:12,1780043352,8952.0,33.8856476079,135.3517478603,146.7856031324,135.6019048066,123.6677356419
4478, 2026-05-29 11:29:14,1780043354,8954.0,33.8798133022,136.7558635886,147.0447347120,135.1212389157,128.1016171382
4479, 2026-05-29 11:29:16,1780043356,8956.0,33.8739789965,135.8130090085,145.5071465077,135.0497167143,126.8821638034
4480, 2026-05-29 11:29:18,1780043358,8958.0,33.8681446908,134.0926396671,144.3138109533,134.2895971539,123.6745108942
4481, 2026-05-29 11:29:20,1780043360,8960.0,33.8623103851,136.3156548920,148.0467046619,136.5956798003,124.3045802138
4482, 2026-05-29 11:29:22,1780043362,8962.0,33.8564760793,134.9931368386,148.0511075819,132.5853197583,124.3429831755
4483, 2026-05-29 11:29:24,1780043364,8964.0,33.8506417736,134.9413586117,146.5650240244,135.6044743506,122.6545774600
4484, 2026-05-29 11:29:26,1780043366,8966.0,33.8448074679,136.8205142317,149.6258798060,136.1651001772,124.6705627118
4485, 2026-05-29 11:29:28,1780043368,8968.0,33.8389731622,135.6600065468,148.6539879039,135.6827468721,122.6432848644
4486, 2026-05-29 11:29:30,1780043370,8970.0,33.8331388565,135.4606739446,149.2236769331,135.0910840885,122.0672608123
4487, 2026-05-29 11:29:32,1780043372,8972.0,33.8273045508,135.3570051265,146.5385592026,133.9049265794,125.6275295975
4488, 2026-05-29 11:29:34,1780043374,8974.0,33.8214702450,135.5906803393,146.7896440151,137.0936969898,122.8887000131
4489, 2026-05-29 11:29:36,1780043376,8976.0,33.8156359393,135.4510603910,146.2801732299,135.1005305913,124.9724773518
4490, 2026-05-29 11:29:38,1780043378,8978.0,33.8098016336,135.9081195229,144.9823295043,137.1471394409,125.5948896236
4491, 2026-05-29 11:29:40,1780043380,8980.0,33.8039673279,135.7632895587,145.8302547037,138.8101252833,122.6494886892
4492, 2026-05-29 11:29:42,1780043382,8982.0,33.7981330222,135.0024880822,146.2871242480,133.4078680027,125.3124719960
4493, 2026-05-29 11:29:44,1780043384,8984.0,33.7922987165,136.3120507479,145.6409908610,137.0364702880,126.2586910945
4494, 2026-05-29 11:29:46,1780043386,8986.0,33.7864644107,134.3414852649,145.3383094743,134.4473990622,123.2387472582
4495, 2026-05-29 11:29:48,1780043388,8988.0,33.7806301050,135.5382654168,148.5940034759,132.5444422504,125.4763505241
4496, 2026-05-29 11:29:50,1780043390,8990.0,33.7747957993,135.5884566729,145.4814488191,135.2347886299,126.0491325697
4497, 2026-05-29 11:29:52,1780043392,8992.0,33.7689614936,136.5255742608,149.4962881559,135.2957930525,124.7846415741
4498, 2026-05-29 11:29:54,1780043394,8994.0,33.7631271879,136.4622697548,148.8487277890,133.7353948480,126.8026866275
4499, 2026-05-29 11:29:56,1780043396,8996.0,33.7572928821,135.3398380450,147.0961984904,135.9799661251,122.9433495195
4500, 2026-05-29 11:29:58,1780043398,8998.0,33.7514585764,136.4952484174,149.9403823060,134.9243211837,124.6210417625
4501, 2026-05-29 11:30:00,1780043400,9000.0,33.7456242707,136.9977576766,149.6385420974,136.1702746556,125.1844562769
4502, 2026-05-29 11:30:02,1780043402,9002.0,33.7397899650,135.8688202560,147.3600160479,137.5866883546,122.6597563654
4503, 2026-05-29 11:30:04,1780043404,9004.0,33.7339556593,135.3302049685,146.1675580076,136.2012216392,123.6218352587
4504, 2026-05-29 11:30:06,1780043406,9006.0,33.7281213536,134.3303278136,145.3468268351,133.9394035749,123.7047530308
4505, 2026-05-29 11:30:08,1780043408,9008.0,33.7222870478,136.2309755041,150.3170922957,134.3889848247,123.9868493919
4506, 2026-05-29 11:30:10,1780043410,9010.0,33.7164527421,135.1836237507,147.2531700411,136.1025515738,122.1951496372
4507, 2026-05-29 11:30:12,1780043412,9012.0,33.7106184364,134.9288692247,147.2982731585,134.2223502834,123.2659842323
4508, 2026-05-29 11:30:14,1780043414,9014.0,33.7047841307,135.0638010017,146.5440976735,133.8975478781,124.7497574537
4509, 2026-05-29 11:30:16,1780043416,9016.0,33.6989498250,136.9940088970,147.9972694078,135.6243628542,127.3603944290
4510, 2026-05-29 11:30:18,1780043418,9018.0,33.6931155193,136.1385567361,147.8748072670,136.1475751125,124.3932878287
4511, 2026-05-29 11:30:20,1780043420,9020.0,33.6872812135,135.3560184260,145.8058773910,134.3858213274,125.8763565597
4512, 2026-05-29 11:30:22,1780043422,9022.0,33.6814469078,134.8460383719,146.6268446251,133.4142258372,124.4970446534
4513, 2026-05-29 11:30:24,1780043424,9024.0,33.6756126021,134.5045292014,146.1906421516,135.5418401011,121.7811053514
4514, 2026-05-29 11:30:26,1780043426,9026.0,33.6697782964,135.2124459246,146.7272315962,134.2769552331,124.6331509444
4515, 2026-05-29 11:30:28,1780043428,9028.0,33.6639439907,136.0637155644,147.7255029533,136.5519595201,123.9136842196
4516, 2026-05-29 11:30:30,1780043430,9030.0,33.6581096849,134.9773301811,147.0000905174,132.1689391122,125.7629609137
4517, 2026-05-29 11:30:32,1780043432,9032.0,33.6522753792,136.0381241799,146.6373782593,136.2397952475,125.2371990330
4518, 2026-05-29 11:30:34,1780043434,9034.0,33.6464410735,135.9183486310,146.8264463212,136.9826187472,123.9459808246
4519, 2026-05-29 11:30:36,1780043436,9036.0,33.6406067678,137.4204214137,151.1666722710,137.1306092194,123.9639827506
4520, 2026-05-29 11:30:38,1780043438,9038.0,33.6347724621,135.2115370256,145.4513993380,135.2097777654,124.9734339733
4521, 2026-05-29 11:30:40,1780043440,9040.0,33.6289381564,135.8458580322,147.6852999699,134.3330026578,125.5192714691
4522, 2026-05-29 11:30:42,1780043442,9042.0,33.6231038506,137.3216458346,149.0100075834,135.7345995205,127.2203303999
4523, 2026-05-29 11:30:44,1780043444,9044.0,33.6172695449,135.4965150571,149.3373640450,133.1341078393,124.0180732871
4524, 2026-05-29 11:30:46,1780043446,9046.0,33.6114352392,137.1980578895,148.0660117197,138.4229590239,125.1052029250
4525, 2026-05-29 11:30:48,1780043448,9048.0,33.6056009335,135.9546265530,144.8791977863,138.6402206100,124.3444612625
4526, 2026-05-29 11:30:50,1780043450,9050.0,33.5997666278,137.1028355745,148.3037661030,137.9329229190,125.0718177015
4527, 2026-05-29 11:30:52,1780043452,9052.0,33.5939323221,135.8828476443,149.8975846620,135.3556224569,122.3953358139
4528, 2026-05-29 11:30:54,1780043454,9054.0,33.5880980163,136.4380998674,148.5859184688,135.0243716189,125.7040095145
4529, 2026-05-29 11:30:56,1780043456,9056.0,33.5822637106,135.8301412235,148.8610537706,135.4268965659,123.2024733341
4530, 2026-05-29 11:30:58,1780043458,9058.0,33.5764294049,137.7445956988,147.3711380809,140.2388607910,125.6237882245
4531, 2026-05-29 11:31:00,1780043460,9060.0,33.5705950992,137.1239687667,149.8335341183,136.7137046496,124.8246675321
4532, 2026-05-29 11:31:02,1780043462,9062.0,33.5647607935,137.2355263712,149.7798717316,136.6363408963,125.2903664856
4533, 2026-05-29 11:31:04,1780043464,9064.0,33.5589264877,136.3807693646,147.2363184966,135.4501102912,126.4558793062
4534, 2026-05-29 11:31:06,1780043466,9066.0,33.5530921820,136.2963081891,149.2181037669,136.4485709419,123.2222498585
4535, 2026-05-29 11:31:08,1780043468,9068.0,33.5472578763,135.7241801342,148.1186985161,134.9523900054,124.1014518810
4536, 2026-05-29 11:31:10,1780043470,9070.0,33.5414235706,134.4109436640,144.5874594000,137.6575645454,120.9878070465
4537, 2026-05-29 11:31:12,1780043472,9072.0,33.5355892649,136.3585350687,150.6131276657,134.3461096302,124.1163679101
4538, 2026-05-29 11:31:14,1780043474,9074.0,33.5297549592,136.5090245146,148.1025737858,138.1593555833,123.2651441748
4539, 2026-05-29 11:31:16,1780043476,9076.0,33.5239206534,134.5261872073,144.4412146416,135.3225315807,123.8148153995
4540, 2026-05-29 11:31:18,1780043478,9078.0,33.5180863477,137.1875040531,148.7802046527,136.9352368072,125.8470706993
4541, 2026-05-29 11:31:20,1780043480,9080.0,33.5122520420,136.6380200993,148.9699606761,137.7578561484,123.1862434735
4542, 2026-05-29 11:31:22,1780043482,9082.0,33.5064177363,136.8581100825,147.8878210057,136.9006073020,125.7859019398
4543, 2026-05-29 11:31:24,1780043484,9084.0,33.5005834306,136.0791929045,149.1628091051,135.4111312662,123.6636383421
4544, 2026-05-29 11:31:26,1780043486,9086.0,33.4947491249,135.8733658492,148.2027598835,136.0562395072,123.3610981570
4545, 2026-05-29 11:31:28,1780043488,9088.0,33.4889148191,137.2858587016,148.0617952637,136.8665716021,126.9292092389
4546, 2026-05-29 11:31:30,1780043490,9090.0,33.4830805134,136.9902358990,148.5726729323,138.2883931056,124.1096416590
4547, 2026-05-29 11:31:32,1780043492,9092.0,33.4772462077,135.7856929194,144.0099771236,136.4262256089,126.9208760258
4548, 2026-05-29 11:31:34,1780043494,9094.0,33.4714119020,135.1217406399,146.5171699340,134.1097722456,124.7382797400
4549, 2026-05-29 11:31:36,1780043496,9096.0,33.4655775963,136.8391407551,147.5308274075,137.0780021409,125.9085927168
4550, 2026-05-29 11:31:38,1780043498,9098.0,33.4597432905,137.3594797443,149.3821031203,136.7819144752,125.9144216374
4551, 2026-05-29 11:31:40,1780043500,9100.0,33.4539089848,136.1091092099,148.0711171091,136.9582755015,123.2979350190
4552, 2026-05-29 11:31:42,1780043502,9102.0,33.4480746791,135.6503688772,148.1460134862,136.3067820342,122.4983111112
4553, 2026-05-29 11:31:44,1780043504,9104.0,33.4422403734,137.3879620783,150.7478165990,135.1303776597,126.2856919762
4554, 2026-05-29 11:31:46,1780043506,9106.0,33.4364060677,136.9031818477,145.8487240867,138.5774292259,126.2833922306
4555, 2026-05-29 11:31:48,1780043508,9108.0,33.4305717620,136.7187574365,150.4126729810,134.9121232346,124.8314760939
4556, 2026-05-29 11:31:50,1780043510,9110.0,33.4247374562,136.0853300102,147.9154484615,137.2852678152,123.0552737539
4557, 2026-05-29 11:31:52,1780043512,9112.0,33.4189031505,138.6577508042,148.5157039492,140.4551159207,127.0024325427
4558, 2026-05-29 11:31:54,1780043514,9114.0,33.4130688448,136.3118364740,149.2466735042,133.9052809687,125.7835549491
4559, 2026-05-29 11:31:56,1780043516,9116.0,33.4072345391,137.0597309818,148.8914720392,138.4131355544,123.8745853517
4560, 2026-05-29 11:31:58,1780043518,9118.0,33.4014002334,137.0914567985,148.2525026191,135.6732483618,127.3486194145
4561, 2026-05-29 11:32:00,1780043520,9120.0,33.3955659277,135.5534116935,145.5933099457,135.3885813830,125.6783437519
4562, 2026-05-29 11:32:02,1780043522,9122.0,33.3897316219,134.6042097935,145.4328423599,134.1785580685,124.2012289522
4563, 2026-05-29 11:32:04,1780043524,9124.0,33.3838973162,137.1106323855,148.0402048889,136.2736824868,127.0180097808
4564, 2026-05-29 11:32:06,1780043526,9126.0,33.3780630105,136.5600145845,149.3324378745,133.4102498407,126.9373560382
4565, 2026-05-29 11:32:08,1780043528,9128.0,33.3722287048,135.3233210737,146.3634475011,136.8799859204,122.7265297995
4566, 2026-05-29 11:32:10,1780043530,9130.0,33.3663943991,135.9040278064,149.6888376232,135.2419855123,122.7812602838
4567, 2026-05-29 11:32:12,1780043532,9132.0,33.3605600933,135.3134679779,146.3459096330,136.5799996281,123.0144946725
4568, 2026-05-29 11:32:14,1780043534,9134.0,33.3547257876,135.2030299862,147.2345304132,133.5069688513,124.8675906941
4569, 2026-05-29 11:32:16,1780043536,9136.0,33.3488914819,135.2729292162,145.4951301039,135.8748694073,124.4487881375
4570, 2026-05-29 11:32:18,1780043538,9138.0,33.3430571762,135.6611803273,147.0755022841,136.4428900186,123.4651486792
4571, 2026-05-29 11:32:20,1780043540,9140.0,33.3372228705,137.4241354732,149.0268569894,139.1128489507,124.1327004796
4572, 2026-05-29 11:32:22,1780043542,9142.0,33.3313885648,136.4094559509,147.4199371386,134.7680947605,127.0403359535
4573, 2026-05-29 11:32:24,1780043544,9144.0,33.3255542590,136.9975000789,146.2659156806,136.5325050193,128.1940795369
4574, 2026-05-29 11:32:26,1780043546,9146.0,33.3197199533,135.6374011697,146.1656693959,133.8707550383,126.8757790748
4575, 2026-05-29 11:32:28,1780043548,9148.0,33.3138856476,136.1556150192,146.0591698699,134.6352337428,127.7724414449
4576, 2026-05-29 11:32:30,1780043550,9150.0,33.3080513419,136.9142674810,147.2405433501,137.0241423532,126.4781167399
4577, 2026-05-29 11:32:32,1780043552,9152.0,33.3022170362,135.5257743294,149.8895393554,134.6794976437,122.0082859890
4578, 2026-05-29 11:32:34,1780043554,9154.0,33.2963827305,136.3583558232,146.4491459527,136.9839403692,125.6419811477
4579, 2026-05-29 11:32:36,1780043556,9156.0,33.2905484247,136.6016136023,143.9651621855,139.2103936409,126.6292849803
4580, 2026-05-29 11:32:38,1780043558,9158.0,33.2847141190,136.2657658333,147.8101492848,136.0905531497,124.8965950655
4581, 2026-05-29 11:32:40,1780043560,9160.0,33.2788798133,135.6598132346,146.3699744468,135.5697210460,125.0397442110
4582, 2026-05-29 11:32:42,1780043562,9162.0,33.2730455076,135.5105328894,147.5420756844,136.0747841681,122.9147388158
4583, 2026-05-29 11:32:44,1780043564,9164.0,33.2672112019,135.8738581436,147.0604833875,135.8211478981,124.7399431450
4584, 2026-05-29 11:32:46,1780043566,9166.0,33.2613768961,135.6635132921,147.0758736893,135.3783468526,124.5363193343
4585, 2026-05-29 11:32:48,1780043568,9168.0,33.2555425904,136.5017924650,147.8175132142,135.0630917676,126.6247724133
4586, 2026-05-29 11:32:50,1780043570,9170.0,33.2497082847,136.8903347701,149.2328587313,136.2889001167,125.1492454624
4587, 2026-05-29 11:32:52,1780043572,9172.0,33.2438739790,136.3803000079,145.5746679784,139.7760131085,123.7902189369
4588, 2026-05-29 11:32:54,1780043574,9174.0,33.2380396733,136.3789953309,151.0200572455,132.5900873856,125.5268413615
4589, 2026-05-29 11:32:56,1780043576,9176.0,33.2322053676,135.6790666866,146.7632784301,136.3651261191,123.9087955107
4590, 2026-05-29 11:32:58,1780043578,9178.0,33.2263710618,133.2959464673,147.1355840144,131.1307926699,121.6214627176
4591, 2026-05-29 11:33:00,1780043580,9180.0,33.2205367561,136.5624796154,148.4020472117,135.8812415723,125.4041500622
4592, 2026-05-29 11:33:02,1780043582,9182.0,33.2147024504,134.9120198956,145.2321801976,134.2152412415,125.2886382475
4593, 2026-05-29 11:33:04,1780043584,9184.0,33.2088681447,135.8284234444,147.5325186736,137.6576388419,122.2951128177
4594, 2026-05-29 11:33:06,1780043586,9186.0,33.2030338390,135.0808002302,146.3102977632,135.6932085832,123.2388943443
4595, 2026-05-29 11:33:08,1780043588,9188.0,33.1971995333,136.2857860882,147.5286152193,136.5769028713,124.7518401741
4596, 2026-05-29 11:33:10,1780043590,9190.0,33.1913652275,136.4917437689,148.9865304764,134.4641609852,126.0245398452
4597, 2026-05-29 11:33:12,1780043592,9192.0,33.1855309218,136.5674739658,145.5402315602,135.6015856997,128.5606046375
4598, 2026-05-29 11:33:14,1780043594,9194.0,33.1796966161,134.9584868399,146.1368250911,135.2320560373,123.5065793913
4599, 2026-05-29 11:33:16,1780043596,9196.0,33.1738623104,135.7706427607,149.2646030514,134.2461565182,123.8011687125
4600, 2026-05-29 11:33:18,1780043598,9198.0,33.1680280047,136.7713521734,149.3103798270,136.6018573537,124.4018193394
4601, 2026-05-29 11:33:20,1780043600,9200.0,33.1621936989,134.8090870636,145.7193877622,133.3337267476,125.3741466810
4602, 2026-05-29 11:33:22,1780043602,9202.0,33.1563593932,135.5471129975,147.5062585115,133.9393740518,125.1957064292
4603, 2026-05-29 11:33:24,1780043604,9204.0,33.1505250875,136.1648402331,147.9829999136,136.0385568233,124.4729639622
4604, 2026-05-29 11:33:26,1780043606,9206.0,33.1446907818,135.2987351467,149.1793932154,133.2388152166,123.4779970081
4605, 2026-05-29 11:33:28,1780043608,9208.0,33.1388564761,137.3577671574,149.4921768237,136.4530520849,126.1280725635
4606, 2026-05-29 11:33:30,1780043610,9210.0,33.1330221704,136.7504611896,150.9700640384,137.4849985887,121.7963209417
4607, 2026-05-29 11:33:32,1780043612,9212.0,33.1271878646,135.7019111001,148.8888121830,133.6065176218,124.6104034955
4608, 2026-05-29 11:33:34,1780043614,9214.0,33.1213535589,136.3066349425,148.9728887044,133.5757904297,126.3712256933
4609, 2026-05-29 11:33:36,1780043616,9216.0,33.1155192532,136.0010095969,146.7837654552,134.9278547168,126.2914086187
4610, 2026-05-29 11:33:38,1780043618,9218.0,33.1096849475,136.5682349675,150.6792020238,134.3965611304,124.6289417483
4611, 2026-05-29 11:33:40,1780043620,9220.0,33.1038506418,135.0143375685,147.5502610488,134.5808793982,122.9118722585
4612, 2026-05-29 11:33:42,1780043622,9222.0,33.0980163361,135.4385965095,145.2221148153,136.7275298074,124.3661449057
4613, 2026-05-29 11:33:44,1780043624,9224.0,33.0921820303,134.7303339391,147.4724374894,135.4250206035,121.2935437245
4614, 2026-05-29 11:33:46,1780043626,9226.0,33.0863477246,136.0368548676,145.9057802039,137.6824184308,124.5223659680
4615, 2026-05-29 11:33:48,1780043628,9228.0,33.0805134189,136.4251415392,149.3548020170,136.5438824186,123.3767401820
4616, 2026-05-29 11:33:50,1780043630,9230.0,33.0746791132,135.9392636083,148.4337445472,136.4186711483,122.9653751294
4617, 2026-05-29 11:33:52,1780043632,9232.0,33.0688448075,134.2490349093,146.0500372025,135.5986001749,121.0984673506
4618, 2026-05-29 11:33:54,1780043634,9234.0,33.0630105018,136.7611076291,148.5859797053,136.2324292686,125.4649139133
4619, 2026-05-29 11:33:56,1780043636,9236.0,33.0571761960,134.5584616579,147.9092230749,134.6120136692,121.1541482297
4620, 2026-05-29 11:33:58,1780043638,9238.0,33.0513418903,135.5635860407,148.7038890867,134.9639885680,123.0228804674
4621, 2026-05-29 11:34:00,1780043640,9240.0,33.0455075846,136.4116582335,147.6506497730,137.3197620442,124.2645628834
4622, 2026-05-29 11:34:02,1780043642,9242.0,33.0396732789,135.1957920087,150.3024160848,134.5287611268,120.7561988144
4623, 2026-05-29 11:34:04,1780043644,9244.0,33.0338389732,136.6244512741,148.8937709636,137.4305367665,123.5490460923
4624, 2026-05-29 11:34:06,1780043646,9246.0,33.0280046674,136.2741890465,147.2913969348,138.2069146731,123.3242555315
4625, 2026-05-29 11:34:08,1780043648,9248.0,33.0221703617,134.1963401758,146.5822413155,133.4885324919,122.5182467200
4626, 2026-05-29 11:34:10,1780043650,9250.0,33.0163360560,134.0039678128,145.8610714148,133.3583802907,122.7924517329
4627, 2026-05-29 11:34:12,1780043652,9252.0,33.0105017503,135.3666196881,146.5438235587,133.2600468832,126.2959886225
4628, 2026-05-29 11:34:14,1780043654,9254.0,33.0046674446,136.0515747432,147.0273695675,134.7712848950,126.3560697670
4629, 2026-05-29 11:34:16,1780043656,9256.0,32.9988331389,134.7940433896,146.2983174066,136.3306739410,121.7531388211
4630, 2026-05-29 11:34:18,1780043658,9258.0,32.9929988331,135.2325649894,146.9420274182,136.9140616413,121.8416059086
4631, 2026-05-29 11:34:20,1780043660,9260.0,32.9871645274,136.5962976581,147.4229233731,137.0120208176,125.3539487837
4632, 2026-05-29 11:34:22,1780043662,9262.0,32.9813302217,135.0959018265,147.0418360010,134.9430925850,123.3027768934
4633, 2026-05-29 11:34:24,1780043664,9264.0,32.9754959160,136.6664320112,150.4957584900,136.1783883544,123.3251491890
4634, 2026-05-29 11:34:26,1780043666,9266.0,32.9696616103,135.9105376735,148.0759089688,134.9328283026,124.7228757490
4635, 2026-05-29 11:34:28,1780043668,9268.0,32.9638273046,136.4106879365,148.4399143841,135.5264616208,125.2656878047
4636, 2026-05-29 11:34:30,1780043670,9270.0,32.9579929988,137.6487274967,149.1024679612,138.3297082259,125.5140063029
4637, 2026-05-29 11:34:32,1780043672,9272.0,32.9521586931,135.1498341746,147.6287691610,134.5663712727,123.2543620900
4638, 2026-05-29 11:34:34,1780043674,9274.0,32.9463243874,137.0499485209,149.7781241118,136.1761911141,125.1955303369
4639, 2026-05-29 11:34:36,1780043676,9276.0,32.9404900817,135.9919580704,148.1409501303,136.5468491207,123.2880749602
4640, 2026-05-29 11:34:38,1780043678,9278.0,32.9346557760,136.5790961471,147.5593433795,134.6978075746,127.4801374873
4641, 2026-05-29 11:34:40,1780043680,9280.0,32.9288214702,139.4191828694,150.6930767062,141.7505701270,125.8139017748
4642, 2026-05-29 11:34:42,1780043682,9282.0,32.9229871645,135.9290853522,146.8074026660,136.7585224785,124.2213309120
4643, 2026-05-29 11:34:44,1780043684,9284.0,32.9171528588,136.2569737438,150.5126787510,134.4704468561,123.7877956244
4644, 2026-05-29 11:34:46,1780043686,9286.0,32.9113185531,136.9847248063,149.6469357028,136.0335607835,125.2736779328
4645, 2026-05-29 11:34:48,1780043688,9288.0,32.9054842474,136.4971819654,146.7034004639,137.2569321044,125.5312133280
4646, 2026-05-29 11:34:50,1780043690,9290.0,32.8996499417,136.4434034681,148.7972945434,136.5730189164,123.9598969445
4647, 2026-05-29 11:34:52,1780043692,9292.0,32.8938156359,136.9252515389,147.0021721754,136.4343277241,127.3392547174
4648, 2026-05-29 11:34:54,1780043694,9294.0,32.8879813302,135.5202062311,146.3433024349,137.4579699292,122.7593463291
4649, 2026-05-29 11:34:56,1780043696,9296.0,32.8821470245,136.8622854606,148.8169214873,134.8784591992,126.8914756952
4650, 2026-05-29 11:34:58,1780043698,9298.0,32.8763127188,134.9910151055,146.5662645257,134.9012220391,123.5055587516
4651, 2026-05-29 11:35:00,1780043700,9300.0,32.8704784131,137.1734007248,148.1129194592,135.5084763414,127.8988063738
4652, 2026-05-29 11:35:02,1780043702,9302.0,32.8646441074,135.2725310017,147.3915566909,135.3706974100,123.0553389040
4653, 2026-05-29 11:35:04,1780043704,9304.0,32.8588098016,137.1432924034,150.3657567765,137.0940610652,123.9700593687
4654, 2026-05-29 11:35:06,1780043706,9306.0,32.8529754959,136.1053598827,146.8903282586,136.7794916546,124.6462597349
4655, 2026-05-29 11:35:08,1780043708,9308.0,32.8471411902,137.1303489984,151.9927081405,136.5148879445,122.8834509102
4656, 2026-05-29 11:35:10,1780043710,9310.0,32.8413068845,137.1486165323,150.2147249000,137.4686481701,123.7624765266
4657, 2026-05-29 11:35:12,1780043712,9312.0,32.8354725788,136.7476764011,149.0991246888,137.1327558536,124.0111486608
4658, 2026-05-29 11:35:14,1780043714,9314.0,32.8296382730,135.8848748007,145.4573761134,136.9996489832,125.1975993054
4659, 2026-05-29 11:35:16,1780043716,9316.0,32.8238039673,136.7840451496,147.2685914304,137.9355799329,125.1479640856
4660, 2026-05-29 11:35:18,1780043718,9318.0,32.8179696616,136.8891758823,148.9078543866,136.0247324027,125.7349408576
4661, 2026-05-29 11:35:20,1780043720,9320.0,32.8121353559,135.2312272656,146.6674514999,137.1355690234,121.8906612734
4662, 2026-05-29 11:35:22,1780043722,9322.0,32.8063010502,135.9728223705,149.1612793300,136.2413122525,122.5158755290
4663, 2026-05-29 11:35:24,1780043724,9324.0,32.8004667445,138.2016402359,148.6694964662,137.6454833474,128.2899408941
4664, 2026-05-29 11:35:26,1780043726,9326.0,32.7946324387,136.1266963055,148.2369971663,135.1431917099,124.9999000404
4665, 2026-05-29 11:35:28,1780043728,9328.0,32.7887981330,135.7214411005,146.1155620868,135.1593329574,125.8894282574
4666, 2026-05-29 11:35:30,1780043730,9330.0,32.7829638273,135.7960859989,147.8498245722,135.6799547111,123.8584787135
4667, 2026-05-29 11:35:32,1780043732,9332.0,32.7771295216,134.7039648354,144.8494600741,134.5763146433,124.6861197889
4668, 2026-05-29 11:35:34,1780043734,9334.0,32.7712952159,136.4938280923,148.3945517367,136.8000674740,124.2868650661
4669, 2026-05-29 11:35:36,1780043736,9336.0,32.7654609102,137.6209659468,149.9779471090,138.5719924402,124.3129582912
4670, 2026-05-29 11:35:38,1780043738,9338.0,32.7596266044,136.9999901557,147.8651960669,136.6951060948,126.4396683053
4671, 2026-05-29 11:35:40,1780043740,9340.0,32.7537922987,135.6488881204,149.6512643461,133.9560203609,123.3393796542
4672, 2026-05-29 11:35:42,1780043742,9342.0,32.7479579930,135.4610610506,146.1823573188,137.1082703603,123.0925554728
4673, 2026-05-29 11:35:44,1780043744,9344.0,32.7421236873,136.0252627993,147.3259147198,136.9845996959,123.7652739823
4674, 2026-05-29 11:35:46,1780043746,9346.0,32.7362893816,137.9309816427,150.8385174766,136.1194727840,126.8349546676
4675, 2026-05-29 11:35:48,1780043748,9348.0,32.7304550758,134.9732358930,148.7569981749,132.5392576971,123.6234518071
4676, 2026-05-29 11:35:50,1780043750,9350.0,32.7246207701,137.0388843618,147.6514584453,137.1269361336,126.3382585064
4677, 2026-05-29 11:35:52,1780043752,9352.0,32.7187864644,135.8155631938,148.8956446545,134.7876882846,123.7633566423
4678, 2026-05-29 11:35:54,1780043754,9354.0,32.7129521587,137.6668589670,150.2925164380,138.7873729237,123.9206875395
4679, 2026-05-29 11:35:56,1780043756,9356.0,32.7071178530,136.3296535356,147.9489335397,137.9789229895,123.0611040777
4680, 2026-05-29 11:35:58,1780043758,9358.0,32.7012835473,136.3561444856,150.8952378386,135.8478564470,122.3253391711
4681, 2026-05-29 11:36:00,1780043760,9360.0,32.6954492415,136.3728018009,148.9273499662,136.7851188126,123.4059366239
4682, 2026-05-29 11:36:02,1780043762,9362.0,32.6896149358,135.8816179021,147.6359900820,134.1012884635,125.9075751608
4683, 2026-05-29 11:36:04,1780043764,9364.0,32.6837806301,135.0052686537,146.9368036313,133.4336078851,124.6453944448
4684, 2026-05-29 11:36:06,1780043766,9366.0,32.6779463244,135.5600121004,144.1575270241,136.1522950877,126.3702141895
4685, 2026-05-29 11:36:08,1780043768,9368.0,32.6721120187,139.0645121360,149.4023190178,141.3069452251,126.4842721650
4686, 2026-05-29 11:36:10,1780043770,9370.0,32.6662777130,136.5320105328,148.2269443689,136.0815918732,125.2874953564
4687, 2026-05-29 11:36:12,1780043772,9372.0,32.6604434072,135.3824971950,145.8471364637,135.9991310799,124.3012240414
4688, 2026-05-29 11:36:14,1780043774,9374.0,32.6546091015,136.2423965544,146.6541201885,135.8858236055,126.1872458691
4689, 2026-05-29 11:36:16,1780043776,9376.0,32.6487747958,136.8469892266,149.9656046916,135.5276601980,125.0477027901
4690, 2026-05-29 11:36:18,1780043778,9378.0,32.6429404901,136.3106938638,148.4983849425,134.1517696773,126.2819269716
4691, 2026-05-29 11:36:20,1780043780,9380.0,32.6371061844,137.0531158193,146.4657830826,137.6455286345,127.0480357408
4692, 2026-05-29 11:36:22,1780043782,9382.0,32.6312718786,138.9850322771,149.7523003198,139.8825514285,127.3202450832
4693, 2026-05-29 11:36:24,1780043784,9384.0,32.6254375729,136.4644829305,148.0471187717,135.3404173380,126.0059126820
4694, 2026-05-29 11:36:26,1780043786,9386.0,32.6196032672,136.9001317168,149.0704085178,135.3790121020,126.2509745305
4695, 2026-05-29 11:36:28,1780043788,9388.0,32.6137689615,136.8975807759,152.4326110900,134.7305244515,123.5296067861
4696, 2026-05-29 11:36:30,1780043790,9390.0,32.6079346558,136.8424115666,150.0991476239,133.5751310617,126.8529560142
4697, 2026-05-29 11:36:32,1780043792,9392.0,32.6021003501,137.2355430680,149.0437781502,136.5574185927,126.1054324610
4698, 2026-05-29 11:36:34,1780043794,9394.0,32.5962660443,135.4677767872,147.9521606058,132.9497740211,125.5013957346
4699, 2026-05-29 11:36:36,1780043796,9396.0,32.5904317386,138.1580295668,148.1277991473,136.9608393726,129.3854501805
4700, 2026-05-29 11:36:38,1780043798,9398.0,32.5845974329,135.8166390741,147.4017022617,134.4143805128,125.6338344478
4701, 2026-05-29 11:36:40,1780043800,9400.0,32.5787631272,135.7569711873,148.9563225148,134.9460762193,123.3685148277
4702, 2026-05-29 11:36:42,1780043802,9402.0,32.5729288215,135.9723024518,146.1776426582,137.3777528262,124.3615118709
4703, 2026-05-29 11:36:44,1780043804,9404.0,32.5670945158,137.6630889451,148.9530995410,137.4869377156,126.5492295787
4704, 2026-05-29 11:36:46,1780043806,9406.0,32.5612602100,135.8682084928,149.4315669059,134.4744918742,123.6985666983
4705, 2026-05-29 11:36:48,1780043808,9408.0,32.5554259043,135.9793536941,149.5927656272,134.1307902751,124.2145051801
4706, 2026-05-29 11:36:50,1780043810,9410.0,32.5495915986,137.6228400368,149.8948704830,137.3458526666,125.6277969608
4707, 2026-05-29 11:36:52,1780043812,9412.0,32.5437572929,135.3948520248,146.7650668769,134.2777326106,125.1417565871
4708, 2026-05-29 11:36:54,1780043814,9414.0,32.5379229872,135.2786761321,148.3045749595,133.0417312456,124.4897221913
4709, 2026-05-29 11:36:56,1780043816,9416.0,32.5320886814,135.6741998863,147.2135757430,135.1585018124,124.6505221034
4710, 2026-05-29 11:36:58,1780043818,9418.0,32.5262543757,136.9207240879,147.4160838948,138.5056609223,124.8404274466
4711, 2026-05-29 11:37:00,1780043820,9420.0,32.5204200700,135.4370918526,148.0386012568,134.2933179835,123.9793563177
4712, 2026-05-29 11:37:02,1780043822,9422.0,32.5145857643,137.4716083922,148.6376234215,136.5328006805,127.2444010745
4713, 2026-05-29 11:37:04,1780043824,9424.0,32.5087514586,136.1527811012,147.5246263797,135.6331971208,125.3005198031
4714, 2026-05-29 11:37:06,1780043826,9426.0,32.5029171529,137.9138886733,149.8254253416,137.1739350911,126.7423055871
4715, 2026-05-29 11:37:08,1780043828,9428.0,32.4970828471,136.6077244476,146.9299527143,135.3341841999,127.5590364287
4716, 2026-05-29 11:37:10,1780043830,9430.0,32.4912485414,136.8841628737,149.8209547065,135.2708585386,125.5606753758
4717, 2026-05-29 11:37:12,1780043832,9432.0,32.4854142357,136.1932501787,149.0754379889,135.0832975609,124.4210149862
4718, 2026-05-29 11:37:14,1780043834,9434.0,32.4795799300,134.6464623300,147.5251421528,134.2253270022,122.1889178351
4719, 2026-05-29 11:37:16,1780043836,9436.0,32.4737456243,136.8389339046,148.4988785817,137.1612936321,124.8566295002
4720, 2026-05-29 11:37:18,1780043838,9438.0,32.4679113186,135.1358864492,146.8885177641,136.2513730828,122.2677685006
4721, 2026-05-29 11:37:20,1780043840,9440.0,32.4620770128,136.5096822443,148.8972157547,136.8443803738,123.7874506044
4722, 2026-05-29 11:37:22,1780043842,9442.0,32.4562427071,136.5041508276,150.1792883729,135.7995586878,123.5336054221
4723, 2026-05-29 11:37:24,1780043844,9444.0,32.4504084014,135.7009760144,148.6451216209,134.4989563499,123.9588500725
4724, 2026-05-29 11:37:26,1780043846,9446.0,32.4445740957,136.7696070105,149.6205232714,138.0003718415,122.6879259187
4725, 2026-05-29 11:37:28,1780043848,9448.0,32.4387397900,135.1975435730,147.6111177730,134.1817240480,123.7997888980
4726, 2026-05-29 11:37:30,1780043850,9450.0,32.4329054842,135.5005592052,147.5170901258,132.9625930511,126.0219944386
4727, 2026-05-29 11:37:32,1780043852,9452.0,32.4270711785,135.2500851453,147.3049656507,134.7811473035,123.6641424818
4728, 2026-05-29 11:37:34,1780043854,9454.0,32.4212368728,136.1579775042,147.3107415679,136.4440018198,124.7191891250
4729, 2026-05-29 11:37:36,1780043856,9456.0,32.4154025671,136.6306997877,148.1522666361,136.2726010878,125.4672316391
4730, 2026-05-29 11:37:38,1780043858,9458.0,32.4095682614,137.3355884528,151.8048373494,134.5989112223,125.6030167867
4731, 2026-05-29 11:37:40,1780043860,9460.0,32.4037339557,137.9074657465,149.2869555726,137.4790564467,126.9563852200
4732, 2026-05-29 11:37:42,1780043862,9462.0,32.3978996499,135.2963712869,148.4421856552,134.6949768188,122.7519513867
4733, 2026-05-29 11:37:44,1780043864,9464.0,32.3920653442,136.3236334626,148.6172984192,133.2459375713,127.1076643973
4734, 2026-05-29 11:37:46,1780043866,9466.0,32.3862310385,136.1236988224,148.0617435727,133.9737757554,126.3355771392
4735, 2026-05-29 11:37:48,1780043868,9468.0,32.3803967328,136.4221540925,147.4038295346,135.1977833103,126.6648494327
4736, 2026-05-29 11:37:50,1780043870,9470.0,32.3745624271,136.1023955049,148.1924930996,137.5788844580,122.5358089572
4737, 2026-05-29 11:37:52,1780043872,9472.0,32.3687281214,134.2095059654,147.7276810456,134.2340654209,120.6667714298
4738, 2026-05-29 11:37:54,1780043874,9474.0,32.3628938156,136.1651742964,147.8865950623,135.1522027225,125.4567251044
4739, 2026-05-29 11:37:56,1780043876,9476.0,32.3570595099,135.5094990274,148.6400994873,134.9664428491,122.9219547457
4740, 2026-05-29 11:37:58,1780043878,9478.0,32.3512252042,137.0952511359,147.5977559307,137.4620144598,126.2259830171
4741, 2026-05-29 11:38:00,1780043880,9480.0,32.3453908985,137.0838470275,145.2935766098,138.4840586380,127.4739058348
4742, 2026-05-29 11:38:02,1780043882,9482.0,32.3395565928,136.9222832903,149.5291898976,137.3597617743,123.8778981989
4743, 2026-05-29 11:38:04,1780043884,9484.0,32.3337222870,135.9351529416,146.8576737009,135.3403049459,125.6074801781
4744, 2026-05-29 11:38:06,1780043886,9486.0,32.3278879813,135.6717876708,148.8145151865,136.6697144494,121.5311333765
4745, 2026-05-29 11:38:08,1780043888,9488.0,32.3220536756,136.2289357668,147.5665959417,135.2065193830,125.9136919757
4746, 2026-05-29 11:38:10,1780043890,9490.0,32.3162193699,136.1215940598,145.3024911763,134.8600794377,128.2022115655
4747, 2026-05-29 11:38:12,1780043892,9492.0,32.3103850642,136.8628318025,151.2350746076,135.6932298896,123.6601909103
4748, 2026-05-29 11:38:14,1780043894,9494.0,32.3045507585,136.8592777330,147.9521421184,136.2987262073,126.3269648732
4749, 2026-05-29 11:38:16,1780043896,9496.0,32.2987164527,137.3003268154,150.1192835524,135.1950186987,126.5866781951
4750, 2026-05-29 11:38:18,1780043898,9498.0,32.2928821470,134.9188457835,147.3374962954,133.7538598509,123.6651812041
4751, 2026-05-29 11:38:20,1780043900,9500.0,32.2870478413,136.7998992990,146.1398002067,137.3581284233,126.9017692670
4752, 2026-05-29 11:38:22,1780043902,9502.0,32.2812135356,136.8152452600,148.3228103098,134.5155989682,127.6073265021
4753, 2026-05-29 11:38:24,1780043904,9504.0,32.2753792299,136.5906703255,149.2869119551,138.2251299500,122.2599690715
4754, 2026-05-29 11:38:26,1780043906,9506.0,32.2695449242,138.2559871415,149.4539881791,137.3131515683,128.0008216772
4755, 2026-05-29 11:38:28,1780043908,9508.0,32.2637106184,138.6465839644,150.3907480790,136.7689748730,128.7800289411
4756, 2026-05-29 11:38:30,1780043910,9510.0,32.2578763127,135.0142248509,146.3039956562,135.7474699452,122.9912089511
4757, 2026-05-29 11:38:32,1780043912,9512.0,32.2520420070,137.7084116645,147.0070521430,138.3899102153,127.7282726352
4758, 2026-05-29 11:38:34,1780043914,9514.0,32.2462077013,136.4144995920,149.0451555428,134.8401317875,125.3582114457
4759, 2026-05-29 11:38:36,1780043916,9516.0,32.2403733956,137.2807530331,148.1078854571,137.2865345684,126.4478390740
4760, 2026-05-29 11:38:38,1780043918,9518.0,32.2345390898,135.3850234504,144.8962909186,135.7879640777,125.4708153550
4761, 2026-05-29 11:38:40,1780043920,9520.0,32.2287047841,136.2700362004,146.7688083885,136.6146336935,125.4266665193
4762, 2026-05-29 11:38:42,1780043922,9522.0,32.2228704784,137.7814386188,147.9652988530,137.9173304120,127.4616865913
4763, 2026-05-29 11:38:44,1780043924,9524.0,32.2170361727,135.6799289407,149.8350974031,135.0066823041,122.1980071148
4764, 2026-05-29 11:38:46,1780043926,9526.0,32.2112018670,135.6950503295,147.0340531359,133.6049743733,126.4461234794
4765, 2026-05-29 11:38:48,1780043928,9528.0,32.2053675613,136.2373491038,148.3477011459,136.4283992257,123.9359469398
4766, 2026-05-29 11:38:50,1780043930,9530.0,32.1995332555,136.0288246900,147.3399819348,138.8626501843,121.8838419509
4767, 2026-05-29 11:38:52,1780043932,9532.0,32.1936989498,137.2220546344,148.5127367398,140.9825107972,122.1709163663
4768, 2026-05-29 11:38:54,1780043934,9534.0,32.1878646441,137.9386696543,152.1230579614,137.4382360462,124.2547149553
4769, 2026-05-29 11:38:56,1780043936,9536.0,32.1820303384,137.7826678136,152.4649381312,137.6664484898,123.2166168198
4770, 2026-05-29 11:38:58,1780043938,9538.0,32.1761960327,136.7253123247,147.8064238014,136.8206780783,125.5488350945
4771, 2026-05-29 11:39:00,1780043940,9540.0,32.1703617270,137.9913557239,148.8118183153,138.4306052182,126.7316436382
4772, 2026-05-29 11:39:02,1780043942,9542.0,32.1645274212,137.3832152088,151.6049261857,135.2289068125,125.3158126283
4773, 2026-05-29 11:39:04,1780043944,9544.0,32.1586931155,136.4710840645,147.6746230986,138.7496791618,122.9889499332
4774, 2026-05-29 11:39:06,1780043946,9546.0,32.1528588098,139.3458589641,148.5478337443,141.3932807946,128.0964623535
4775, 2026-05-29 11:39:08,1780043948,9548.0,32.1470245041,135.9282107487,145.9245594193,135.1454660596,126.7146067671
4776, 2026-05-29 11:39:10,1780043950,9550.0,32.1411901984,136.0927558796,147.4138869954,135.1981891763,125.6661914671
4777, 2026-05-29 11:39:12,1780043952,9552.0,32.1353558926,135.6981297567,145.6910164707,134.1383211811,127.2650516185
4778, 2026-05-29 11:39:14,1780043954,9554.0,32.1295215869,137.4588664239,148.2617390897,138.6476787805,125.4671814015
4779, 2026-05-29 11:39:16,1780043956,9556.0,32.1236872812,136.4770512058,147.9225267823,134.0088581153,127.4997687199
4780, 2026-05-29 11:39:18,1780043958,9558.0,32.1178529755,135.5638099063,147.6062044163,136.1153166308,122.9699086719
4781, 2026-05-29 11:39:20,1780043960,9560.0,32.1120186698,136.3049046416,147.0619337682,136.2496284635,125.6031516930
4782, 2026-05-29 11:39:22,1780043962,9562.0,32.1061843641,137.2745721126,149.8389542852,136.4186038509,125.5661582015
4783, 2026-05-29 11:39:24,1780043964,9564.0,32.1003500583,137.2907993751,149.7950412173,138.0139907876,124.0633661204
4784, 2026-05-29 11:39:26,1780043966,9566.0,32.0945157526,137.2228252336,149.0617300158,137.7109115442,124.8958341406
4785, 2026-05-29 11:39:28,1780043968,9568.0,32.0886814469,135.2061069226,147.2884331563,133.5258618535,124.8040257579
4786, 2026-05-29 11:39:30,1780043970,9570.0,32.0828471412,137.0649949104,149.9812028113,136.5188595185,124.6949224013
4787, 2026-05-29 11:39:32,1780043972,9572.0,32.0770128355,137.5886862753,148.0374649411,137.3502226192,127.3783712655
4788, 2026-05-29 11:39:34,1780043974,9574.0,32.0711785298,135.2285230210,147.4704987480,136.3563715947,121.8586987204
4789, 2026-05-29 11:39:36,1780043976,9576.0,32.0653442240,135.3936138781,146.1731546070,138.2927283021,121.7149587250
4790, 2026-05-29 11:39:38,1780043978,9578.0,32.0595099183,138.5722601310,150.0503744048,138.0666436143,127.5997623739
4791, 2026-05-29 11:39:40,1780043980,9580.0,32.0536756126,136.7555650695,149.9229982440,134.6226645479,125.7210324165
4792, 2026-05-29 11:39:42,1780043982,9582.0,32.0478413069,138.8183788960,148.9043681479,139.3221535927,128.2286149476
4793, 2026-05-29 11:39:44,1780043984,9584.0,32.0420070012,135.7869291528,147.9045258727,137.9970632479,121.4591983377
4794, 2026-05-29 11:39:46,1780043986,9586.0,32.0361726954,135.5501907959,145.0384825265,136.1247796293,125.4873102320
4795, 2026-05-29 11:39:48,1780043988,9588.0,32.0303383897,134.8321652997,145.9873181179,134.8050214440,123.7041563373
4796, 2026-05-29 11:39:50,1780043990,9590.0,32.0245040840,136.6402239647,148.8805321765,136.8410510555,124.1990886621
4797, 2026-05-29 11:39:52,1780043992,9592.0,32.0186697783,138.9666941625,149.1062097028,139.9076316230,127.8862411616
4798, 2026-05-29 11:39:54,1780043994,9594.0,32.0128354726,137.0818476523,150.7350050143,137.2417075598,123.2688303828
4799, 2026-05-29 11:39:56,1780043996,9596.0,32.0070011669,136.6377624237,149.4273014296,134.7320768582,125.7539089834
4800, 2026-05-29 11:39:58,1780043998,9598.0,32.0011668611,136.3996785847,147.6148796300,137.3184607626,124.2656953616
4801, 2026-05-29 11:40:00,1780044000,9600.0,31.9953325554,136.5152553747,147.8020712007,136.2414874423,125.5022074812
4802, 2026-05-29 11:40:02,1780044002,9602.0,31.9894982497,137.0932528590,150.2310301145,135.3826369450,125.6660915176
4803, 2026-05-29 11:40:04,1780044004,9604.0,31.9836639440,137.7620093311,148.1802901926,137.6806517767,127.4250860241
4804, 2026-05-29 11:40:06,1780044006,9606.0,31.9778296383,137.3638909882,149.0033524847,135.5069323524,127.5813881276
4805, 2026-05-29 11:40:08,1780044008,9608.0,31.9719953326,137.0137718386,147.6464324347,138.1316823437,125.2632007372
4806, 2026-05-29 11:40:10,1780044010,9610.0,31.9661610268,136.5736682237,147.5567395293,136.2919430460,125.8723220959
4807, 2026-05-29 11:40:12,1780044012,9612.0,31.9603267211,138.1395983065,147.9026287535,138.5186118209,127.9975543451
4808, 2026-05-29 11:40:14,1780044014,9614.0,31.9544924154,136.3805187898,149.6761491900,135.8731354330,123.5922717465
4809, 2026-05-29 11:40:16,1780044016,9616.0,31.9486581097,135.9855708014,146.9898451952,137.3368886455,123.6299785636
4810, 2026-05-29 11:40:18,1780044018,9618.0,31.9428238040,136.2402800822,149.3551141429,133.8707089372,125.4950171664
4811, 2026-05-29 11:40:20,1780044020,9620.0,31.9369894982,136.9695511795,150.1451630456,136.0273477711,124.7361427218
4812, 2026-05-29 11:40:22,1780044022,9622.0,31.9311551925,135.6536321048,145.2856726203,135.5069071602,126.1683165340
4813, 2026-05-29 11:40:24,1780044024,9624.0,31.9253208868,136.3091504106,148.4846324178,134.7905621326,125.6522566815
4814, 2026-05-29 11:40:26,1780044026,9626.0,31.9194865811,136.8934815033,149.8347394465,137.6617332331,123.1839718303
4815, 2026-05-29 11:40:28,1780044028,9628.0,31.9136522754,137.0580416154,148.1561625184,136.9392985417,126.0786637861
4816, 2026-05-29 11:40:30,1780044030,9630.0,31.9078179697,136.4824228107,149.0707588992,136.1259008324,124.2506087005
4817, 2026-05-29 11:40:32,1780044032,9632.0,31.9019836639,135.8171644993,147.8155028857,137.0622395711,122.5737510409
4818, 2026-05-29 11:40:34,1780044034,9634.0,31.8961493582,136.8480754964,147.3376564713,136.9729817763,126.2335882416
4819, 2026-05-29 11:40:36,1780044036,9636.0,31.8903150525,134.7456011139,147.0441719192,135.8951735781,121.2974578444
4820, 2026-05-29 11:40:38,1780044038,9638.0,31.8844807468,136.0177441155,147.9027600135,136.1841758718,123.9662964610
4821, 2026-05-29 11:40:40,1780044040,9640.0,31.8786464411,137.3744833147,148.7748177875,137.4802087208,125.8684234358
4822, 2026-05-29 11:40:42,1780044042,9642.0,31.8728121354,138.4321978576,153.1404009877,134.7938906958,127.3623018892
4823, 2026-05-29 11:40:44,1780044044,9644.0,31.8669778296,135.9278737735,147.6861368177,135.1736091389,124.9238753639
4824, 2026-05-29 11:40:46,1780044046,9646.0,31.8611435239,136.9231741460,148.8118672213,137.4453265023,124.5123287144
4825, 2026-05-29 11:40:48,1780044048,9648.0,31.8553092182,137.6469193264,150.6044077138,136.5232876241,125.8130626413
4826, 2026-05-29 11:40:50,1780044050,9650.0,31.8494749125,137.2635871080,149.7084947401,135.4742552018,126.6080113819
4827, 2026-05-29 11:40:52,1780044052,9652.0,31.8436406068,136.8405946021,146.2560084497,138.1995952263,126.0661801302
4828, 2026-05-29 11:40:54,1780044054,9654.0,31.8378063011,136.9573727506,148.2953321490,137.3125728839,125.2642132188
4829, 2026-05-29 11:40:56,1780044056,9656.0,31.8319719953,136.5086120185,146.8474777986,136.2937269974,126.3846312596
4830, 2026-05-29 11:40:58,1780044058,9658.0,31.8261376896,137.6103692630,148.7015300805,137.8121295867,126.3174481218
4831, 2026-05-29 11:41:00,1780044060,9660.0,31.8203033839,136.2523464704,145.3784839714,139.0595212714,124.3190341683
4832, 2026-05-29 11:41:02,1780044062,9662.0,31.8144690782,137.2673480632,146.5439834409,140.0263631448,125.2316976038
4833, 2026-05-29 11:41:04,1780044064,9664.0,31.8086347725,137.6866006297,151.5220439152,135.8542840927,125.6834738813
4834, 2026-05-29 11:41:06,1780044066,9666.0,31.8028004667,135.0184277675,146.7645232141,134.1403389719,124.1504211163
4835, 2026-05-29 11:41:08,1780044068,9668.0,31.7969661610,137.6241208418,148.3390108036,138.8409436398,125.6924080819
4836, 2026-05-29 11:41:10,1780044070,9670.0,31.7911318553,136.8009051487,149.0690063259,136.6334885885,124.7002205317
4837, 2026-05-29 11:41:12,1780044072,9672.0,31.7852975496,138.7626172057,149.6456295523,137.1930538680,129.4491681968
4838, 2026-05-29 11:41:14,1780044074,9674.0,31.7794632439,136.2509773081,150.2821362849,133.2369957739,125.2337998656
4839, 2026-05-29 11:41:16,1780044076,9676.0,31.7736289382,136.5575902284,151.0559499034,137.2240217864,121.3927989955
4840, 2026-05-29 11:41:18,1780044078,9678.0,31.7677946324,137.5558977777,152.0757913570,136.3310090514,124.2608929247
4841, 2026-05-29 11:41:20,1780044080,9680.0,31.7619603267,136.9724557558,150.4647485923,135.5044593298,124.9481593454
4842, 2026-05-29 11:41:22,1780044082,9682.0,31.7561260210,136.7770927296,149.0491941594,136.6513015600,124.6307824695
4843, 2026-05-29 11:41:24,1780044084,9684.0,31.7502917153,135.6488279686,150.6241665779,132.8197696729,123.5025476551
4844, 2026-05-29 11:41:26,1780044086,9686.0,31.7444574096,136.5900058790,149.2484253363,136.4693955942,124.0521967065
4845, 2026-05-29 11:41:28,1780044088,9688.0,31.7386231039,137.1306856996,149.0403170718,136.4295139519,125.9222260752
4846, 2026-05-29 11:41:30,1780044090,9690.0,31.7327887981,135.1985636259,144.9195559537,134.8250855740,125.8510493500
4847, 2026-05-29 11:41:32,1780044092,9692.0,31.7269544924,136.2372072341,147.8333787111,134.6134091391,126.2648338521
4848, 2026-05-29 11:41:34,1780044094,9694.0,31.7211201867,138.5511398171,149.9662334477,138.6791874611,127.0079985424
4849, 2026-05-29 11:41:36,1780044096,9696.0,31.7152858810,137.0517346794,150.9065392575,135.4015485274,124.8471162533
4850, 2026-05-29 11:41:38,1780044098,9698.0,31.7094515753,138.4232513187,151.6200293453,136.9135167308,126.7362078799
4851, 2026-05-29 11:41:40,1780044100,9700.0,31.7036172695,136.4358198412,149.2331254031,137.5449942658,122.5293398546
4852, 2026-05-29 11:41:42,1780044102,9702.0,31.6977829638,136.6482663353,148.7814773763,135.5178094773,125.6455121525
4853, 2026-05-29 11:41:44,1780044104,9704.0,31.6919486581,138.5002758641,147.5553108953,139.9598976635,127.9856190336
4854, 2026-05-29 11:41:46,1780044106,9706.0,31.6861143524,134.6618161925,148.8599255301,133.2472153080,121.8783077393
4855, 2026-05-29 11:41:48,1780044108,9708.0,31.6802800467,137.1564713682,148.6008976724,135.2056533407,127.6628630916
4856, 2026-05-29 11:41:50,1780044110,9710.0,31.6744457410,137.0611456410,149.4811961136,138.5060958140,123.1961449953
4857, 2026-05-29 11:41:52,1780044112,9712.0,31.6686114352,137.1554442824,147.2312134158,135.6734612811,128.5616581504
4858, 2026-05-29 11:41:54,1780044114,9714.0,31.6627771295,137.5427317440,147.7550169172,137.7602723266,127.1129059883
4859, 2026-05-29 11:41:56,1780044116,9716.0,31.6569428238,135.5482995776,145.3702139961,135.6676771614,125.6070075752
4860, 2026-05-29 11:41:58,1780044118,9718.0,31.6511085181,137.0096906177,150.9294002804,136.6730650516,123.4266065210
4861, 2026-05-29 11:42:00,1780044120,9720.0,31.6452742124,137.0297629228,147.5787492932,135.9717701685,127.5387693067
4862, 2026-05-29 11:42:02,1780044122,9722.0,31.6394399067,136.2203976776,147.8890139920,134.6226961049,126.1494829360
4863, 2026-05-29 11:42:04,1780044124,9724.0,31.6336056009,135.4632061511,145.1496438984,134.7084595456,126.5315150094
4864, 2026-05-29 11:42:06,1780044126,9726.0,31.6277712952,138.3974720473,149.2225721664,138.0587603624,127.9110836132
4865, 2026-05-29 11:42:08,1780044128,9728.0,31.6219369895,137.8530785241,150.3956473373,137.2796939585,125.8838942767
4866, 2026-05-29 11:42:10,1780044130,9730.0,31.6161026838,137.8200667348,149.4698324425,135.7216485061,128.2687192557
4867, 2026-05-29 11:42:12,1780044132,9732.0,31.6102683781,136.8410199625,148.6452377711,138.9804352897,122.8973868268
4868, 2026-05-29 11:42:14,1780044134,9734.0,31.6044340723,136.5819683339,148.6834843956,137.5059155898,123.5565050164
4869, 2026-05-29 11:42:16,1780044136,9736.0,31.5985997666,138.3831810563,150.1079241334,137.0773016010,127.9643174345
4870, 2026-05-29 11:42:18,1780044138,9738.0,31.5927654609,136.5235128059,148.0621681456,135.3274626595,126.1809076127
4871, 2026-05-29 11:42:20,1780044140,9740.0,31.5869311552,137.1561680776,147.5274996707,137.0451968180,126.8958077442
4872, 2026-05-29 11:42:22,1780044142,9742.0,31.5810968495,136.4930582141,149.3068230731,136.0823190243,124.0900325450
4873, 2026-05-29 11:42:24,1780044144,9744.0,31.5752625438,137.3083586798,147.0547375644,136.5597444695,128.3105940055
4874, 2026-05-29 11:42:26,1780044146,9746.0,31.5694282380,137.8860289918,149.0607916374,139.1758149219,125.4214804160
4875, 2026-05-29 11:42:28,1780044148,9748.0,31.5635939323,137.5398164498,148.4685297128,137.0526259368,127.0982936998
4876, 2026-05-29 11:42:30,1780044150,9750.0,31.5577596266,136.5523396496,149.3374430243,135.9118891157,124.4076868087
4877, 2026-05-29 11:42:32,1780044152,9752.0,31.5519253209,135.6740133668,147.6859151747,135.9534771099,123.3826478159
4878, 2026-05-29 11:42:34,1780044154,9754.0,31.5460910152,138.0405027039,151.9104940610,135.5378599337,126.6731541169
4879, 2026-05-29 11:42:36,1780044156,9756.0,31.5402567095,137.1056508447,148.9372568899,136.9520653025,125.4276303416
4880, 2026-05-29 11:42:38,1780044158,9758.0,31.5344224037,136.6808231336,147.7304591443,136.7950163158,125.5169939406
4881, 2026-05-29 11:42:40,1780044160,9760.0,31.5285880980,138.2243376515,151.2743022888,137.3606602987,126.0380503671
4882, 2026-05-29 11:42:42,1780044162,9762.0,31.5227537923,136.6575756534,150.8451708297,134.0252986405,125.1022574899
4883, 2026-05-29 11:42:44,1780044164,9764.0,31.5169194866,138.4819908185,149.7646140819,139.9915719298,125.6897864438
4884, 2026-05-29 11:42:46,1780044166,9766.0,31.5110851809,135.9773918095,147.6273975186,134.9139481533,125.3908297568
4885, 2026-05-29 11:42:48,1780044168,9768.0,31.5052508751,138.0999780020,149.3561160974,138.5546108022,126.3892071063
4886, 2026-05-29 11:42:50,1780044170,9770.0,31.4994165694,135.0910269928,147.8702466997,134.4747567208,122.9280775581
4887, 2026-05-29 11:42:52,1780044172,9772.0,31.4935822637,136.5851449381,149.1357703276,135.3900987787,125.2295657081
4888, 2026-05-29 11:42:54,1780044174,9774.0,31.4877479580,135.8478145639,148.4437654171,137.3308888810,121.7687893937
4889, 2026-05-29 11:42:56,1780044176,9776.0,31.4819136523,137.2347741021,148.8076213119,139.4321785587,123.4645224356
4890, 2026-05-29 11:42:58,1780044178,9778.0,31.4760793466,135.9992274795,148.8109874164,137.0907237719,122.0959712502
4891, 2026-05-29 11:43:00,1780044180,9780.0,31.4702450408,137.2747402610,149.5769167303,136.7012917967,125.5460122562
4892, 2026-05-29 11:43:02,1780044182,9782.0,31.4644107351,135.5160145494,145.6012628855,135.6148520340,125.3319287287
4893, 2026-05-29 11:43:04,1780044184,9784.0,31.4585764294,135.9226090666,148.2086139268,135.8153084770,123.7439047959
4894, 2026-05-29 11:43:06,1780044186,9786.0,31.4527421237,137.7753465039,150.3114509027,138.2636641522,124.7509244569
4895, 2026-05-29 11:43:08,1780044188,9788.0,31.4469078180,136.5438069689,149.5560136552,136.8177665836,123.2576406679
4896, 2026-05-29 11:43:10,1780044190,9790.0,31.4410735123,137.5159993526,147.5670394392,139.1274122019,125.8535464167
4897, 2026-05-29 11:43:12,1780044192,9792.0,31.4352392065,136.4349961379,148.4947146769,135.1419794760,125.6682942608
4898, 2026-05-29 11:43:14,1780044194,9794.0,31.4294049008,136.1250133985,148.1481514218,137.9136926703,122.3131961034
4899, 2026-05-29 11:43:16,1780044196,9796.0,31.4235705951,135.6386831120,146.9051835571,135.2120504466,124.7988153324
4900, 2026-05-29 11:43:18,1780044198,9798.0,31.4177362894,138.1246697344,148.4925755875,139.1182463198,126.7631872959
4901, 2026-05-29 11:43:20,1780044200,9800.0,31.4119019837,136.5870733521,146.8597651922,136.2964729272,126.6049819370
4902, 2026-05-29 11:43:22,1780044202,9802.0,31.4060676779,137.3748755639,148.1656143743,137.3146473321,126.6443649853
4903, 2026-05-29 11:43:24,1780044204,9804.0,31.4002333722,136.0748751182,150.3488114840,134.9940832821,122.8817305884
4904, 2026-05-29 11:43:26,1780044206,9806.0,31.3943990665,135.7670673664,147.4102169610,135.5192897281,124.3716954101
4905, 2026-05-29 11:43:28,1780044208,9808.0,31.3885647608,136.1209042273,149.0819885437,135.1585272105,124.1221969278
4906, 2026-05-29 11:43:30,1780044210,9810.0,31.3827304551,136.8674602691,148.5315861919,135.8086565272,126.2621380880
4907, 2026-05-29 11:43:32,1780044212,9812.0,31.3768961494,138.0015776949,148.8718418411,140.2896840993,124.8432071443
4908, 2026-05-29 11:43:34,1780044214,9814.0,31.3710618436,134.7204875932,147.8105496470,133.0577641884,123.2931489443
4909, 2026-05-29 11:43:36,1780044216,9816.0,31.3652275379,138.1319865623,148.9395769945,140.3656780723,125.0907046200
4910, 2026-05-29 11:43:38,1780044218,9818.0,31.3593932322,137.1877282441,150.4507400971,135.5711951339,125.5412495014
4911, 2026-05-29 11:43:40,1780044220,9820.0,31.3535589265,137.1617682727,149.0604253982,135.1998613196,127.2250181004
4912, 2026-05-29 11:43:42,1780044222,9822.0,31.3477246208,137.6823484871,150.4721224605,135.9990554450,126.5758675558
4913, 2026-05-29 11:43:44,1780044224,9824.0,31.3418903151,136.4808391521,149.3865538078,134.8418662386,125.2140974098
4914, 2026-05-29 11:43:46,1780044226,9826.0,31.3360560093,137.6634734177,149.9563536147,136.9601841995,126.0738824389
4915, 2026-05-29 11:43:48,1780044228,9828.0,31.3302217036,138.1979856550,151.0121704800,138.6814237151,124.9003627700
4916, 2026-05-29 11:43:50,1780044230,9830.0,31.3243873979,137.9607048748,150.8074347349,135.4716418968,127.6030379927
4917, 2026-05-29 11:43:52,1780044232,9832.0,31.3185530922,135.5617372821,146.5391071677,135.6487617371,124.4973429414
4918, 2026-05-29 11:43:54,1780044234,9834.0,31.3127187865,137.2431660990,147.8046065317,137.4044515091,126.5204402560
4919, 2026-05-29 11:43:56,1780044236,9836.0,31.3068844807,136.5419061636,146.7315701055,137.0589788434,125.8351695420
4920, 2026-05-29 11:43:58,1780044238,9838.0,31.3010501750,136.3612510996,148.4845440363,135.1143379162,125.4848713462
4921, 2026-05-29 11:44:00,1780044240,9840.0,31.2952158693,137.5540776438,151.3872163109,137.8415013769,123.4335152435
4922, 2026-05-29 11:44:02,1780044242,9842.0,31.2893815636,137.3236999770,146.9591370137,138.6499348821,126.3620280354
4923, 2026-05-29 11:44:04,1780044244,9844.0,31.2835472579,137.9498406898,150.2646638909,136.6808599182,126.9039982602
4924, 2026-05-29 11:44:06,1780044246,9846.0,31.2777129522,134.5167691322,147.1918281297,133.9415541193,122.4169251475
4925, 2026-05-29 11:44:08,1780044248,9848.0,31.2718786464,136.6393959732,148.2953711570,137.4715375955,124.1512791671
4926, 2026-05-29 11:44:10,1780044250,9850.0,31.2660443407,138.0227337621,149.8992269937,137.5563044703,126.6126698223
4927, 2026-05-29 11:44:12,1780044252,9852.0,31.2602100350,136.2574000890,149.0137779714,133.7512880071,126.0071342886
4928, 2026-05-29 11:44:14,1780044254,9854.0,31.2543757293,137.4877236129,147.3855361543,136.2300540053,128.8475806792
4929, 2026-05-29 11:44:16,1780044256,9856.0,31.2485414236,137.8972965551,148.2144599127,138.5962891247,126.8811406279
4930, 2026-05-29 11:44:18,1780044258,9858.0,31.2427071179,136.3786413654,146.9314423550,137.9288491743,124.2756325669
4931, 2026-05-29 11:44:20,1780044260,9860.0,31.2368728121,137.4836508545,149.6198659568,135.0140136667,127.8170729402
4932, 2026-05-29 11:44:22,1780044262,9862.0,31.2310385064,138.7868091762,150.6319978612,136.8325984065,128.8958312609
4933, 2026-05-29 11:44:24,1780044264,9864.0,31.2252042007,137.5516284567,149.7444125711,137.5300037106,125.3804690883
4934, 2026-05-29 11:44:26,1780044266,9866.0,31.2193698950,136.4798731251,147.8701241106,136.7043620968,124.8651331681
4935, 2026-05-29 11:44:28,1780044268,9868.0,31.2135355893,137.5046408621,149.2856757264,138.8852660886,124.3429807713
4936, 2026-05-29 11:44:30,1780044270,9870.0,31.2077012835,137.0391377667,147.7912893055,138.5978115037,124.7283124909
4937, 2026-05-29 11:44:32,1780044272,9872.0,31.2018669778,138.3553071135,149.3796218275,139.1949895691,126.4913099437
4938, 2026-05-29 11:44:34,1780044274,9874.0,31.1960326721,137.5057245311,147.4207573972,139.0595889658,126.0368272304
4939, 2026-05-29 11:44:36,1780044276,9876.0,31.1901983664,137.1755078823,149.0174246020,136.6509618301,125.8581372148
4940, 2026-05-29 11:44:38,1780044278,9878.0,31.1843640607,137.7767437322,149.3022577534,136.7275416336,127.3004318096
4941, 2026-05-29 11:44:40,1780044280,9880.0,31.1785297550,136.3864589747,146.2726332249,137.1594187443,125.7273249548
4942, 2026-05-29 11:44:42,1780044282,9882.0,31.1726954492,138.3952310299,151.4694164131,136.0945118436,127.6217648330
4943, 2026-05-29 11:44:44,1780044284,9884.0,31.1668611435,137.0019282103,148.4999457201,135.6856429689,126.8201959419
4944, 2026-05-29 11:44:46,1780044286,9886.0,31.1610268378,136.1236788479,148.0100405061,135.1781337040,125.1828623336
4945, 2026-05-29 11:44:48,1780044288,9888.0,31.1551925321,137.7971222926,150.2905524813,138.5787714649,124.5220429317
4946, 2026-05-29 11:44:50,1780044290,9890.0,31.1493582264,135.2968243786,147.9433066586,137.1731775154,120.7739889619
4947, 2026-05-29 11:44:52,1780044292,9892.0,31.1435239207,135.9545744464,146.8682950943,135.9611660958,125.0342621492
4948, 2026-05-29 11:44:54,1780044294,9894.0,31.1376896149,137.1525786299,148.1516841984,138.3774045207,124.9286471706
4949, 2026-05-29 11:44:56,1780044296,9896.0,31.1318553092,137.0406354074,148.9995299215,136.3457112833,125.7766650174
4950, 2026-05-29 11:44:58,1780044298,9898.0,31.1260210035,137.4895314224,149.2654980875,138.2273171503,124.9757790296
4951, 2026-05-29 11:45:00,1780044300,9900.0,31.1201866978,138.0271170828,151.3703737794,136.4374955735,126.2734818955
4952, 2026-05-29 11:45:02,1780044302,9902.0,31.1143523921,136.6397581086,148.9407815432,134.9352607950,126.0432319876
4953, 2026-05-29 11:45:04,1780044304,9904.0,31.1085180863,137.4092829909,149.1477800200,138.0064181496,125.0736508030
4954, 2026-05-29 11:45:06,1780044306,9906.0,31.1026837806,138.0040373451,151.1883340539,135.7484505249,127.0753274566
4955, 2026-05-29 11:45:08,1780044308,9908.0,31.0968494749,137.2312114862,149.6822244002,135.5405856743,126.4708243840
4956, 2026-05-29 11:45:10,1780044310,9910.0,31.0910151692,136.7754187863,149.2399947265,136.1795671005,124.9066945319
4957, 2026-05-29 11:45:12,1780044312,9912.0,31.0851808635,137.0521751541,148.0792134117,136.1743002624,126.9030117882
4958, 2026-05-29 11:45:14,1780044314,9914.0,31.0793465578,137.0386981700,147.2313793970,136.8652257066,127.0194894064
4959, 2026-05-29 11:45:16,1780044316,9916.0,31.0735122520,136.7540925798,149.6000696149,135.6372005883,125.0250075364
4960, 2026-05-29 11:45:18,1780044318,9918.0,31.0676779463,136.0983697468,146.7900440153,137.7179636354,123.7871015897
4961, 2026-05-29 11:45:20,1780044320,9920.0,31.0618436406,137.1187582703,147.7182848917,137.5187874906,126.1192024285
4962, 2026-05-29 11:45:22,1780044322,9922.0,31.0560093349,136.1330733027,149.2135614089,137.0820857828,122.1035727162
4963, 2026-05-29 11:45:24,1780044324,9924.0,31.0501750292,136.3386507515,150.5710132419,135.2559112345,123.1890277781
4964, 2026-05-29 11:45:26,1780044326,9926.0,31.0443407235,136.3858460075,147.8752583934,138.4676723173,122.8146073116
4965, 2026-05-29 11:45:28,1780044328,9928.0,31.0385064177,137.8265250783,150.2752426215,136.4326998642,126.7716327492
4966, 2026-05-29 11:45:30,1780044330,9930.0,31.0326721120,137.6285495191,147.0962461310,137.2750538182,128.5143486079
4967, 2026-05-29 11:45:32,1780044332,9932.0,31.0268378063,138.6446592698,151.0336093681,137.3409936881,127.5593747533
4968, 2026-05-29 11:45:34,1780044334,9934.0,31.0210035006,137.0393063053,149.2750287035,136.2074205452,125.6354696672
4969, 2026-05-29 11:45:36,1780044336,9936.0,31.0151691949,137.9099604350,148.8145293379,138.4942437168,126.4211082502
4970, 2026-05-29 11:45:38,1780044338,9938.0,31.0093348891,137.5156357250,150.6107942092,138.6569045392,123.2792084264
4971, 2026-05-29 11:45:40,1780044340,9940.0,31.0035005834,138.5295120694,152.3024831496,139.1967052146,124.0893478439
4972, 2026-05-29 11:45:42,1780044342,9942.0,30.9976662777,137.1016010117,148.5314397097,137.5389311299,125.2344321956
4973, 2026-05-29 11:45:44,1780044344,9944.0,30.9918319720,137.3385968463,149.2572559306,138.2600759209,124.4984586872
4974, 2026-05-29 11:45:46,1780044346,9946.0,30.9859976663,138.1810734231,148.7720203319,136.3084820347,129.4627179028
4975, 2026-05-29 11:45:48,1780044348,9948.0,30.9801633606,137.0823121565,151.2060007542,135.6513150682,124.3896206470
4976, 2026-05-29 11:45:50,1780044350,9950.0,30.9743290548,136.0424649657,147.0336437004,136.6522423654,124.4415088312
4977, 2026-05-29 11:45:52,1780044352,9952.0,30.9684947491,138.5397467803,149.4645403211,138.4927061449,127.6619938749
4978, 2026-05-29 11:45:54,1780044354,9954.0,30.9626604434,136.6395371344,146.4940654213,137.1247245099,126.2998214721
4979, 2026-05-29 11:45:56,1780044356,9956.0,30.9568261377,137.7999410179,149.9426786872,136.9782919921,126.4788523744
4980, 2026-05-29 11:45:58,1780044358,9958.0,30.9509918320,136.7346108153,149.8240251016,136.4988460096,123.8809613346
4981, 2026-05-29 11:46:00,1780044360,9960.0,30.9451575263,136.1589159977,150.9085291078,134.3746085949,123.1936102905
4982, 2026-05-29 11:46:02,1780044362,9962.0,30.9393232205,136.0373795848,148.9630402799,134.8243396114,124.3247588631
4983, 2026-05-29 11:46:04,1780044364,9964.0,30.9334889148,136.1914128241,149.2178403546,136.1751200155,123.1812781022
4984, 2026-05-29 11:46:06,1780044366,9966.0,30.9276546091,137.4901776823,149.6842714981,137.6125711525,125.1736903962
4985, 2026-05-29 11:46:08,1780044368,9968.0,30.9218203034,135.8575173691,146.8045876830,135.1082785187,125.6596859056
4986, 2026-05-29 11:46:10,1780044370,9970.0,30.9159859977,137.0103331155,148.3523095512,136.5162546132,126.1624351821
4987, 2026-05-29 11:46:12,1780044372,9972.0,30.9101516919,138.4673439414,150.7608751039,137.7138671777,126.9272895425
4988, 2026-05-29 11:46:14,1780044374,9974.0,30.9043173862,137.2185374074,149.6252869891,135.7745787409,126.2557464921
4989, 2026-05-29 11:46:16,1780044376,9976.0,30.8984830805,136.8198369912,148.2611997293,136.0126739975,126.1856372469
4990, 2026-05-29 11:46:18,1780044378,9978.0,30.8926487748,138.2061517952,151.9693155334,136.6423330525,126.0068067996
4991, 2026-05-29 11:46:20,1780044380,9980.0,30.8868144691,136.5022701340,149.3159003174,136.5268215719,123.6640885128
4992, 2026-05-29 11:46:22,1780044382,9982.0,30.8809801634,137.4000755523,150.0953617361,136.3140668880,125.7907980326
4993, 2026-05-29 11:46:24,1780044384,9984.0,30.8751458576,137.8183920717,151.2237322835,136.1593560409,126.0720878907
4994, 2026-05-29 11:46:26,1780044386,9986.0,30.8693115519,137.7232098081,149.1673630093,138.2043955178,125.7978708972
4995, 2026-05-29 11:46:28,1780044388,9988.0,30.8634772462,137.4493592170,150.9458555959,135.9190207083,125.4832013468
4996, 2026-05-29 11:46:30,1780044390,9990.0,30.8576429405,137.6886476202,149.6106346927,137.7053857021,125.7499224658
4997, 2026-05-29 11:46:32,1780044392,9992.0,30.8518086348,136.9113365263,148.7129593821,136.6572228062,125.3638273908
4998, 2026-05-29 11:46:34,1780044394,9994.0,30.8459743291,136.1217616359,149.2593820162,134.4205191548,124.6853837366
4999, 2026-05-29 11:46:36,1780044396,9996.0,30.8401400233,137.0498573088,149.7656422122,136.0625861681,125.3213435460
5000, 2026-05-29 11:46:38,1780044398,9998.0,30.8343057176,136.2886355551,145.5914833499,137.3527527347,125.9216705806
5001, 2026-05-29 11:46:40,1780044400,10000.0,30.8284714119,137.3807738777,149.8979389007,137.0424809052,125.2019018273
5002, 2026-05-29 11:46:42,1780044402,10002.0,30.8226371062,135.8311849243,147.1563762824,136.2937825805,124.0433959099
5003, 2026-05-29 11:46:44,1780044404,10004.0,30.8168028005,137.7785069497,148.6747623740,136.5122114689,128.1485470061
5004, 2026-05-29 11:46:46,1780044406,10006.0,30.8109684947,138.3742207995,149.2660611905,138.6089474742,127.2476537338
5005, 2026-05-29 11:46:48,1780044408,10008.0,30.8051341890,136.5557713567,146.3770449773,137.9903229246,125.2999461683
5006, 2026-05-29 11:46:50,1780044410,10010.0,30.7992998833,139.8503271233,149.7511774965,140.0940352649,129.7057686085
5007, 2026-05-29 11:46:52,1780044412,10012.0,30.7934655776,138.0518339953,149.9941484377,137.4916064344,126.6697471138
5008, 2026-05-29 11:46:54,1780044414,10014.0,30.7876312719,137.0351276188,148.5891552788,135.1819659641,127.3342616136
5009, 2026-05-29 11:46:56,1780044416,10016.0,30.7817969662,138.2303399022,149.7500930337,138.6223148530,126.3186118198
5010, 2026-05-29 11:46:58,1780044418,10018.0,30.7759626604,136.2206380558,148.2953613231,135.2917774296,125.0747754146
5011, 2026-05-29 11:47:00,1780044420,10020.0,30.7701283547,136.6729299843,147.8834551610,137.7685238647,124.3668109273
5012, 2026-05-29 11:47:02,1780044422,10022.0,30.7642940490,138.6960250708,150.1475725296,138.6344704037,127.3060322790
5013, 2026-05-29 11:47:04,1780044424,10024.0,30.7584597433,138.5294121170,152.3398505584,136.5439645716,126.7044212210
5014, 2026-05-29 11:47:06,1780044426,10026.0,30.7526254376,136.9213452403,146.9726593661,136.3402103994,127.4511659554
5015, 2026-05-29 11:47:08,1780044428,10028.0,30.7467911319,136.2066902347,148.3014973402,136.6614484896,123.6571248744
5016, 2026-05-29 11:47:10,1780044430,10030.0,30.7409568261,138.0685664137,150.1854906935,136.8410082113,127.1792003365
5017, 2026-05-29 11:47:12,1780044432,10032.0,30.7351225204,137.2145387527,147.8517131340,138.2304585683,125.5614445559
5018, 2026-05-29 11:47:14,1780044434,10034.0,30.7292882147,136.1434387804,147.4701644739,135.7908368611,125.1693150061
5019, 2026-05-29 11:47:16,1780044436,10036.0,30.7234539090,136.6058087761,148.2156778582,137.0114385558,124.5903099143
5020, 2026-05-29 11:47:18,1780044438,10038.0,30.7176196033,138.8776376922,151.7903549841,137.0945933130,127.7479647794
5021, 2026-05-29 11:47:20,1780044440,10040.0,30.7117852975,136.6777858248,146.8984748569,137.4197264407,125.7151561768
5022, 2026-05-29 11:47:22,1780044442,10042.0,30.7059509918,138.8140978841,151.6440373794,135.5196710883,129.2785851845
5023, 2026-05-29 11:47:24,1780044444,10044.0,30.7001166861,134.4879896262,142.6318751200,137.2100733636,123.6220203950
5024, 2026-05-29 11:47:26,1780044446,10046.0,30.6942823804,135.8908634912,148.7417622454,135.3932511134,123.5375771149
5025, 2026-05-29 11:47:28,1780044448,10048.0,30.6884480747,136.8573965285,148.5086145662,136.7293594956,125.3342155237
5026, 2026-05-29 11:47:30,1780044450,10050.0,30.6826137690,137.1670656973,149.8326366557,136.2485911604,125.4199692758
5027, 2026-05-29 11:47:32,1780044452,10052.0,30.6767794632,136.4639778973,147.1362247971,137.0763332215,125.1793756733
5028, 2026-05-29 11:47:34,1780044454,10054.0,30.6709451575,137.8915287921,150.1544663870,138.0663387949,125.4537811944
5029, 2026-05-29 11:47:36,1780044456,10056.0,30.6651108518,136.5382912144,146.2979534358,136.4432224762,126.8736977311
5030, 2026-05-29 11:47:38,1780044458,10058.0,30.6592765461,138.4361948734,150.7322189784,136.8564852895,127.7198803523
5031, 2026-05-29 11:47:40,1780044460,10060.0,30.6534422404,135.8794256635,147.7170535044,133.9601498148,125.9610736712
5032, 2026-05-29 11:47:42,1780044462,10062.0,30.6476079347,136.2804110915,147.0800841736,136.6014165243,125.1597325765
5033, 2026-05-29 11:47:44,1780044464,10064.0,30.6417736289,137.8927901454,149.4556878151,139.5754944490,124.6471881722
5034, 2026-05-29 11:47:46,1780044466,10066.0,30.6359393232,137.2939793356,151.2108470498,136.1899874620,124.4811034949
5035, 2026-05-29 11:47:48,1780044468,10068.0,30.6301050175,138.0573072500,148.7883346230,136.6278624641,128.7557246627
5036, 2026-05-29 11:47:50,1780044470,10070.0,30.6242707118,137.2351215685,149.3761894589,135.7481063901,126.5810688565
5037, 2026-05-29 11:47:52,1780044472,10072.0,30.6184364061,137.9934491809,150.6544864632,138.5974053478,124.7284557317
5038, 2026-05-29 11:47:54,1780044474,10074.0,30.6126021004,137.8072988788,150.3385509943,139.0174011880,124.0659444541
5039, 2026-05-29 11:47:56,1780044476,10076.0,30.6067677946,138.0940361133,151.9597426515,136.8993428839,125.4230228045
5040, 2026-05-29 11:47:58,1780044478,10078.0,30.6009334889,137.2011437320,148.3210457424,137.4404875947,125.8418978589
5041, 2026-05-29 11:48:00,1780044480,10080.0,30.5950991832,136.9258700139,148.3013399757,137.0727113242,125.4035587417
5042, 2026-05-29 11:48:02,1780044482,10082.0,30.5892648775,138.0014822654,149.0215270677,139.8986250925,125.0842946360
5043, 2026-05-29 11:48:04,1780044484,10084.0,30.5834305718,137.3178505430,147.0986283702,138.9630861655,125.8918370932
5044, 2026-05-29 11:48:06,1780044486,10086.0,30.5775962660,138.2908284445,151.4829289928,135.3819779596,128.0075783812
5045, 2026-05-29 11:48:08,1780044488,10088.0,30.5717619603,138.1529300201,151.8365647594,135.8649257321,126.7572995687
5046, 2026-05-29 11:48:10,1780044490,10090.0,30.5659276546,137.9542866645,148.9449909537,137.9765514696,126.9413175703
5047, 2026-05-29 11:48:12,1780044492,10092.0,30.5600933489,136.1074913208,147.7145167401,135.8808018959,124.7271553263
5048, 2026-05-29 11:48:14,1780044494,10094.0,30.5542590432,138.1552093566,150.6415613789,136.6994543122,127.1246123787
5049, 2026-05-29 11:48:16,1780044496,10096.0,30.5484247375,138.0590621421,148.8124191378,138.9941321770,126.3706351115
5050, 2026-05-29 11:48:18,1780044498,10098.0,30.5425904317,137.2514567455,147.1671564442,137.8619173136,126.7252964788
5051, 2026-05-29 11:48:20,1780044500,10100.0,30.5367561260,134.7468938215,146.1080127316,136.2237882740,121.9088804589
5052, 2026-05-29 11:48:22,1780044502,10102.0,30.5309218203,137.2721802806,148.8374506402,136.3302783797,126.6488118218
5053, 2026-05-29 11:48:24,1780044504,10104.0,30.5250875146,137.2245179638,146.9911943217,139.2671017870,125.4152577828
5054, 2026-05-29 11:48:26,1780044506,10106.0,30.5192532089,135.4792292518,147.1098026655,136.3419707241,122.9859143658
5055, 2026-05-29 11:48:28,1780044508,10108.0,30.5134189032,137.2140724785,148.4661863958,135.3388541885,127.8371768513
5056, 2026-05-29 11:48:30,1780044510,10110.0,30.5075845974,136.7523932516,150.4073536785,133.2526669358,126.5971591406
5057, 2026-05-29 11:48:32,1780044512,10112.0,30.5017502917,136.8966921709,149.8287424904,136.6421187927,124.2192152295
5058, 2026-05-29 11:48:34,1780044514,10114.0,30.4959159860,136.2161292741,146.9565425045,136.1844158283,125.5074294894
5059, 2026-05-29 11:48:36,1780044516,10116.0,30.4900816803,136.4644439590,150.3428333836,135.2687926704,123.7817058231
5060, 2026-05-29 11:48:38,1780044518,10118.0,30.4842473746,137.3089025751,145.3069829508,138.2485069137,128.3712178609
5061, 2026-05-29 11:48:40,1780044520,10120.0,30.4784130688,137.3112784155,147.7520267323,140.0097776705,124.1720308436
5062, 2026-05-29 11:48:42,1780044522,10122.0,30.4725787631,136.1039659486,147.1565321409,135.9017864993,125.2535792058
5063, 2026-05-29 11:48:44,1780044524,10124.0,30.4667444574,137.0950129473,147.9210076583,138.9319001907,124.4321309930
5064, 2026-05-29 11:48:46,1780044526,10126.0,30.4609101517,136.8209467927,147.8824161099,136.2268992798,126.3535249885
5065, 2026-05-29 11:48:48,1780044528,10128.0,30.4550758460,137.6565561420,148.3336261715,137.2399764897,127.3960657648
5066, 2026-05-29 11:48:50,1780044530,10130.0,30.4492415403,136.9868175179,149.5406814061,137.5824180218,123.8373531257
5067, 2026-05-29 11:48:52,1780044532,10132.0,30.4434072345,138.2382844850,148.7744366757,137.1967738216,128.7436429577
5068, 2026-05-29 11:48:54,1780044534,10134.0,30.4375729288,137.3662066745,147.6014166105,139.8022323271,124.6949710859
5069, 2026-05-29 11:48:56,1780044536,10136.0,30.4317386231,137.7505611200,151.5673276325,138.0148734740,123.6694822535
5070, 2026-05-29 11:48:58,1780044538,10138.0,30.4259043174,137.9294052637,150.0817667649,135.6557037722,128.0507452541
5071, 2026-05-29 11:49:00,1780044540,10140.0,30.4200700117,136.8610668650,149.2093521823,137.5830625673,123.7907858455
5072, 2026-05-29 11:49:02,1780044542,10142.0,30.4142357060,137.5109303219,150.5744604221,138.1003755680,123.8579549755
5073, 2026-05-29 11:49:04,1780044544,10144.0,30.4084014002,138.1301562431,150.3657692264,135.7745930111,128.2501064919
5074, 2026-05-29 11:49:06,1780044546,10146.0,30.4025670945,137.4505877125,149.6583762409,135.9620921725,126.7312947241
5075, 2026-05-29 11:49:08,1780044548,10148.0,30.3967327888,137.7053881966,152.6491376962,137.9671203045,122.4999065890
5076, 2026-05-29 11:49:10,1780044550,10150.0,30.3908984831,136.0166617554,147.4041892731,136.5304765704,124.1153194227
5077, 2026-05-29 11:49:12,1780044552,10152.0,30.3850641774,137.4072883414,150.6350925306,136.3950120848,125.1917604087
5078, 2026-05-29 11:49:14,1780044554,10154.0,30.3792298716,138.4168539893,151.3406217590,137.0169498012,126.8929904078
5079, 2026-05-29 11:49:16,1780044556,10156.0,30.3733955659,137.2365188543,148.9787673921,136.6036265936,126.1271625772
5080, 2026-05-29 11:49:18,1780044558,10158.0,30.3675612602,138.0651672140,148.5329262364,138.0785381969,127.5840372088
5081, 2026-05-29 11:49:20,1780044560,10160.0,30.3617269545,135.9135165280,148.8956061201,135.6699853957,123.1749580683
5082, 2026-05-29 11:49:22,1780044562,10162.0,30.3558926488,137.8360365896,149.1362218978,139.0505582503,125.3213296208
5083, 2026-05-29 11:49:24,1780044564,10164.0,30.3500583431,138.1724619285,150.4538431882,139.0005165481,125.0630260493
5084, 2026-05-29 11:49:26,1780044566,10166.0,30.3442240373,136.9983205146,148.8555166136,137.0187864558,125.1206584743
5085, 2026-05-29 11:49:28,1780044568,10168.0,30.3383897316,136.4818908067,148.3681592291,136.8745049658,124.2030082252
5086, 2026-05-29 11:49:30,1780044570,10170.0,30.3325554259,136.0059666788,149.4627180539,134.6807981500,123.8743838325
5087, 2026-05-29 11:49:32,1780044572,10172.0,30.3267211202,137.7179157171,150.7970644609,136.7871463170,125.5695363734
5088, 2026-05-29 11:49:34,1780044574,10174.0,30.3208868145,135.5337607849,146.4081817226,136.8691814877,123.3239191445
5089, 2026-05-29 11:49:36,1780044576,10176.0,30.3150525088,137.1112564590,147.8285303661,137.8590312434,125.6462077676
5090, 2026-05-29 11:49:38,1780044578,10178.0,30.3092182030,138.5927820409,151.4986413878,138.1478168482,126.1318878868
5091, 2026-05-29 11:49:40,1780044580,10180.0,30.3033838973,137.9171344957,148.9174876556,137.3207802551,127.5131355764
5092, 2026-05-29 11:49:42,1780044582,10182.0,30.2975495916,138.2895529271,149.0728421930,137.6557149413,128.1401016470
5093, 2026-05-29 11:49:44,1780044584,10184.0,30.2917152859,136.3098285081,147.8319568728,136.3897492727,124.7077793788
5094, 2026-05-29 11:49:46,1780044586,10186.0,30.2858809802,137.3546250123,149.7086228172,136.6176641284,125.7375880915
5095, 2026-05-29 11:49:48,1780044588,10188.0,30.2800466744,138.0310318074,149.0395517496,139.3728694630,125.6806742097
5096, 2026-05-29 11:49:50,1780044590,10190.0,30.2742123687,137.4834548123,148.5967253018,137.9318383473,125.9218007876
5097, 2026-05-29 11:49:52,1780044592,10192.0,30.2683780630,137.3236135684,149.2592466248,139.4490653545,123.2625287258
5098, 2026-05-29 11:49:54,1780044594,10194.0,30.2625437573,138.6312139970,151.0409412953,139.5113867147,125.3413139811
5099, 2026-05-29 11:49:56,1780044596,10196.0,30.2567094516,136.5224442984,148.3002532811,135.0169535407,126.2501260735
5100, 2026-05-29 11:49:58,1780044598,10198.0,30.2508751459,136.9427824882,148.1217345225,137.1512560807,125.5553568614
5101, 2026-05-29 11:50:00,1780044600,10200.0,30.2450408401,137.8008574956,149.6245336117,136.1513767442,127.6266621309
5102, 2026-05-29 11:50:02,1780044602,10202.0,30.2392065344,138.3064843716,148.1094246321,139.8026354730,127.0073930096
5103, 2026-05-29 11:50:04,1780044604,10204.0,30.2333722287,136.7148357258,149.2560728922,134.5735919242,126.3148423612
5104, 2026-05-29 11:50:06,1780044606,10206.0,30.2275379230,136.6302331534,148.6329353993,135.2958015780,125.9619624829
5105, 2026-05-29 11:50:08,1780044608,10208.0,30.2217036173,136.2846244913,149.2081257694,135.0182922946,124.6274554100
5106, 2026-05-29 11:50:10,1780044610,10210.0,30.2158693116,137.7593871890,148.8699453910,139.3807689787,125.0274471973
5107, 2026-05-29 11:50:12,1780044612,10212.0,30.2100350058,137.0527190829,149.4814999927,135.7941753198,125.8824819361
5108, 2026-05-29 11:50:14,1780044614,10214.0,30.2042007001,135.1764757686,147.5773718810,135.1807640680,122.7712913568
5109, 2026-05-29 11:50:16,1780044616,10216.0,30.1983663944,136.8181339738,148.7363917914,136.6143692811,125.1036408490
5110, 2026-05-29 11:50:18,1780044618,10218.0,30.1925320887,138.2601847174,151.1440434406,138.9083272517,124.7281834598
5111, 2026-05-29 11:50:20,1780044620,10220.0,30.1866977830,135.7914356606,147.8112495155,135.9785491272,123.5845083389
5112, 2026-05-29 11:50:22,1780044622,10222.0,30.1808634772,137.0867280908,149.0729452789,136.4622740269,125.7249649665
5113, 2026-05-29 11:50:24,1780044624,10224.0,30.1750291715,138.1702396360,148.7321124353,138.3308003902,127.4478060826
5114, 2026-05-29 11:50:26,1780044626,10226.0,30.1691948658,138.5257695199,149.4342822932,140.4609103402,125.6821159264
5115, 2026-05-29 11:50:28,1780044628,10228.0,30.1633605601,137.1489909167,148.6421751501,138.8028222181,124.0019753818
5116, 2026-05-29 11:50:30,1780044630,10230.0,30.1575262544,137.8518171722,148.4170862111,139.5611686434,125.5771966622
5117, 2026-05-29 11:50:32,1780044632,10232.0,30.1516919487,139.1071092545,150.4540326182,138.6855578580,128.1817372874
5118, 2026-05-29 11:50:34,1780044634,10234.0,30.1458576429,138.5743627818,148.2939101300,137.6055658306,129.8236123848
5119, 2026-05-29 11:50:36,1780044636,10236.0,30.1400233372,137.0775099382,147.3755103303,137.9000694237,125.9569500607
5120, 2026-05-29 11:50:38,1780044638,10238.0,30.1341890315,138.2964348557,150.8095212307,139.0592182143,125.0205651223
5121, 2026-05-29 11:50:40,1780044640,10240.0,30.1283547258,137.2840902887,149.8373478972,138.0602844033,123.9546385655
5122, 2026-05-29 11:50:42,1780044642,10242.0,30.1225204201,136.6827897777,149.5872098450,137.8006182394,122.6605412486
5123, 2026-05-29 11:50:44,1780044644,10244.0,30.1166861144,136.2953155273,146.5620276192,136.2946976551,126.0292213077
5124, 2026-05-29 11:50:46,1780044646,10246.0,30.1108518086,137.1651772086,147.2376175406,138.7566668731,125.5012472121
5125, 2026-05-29 11:50:48,1780044648,10248.0,30.1050175029,137.8925677902,149.3888241979,137.2432695051,127.0456096677
5126, 2026-05-29 11:50:50,1780044650,10250.0,30.0991831972,138.3163096952,151.1828534381,137.4615131458,126.3045625017
5127, 2026-05-29 11:50:52,1780044652,10252.0,30.0933488915,136.9168767497,149.5683286316,134.6960053014,126.4862963161
5128, 2026-05-29 11:50:54,1780044654,10254.0,30.0875145858,137.7767704750,150.5577357498,136.7503279691,126.0222477062
5129, 2026-05-29 11:50:56,1780044656,10256.0,30.0816802800,137.4355736065,148.6355349138,136.9647970184,126.7063888872
5130, 2026-05-29 11:50:58,1780044658,10258.0,30.0758459743,138.3429905036,150.1253121909,137.7941019976,127.1095573222
5131, 2026-05-29 11:51:00,1780044660,10260.0,30.0700116686,137.7583656427,152.4473688630,137.3084960310,123.5192320340
5132, 2026-05-29 11:51:02,1780044662,10262.0,30.0641773629,137.6965912461,147.7486099250,137.1051246587,128.2360391548
5133, 2026-05-29 11:51:04,1780044664,10264.0,30.0583430572,137.2321662761,149.4312375996,136.7936125556,125.4716486731
5134, 2026-05-29 11:51:06,1780044666,10266.0,30.0525087515,135.9098665226,149.0904223666,134.2277907042,124.4113864969
5135, 2026-05-29 11:51:08,1780044668,10268.0,30.0466744457,137.8998486006,149.4220244794,138.0622174346,126.2153038877
5136, 2026-05-29 11:51:10,1780044670,10270.0,30.0408401400,137.8471905556,149.2466566583,136.6636921879,127.6312228205
5137, 2026-05-29 11:51:12,1780044672,10272.0,30.0350058343,138.8744011028,152.2792576667,137.9860871672,126.3578584744
5138, 2026-05-29 11:51:14,1780044674,10274.0,30.0291715286,137.7796752798,149.2578099428,138.1408621174,125.9403537793
5139, 2026-05-29 11:51:16,1780044676,10276.0,30.0233372229,138.0343763604,147.8722232643,138.3274815634,127.9034242533
5140, 2026-05-29 11:51:18,1780044678,10278.0,30.0175029172,138.8133833794,148.7189675476,138.0236352600,129.6975473306
5141, 2026-05-29 11:51:20,1780044680,10280.0,30.0116686114,138.1821818858,148.5835799346,138.6438409328,127.3191247899
5142, 2026-05-29 11:51:22,1780044682,10282.0,30.0058343057,136.9798219483,149.8988824592,135.0798104486,125.9607729370
5143, 2026-05-29 11:51:24,1780044684,10284.0,30.0000000000,137.2964671517,148.2940887435,136.9133042735,126.6820084381
5144, 2026-05-29 11:51:26,1780044686,10286.0,29.9941656943,136.6753959844,149.2041799605,136.6499168692,124.1720911235
5145, 2026-05-29 11:51:28,1780044688,10288.0,29.9883313886,137.8786446176,149.7985057743,135.6609054382,128.1765226403
5146, 2026-05-29 11:51:30,1780044690,10290.0,29.9824970828,137.9205273895,150.0867094844,138.3013596670,125.3735130172
5147, 2026-05-29 11:51:32,1780044692,10292.0,29.9766627771,137.0318417544,148.7339266377,137.5331924829,124.8284061425
5148, 2026-05-29 11:51:34,1780044694,10294.0,29.9708284714,140.4949319904,152.2306825006,139.5937196731,129.6603937974
5149, 2026-05-29 11:51:36,1780044696,10296.0,29.9649941657,137.3008185920,149.6877450127,137.8209118959,124.3937988674
5150, 2026-05-29 11:51:38,1780044698,10298.0,29.9591598600,138.3420830179,149.0161772869,139.6235295902,126.3865421766
5151, 2026-05-29 11:51:40,1780044700,10300.0,29.9533255543,137.8362785687,150.3894785967,138.3179002242,124.8014568852
5152, 2026-05-29 11:51:42,1780044702,10302.0,29.9474912485,137.6113245448,147.7168745378,139.6902433145,125.4268557821
5153, 2026-05-29 11:51:44,1780044704,10304.0,29.9416569428,139.4418725004,149.8234881034,138.7527358032,129.7493935946
5154, 2026-05-29 11:51:46,1780044706,10306.0,29.9358226371,139.0369053629,149.8016543866,140.5544451795,126.7546165226
5155, 2026-05-29 11:51:48,1780044708,10308.0,29.9299883314,138.3528931560,149.9012603226,136.3073261052,128.8500930403
5156, 2026-05-29 11:51:50,1780044710,10310.0,29.9241540257,136.1799983709,147.3394322480,135.1152804334,126.0852824312
5157, 2026-05-29 11:51:52,1780044712,10312.0,29.9183197200,136.7847975543,149.6652155865,135.1926641938,125.4965128826
5158, 2026-05-29 11:51:54,1780044714,10314.0,29.9124854142,135.7329873627,147.0709659099,134.3134181630,125.8145780153
5159, 2026-05-29 11:51:56,1780044716,10316.0,29.9066511085,135.7619278356,150.4804203028,133.4825970250,123.3227661789
5160, 2026-05-29 11:51:58,1780044718,10318.0,29.9008168028,135.9074079662,147.9303773113,134.6984985374,125.0933480501
5161, 2026-05-29 11:52:00,1780044720,10320.0,29.8949824971,137.2688847279,149.3755158955,136.7236239527,125.7075143355
5162, 2026-05-29 11:52:02,1780044722,10322.0,29.8891481914,139.3022442075,150.8748131490,137.6326641400,129.3992553334
5163, 2026-05-29 11:52:04,1780044724,10324.0,29.8833138856,136.8840895527,148.5653910799,134.8456071919,127.2412703862
5164, 2026-05-29 11:52:06,1780044726,10326.0,29.8774795799,138.1875723521,148.1281750191,137.9391545422,128.4953874951
5165, 2026-05-29 11:52:08,1780044728,10328.0,29.8716452742,138.1331229609,151.0083205923,135.8669933942,127.5240548962
5166, 2026-05-29 11:52:10,1780044730,10330.0,29.8658109685,137.8285933492,147.3386551738,137.4928996319,128.6542252419
5167, 2026-05-29 11:52:12,1780044732,10332.0,29.8599766628,136.9431901830,147.5188553920,138.3945870762,124.9161280809
5168, 2026-05-29 11:52:14,1780044734,10334.0,29.8541423571,136.8379076133,149.2910610518,132.9322513600,128.2904104281
5169, 2026-05-29 11:52:16,1780044736,10336.0,29.8483080513,137.3088260184,148.1161652787,137.1777535519,126.6325592248
5170, 2026-05-29 11:52:18,1780044738,10338.0,29.8424737456,138.2906960828,150.6610353569,139.0492138674,125.1618390240
5171, 2026-05-29 11:52:20,1780044740,10340.0,29.8366394399,137.2129670312,148.1260554762,138.1475145785,125.3653310388
5172, 2026-05-29 11:52:22,1780044742,10342.0,29.8308051342,136.8795538985,146.8527907021,136.6945185528,127.0913524405
5173, 2026-05-29 11:52:24,1780044744,10344.0,29.8249708285,137.7250966643,151.3394590016,135.1351404844,126.7006905067
5174, 2026-05-29 11:52:26,1780044746,10346.0,29.8191365228,137.2840255456,147.4418080011,137.0330699814,127.3771986545
5175, 2026-05-29 11:52:28,1780044748,10348.0,29.8133022170,137.5071171711,150.1250862840,137.7989239499,124.5973412794
5176, 2026-05-29 11:52:30,1780044750,10350.0,29.8074679113,135.9642732762,145.7523373789,135.4758923609,126.6645900889
5177, 2026-05-29 11:52:32,1780044752,10352.0,29.8016336056,137.4942962079,148.8655128465,137.2297160644,126.3876597130
5178, 2026-05-29 11:52:34,1780044754,10354.0,29.7957992999,138.1202620303,151.6611472719,135.2688714264,127.4307673925
5179, 2026-05-29 11:52:36,1780044756,10356.0,29.7899649942,136.9450682153,147.8845867379,137.5336366526,125.4169812553
5180, 2026-05-29 11:52:38,1780044758,10358.0,29.7841306884,137.8579907874,150.3009657548,137.3834472731,125.8895593342
5181, 2026-05-29 11:52:40,1780044760,10360.0,29.7782963827,137.8305649040,149.2906995134,138.2347666661,125.9662285324
5182, 2026-05-29 11:52:42,1780044762,10362.0,29.7724620770,137.7400391671,147.6497048279,139.7638740426,125.8065386307
5183, 2026-05-29 11:52:44,1780044764,10364.0,29.7666277713,139.6779720116,154.0985970451,137.5640268721,127.3712921176
5184, 2026-05-29 11:52:46,1780044766,10366.0,29.7607934656,137.2048384445,149.0219718517,138.4642772703,124.1282662114
5185, 2026-05-29 11:52:48,1780044768,10368.0,29.7549591599,137.9747298797,150.3857703919,138.0727476432,125.4656716039
5186, 2026-05-29 11:52:50,1780044770,10370.0,29.7491248541,136.9071142214,150.3026435003,136.7004360841,123.7182630797
5187, 2026-05-29 11:52:52,1780044772,10372.0,29.7432905484,137.4622691874,150.3334331177,137.8410632376,124.2123112069
5188, 2026-05-29 11:52:54,1780044774,10374.0,29.7374562427,136.9542809861,148.2475495844,137.3635670879,125.2517262860
5189, 2026-05-29 11:52:56,1780044776,10376.0,29.7316219370,136.9049934610,148.1118074618,136.7198820537,125.8832908674
5190, 2026-05-29 11:52:58,1780044778,10378.0,29.7257876313,138.2065863009,147.8098556621,140.2275998117,126.5823034289
5191, 2026-05-29 11:53:00,1780044780,10380.0,29.7199533256,138.5512132679,147.3044096559,139.7577323225,128.5914978254
5192, 2026-05-29 11:53:02,1780044782,10382.0,29.7141190198,137.0304480143,148.3228315239,138.2444995493,124.5240129699
5193, 2026-05-29 11:53:04,1780044784,10384.0,29.7082847141,136.5783722188,147.8253713215,136.6669246585,125.2428206765
5194, 2026-05-29 11:53:06,1780044786,10386.0,29.7024504084,137.6501679022,147.5582161402,139.4070843465,125.9852032199
5195, 2026-05-29 11:53:08,1780044788,10388.0,29.6966161027,137.4486165233,149.6608739663,136.5615279838,126.1234476197
5196, 2026-05-29 11:53:10,1780044790,10390.0,29.6907817970,136.8474460580,147.2408490626,136.4269587850,126.8745303264
5197, 2026-05-29 11:53:12,1780044792,10392.0,29.6849474912,136.7548147595,151.3927789102,135.8722663610,122.9993990072
5198, 2026-05-29 11:53:14,1780044794,10394.0,29.6791131855,138.5698054526,148.2812166317,139.4889649244,127.9392348016
5199, 2026-05-29 11:53:16,1780044796,10396.0,29.6732788798,138.4981294991,149.3673501769,138.7777768760,127.3492614442
5200, 2026-05-29 11:53:18,1780044798,10398.0,29.6674445741,137.5260788411,151.2252484898,137.1898199240,124.1631681095
5201, 2026-05-29 11:53:20,1780044800,10400.0,29.6616102684,136.4314569824,148.9987413594,135.7886745578,124.5069550301
5202, 2026-05-29 11:53:22,1780044802,10402.0,29.6557759627,137.2590362691,150.4309823486,135.9782144822,125.3679119764
5203, 2026-05-29 11:53:24,1780044804,10404.0,29.6499416569,136.2978838785,148.0431769867,138.0783476942,122.7721269548
5204, 2026-05-29 11:53:26,1780044806,10406.0,29.6441073512,138.7402548374,149.5408226324,140.0648057445,126.6151361351
5205, 2026-05-29 11:53:28,1780044808,10408.0,29.6382730455,137.8927297246,147.2567959178,139.2697362022,127.1516570538
5206, 2026-05-29 11:53:30,1780044810,10410.0,29.6324387398,136.1340465286,148.4730117703,135.9159981111,124.0131297045
5207, 2026-05-29 11:53:32,1780044812,10412.0,29.6266044341,137.4816363727,149.4739200881,137.6068354757,125.3641535544
5208, 2026-05-29 11:53:34,1780044814,10414.0,29.6207701284,138.7846056290,149.4014099534,138.4904896025,128.4619173313
5209, 2026-05-29 11:53:36,1780044816,10416.0,29.6149358226,138.4970915724,150.6370635156,137.6977827083,127.1564284934
5210, 2026-05-29 11:53:38,1780044818,10418.0,29.6091015169,137.0289102585,150.5664050047,135.4242866584,125.0960391124
5211, 2026-05-29 11:53:40,1780044820,10420.0,29.6032672112,137.9028370669,151.6317682181,137.0677765220,125.0089664606
5212, 2026-05-29 11:53:42,1780044822,10422.0,29.5974329055,138.1160597548,151.7318764011,137.5357270034,125.0805758600
5213, 2026-05-29 11:53:44,1780044824,10424.0,29.5915985998,137.1868783069,150.4899901640,137.8245412622,123.2461034944
5214, 2026-05-29 11:53:46,1780044826,10426.0,29.5857642940,137.6863805371,150.5925153590,137.6250859086,124.8415403438
5215, 2026-05-29 11:53:48,1780044828,10428.0,29.5799299883,138.6654856452,151.8403975807,138.0114749892,126.1445843658
5216, 2026-05-29 11:53:50,1780044830,10430.0,29.5740956826,138.3232404608,148.9271783988,136.9642383676,129.0783046160
5217, 2026-05-29 11:53:52,1780044832,10432.0,29.5682613769,138.2997980468,150.1661723898,138.6778732770,126.0553484736
5218, 2026-05-29 11:53:54,1780044834,10434.0,29.5624270712,137.0912141161,145.4173779104,137.1304461275,128.7258183104
5219, 2026-05-29 11:53:56,1780044836,10436.0,29.5565927655,137.1675065999,148.9332888201,137.0001660862,125.5690648933
5220, 2026-05-29 11:53:58,1780044838,10438.0,29.5507584597,136.8970959411,149.2594199735,136.4268094351,125.0050584148
5221, 2026-05-29 11:54:00,1780044840,10440.0,29.5449241540,137.3262635236,150.2356168906,136.3755359153,125.3676377648
5222, 2026-05-29 11:54:02,1780044842,10442.0,29.5390898483,137.4444023689,146.5541808981,139.1810718984,126.5979543100
5223, 2026-05-29 11:54:04,1780044844,10444.0,29.5332555426,137.4777936486,148.7687800778,137.8354791126,125.8291217554
5224, 2026-05-29 11:54:06,1780044846,10446.0,29.5274212369,137.1719114990,149.5970072067,135.5456824547,126.3730448355
5225, 2026-05-29 11:54:08,1780044848,10448.0,29.5215869312,137.1393988370,148.8114819353,137.0813490250,125.5253655507
5226, 2026-05-29 11:54:10,1780044850,10450.0,29.5157526254,136.9739131043,149.4418156552,134.2736579836,127.2062656742
5227, 2026-05-29 11:54:12,1780044852,10452.0,29.5099183197,137.2989568079,146.9964597522,137.6474589927,127.2529516789
5228, 2026-05-29 11:54:14,1780044854,10454.0,29.5040840140,136.7379338137,148.5988948247,135.9143968072,125.7005098093
5229, 2026-05-29 11:54:16,1780044856,10456.0,29.4982497083,138.8736338073,151.1084078851,138.9162532316,126.5962403052
5230, 2026-05-29 11:54:18,1780044858,10458.0,29.4924154026,138.8846043185,149.6931968548,139.9116895090,127.0489265916
5231, 2026-05-29 11:54:20,1780044860,10460.0,29.4865810968,136.7989423288,151.9022900061,134.9885327631,123.5060042172
5232, 2026-05-29 11:54:22,1780044862,10462.0,29.4807467911,138.1627993261,151.7135610005,136.3537472573,126.4210897204
5233, 2026-05-29 11:54:24,1780044864,10464.0,29.4749124854,135.7036031757,149.3007034328,135.6850865674,122.1250195271
5234, 2026-05-29 11:54:26,1780044866,10466.0,29.4690781797,137.9601511013,150.7082014631,137.0225730768,126.1496787640
5235, 2026-05-29 11:54:28,1780044868,10468.0,29.4632438740,136.3929207818,147.3093137018,137.9132166960,123.9562319475
5236, 2026-05-29 11:54:30,1780044870,10470.0,29.4574095683,137.6728140127,149.4398105644,137.0697675093,126.5088639643
5237, 2026-05-29 11:54:32,1780044872,10472.0,29.4515752625,138.7120822999,151.5846041315,139.3019886270,125.2496541411
5238, 2026-05-29 11:54:34,1780044874,10474.0,29.4457409568,136.6049086347,148.7748069582,135.4969463823,125.5429725635
5239, 2026-05-29 11:54:36,1780044876,10476.0,29.4399066511,136.5594064967,148.1374421734,136.5966357243,124.9441415925
5240, 2026-05-29 11:54:38,1780044878,10478.0,29.4340723454,137.0036496774,149.0744172333,136.2622159028,125.6743158961
5241, 2026-05-29 11:54:40,1780044880,10480.0,29.4282380397,137.8140473513,149.5063376838,137.1210814402,126.8147229300
5242, 2026-05-29 11:54:42,1780044882,10482.0,29.4224037340,138.0333670964,152.1830955318,137.8890377394,124.0279680179
5243, 2026-05-29 11:54:44,1780044884,10484.0,29.4165694282,138.1598693188,149.9220126926,137.1777741918,127.3798210719
5244, 2026-05-29 11:54:46,1780044886,10486.0,29.4107351225,138.4898535315,149.8522890912,137.8372517154,127.7800197879
5245, 2026-05-29 11:54:48,1780044888,10488.0,29.4049008168,137.5721765669,149.7172424357,136.5459022576,126.4533850074
5246, 2026-05-29 11:54:50,1780044890,10490.0,29.3990665111,136.5983721966,148.0054622580,138.4995832591,123.2900710727
5247, 2026-05-29 11:54:52,1780044892,10492.0,29.3932322054,136.7318400649,151.8138578656,136.3383477357,122.0433145933
5248, 2026-05-29 11:54:54,1780044894,10494.0,29.3873978996,138.0179872363,149.4615885667,139.3445752036,125.2477979385
5249, 2026-05-29 11:54:56,1780044896,10496.0,29.3815635939,136.5533440919,147.3748326238,136.4220943918,125.8631052601
5250, 2026-05-29 11:54:58,1780044898,10498.0,29.3757292882,138.5005305959,150.2647964172,137.7633984232,127.4733969473
5251, 2026-05-29 11:55:00,1780044900,10500.0,29.3698949825,137.1572379818,148.2878638936,139.2946568133,123.8891932385
5252, 2026-05-29 11:55:02,1780044902,10502.0,29.3640606768,137.4427165256,150.5266752723,135.5387730915,126.2627012130
5253, 2026-05-29 11:55:04,1780044904,10504.0,29.3582263711,137.6310252625,150.9948061548,137.3087149131,124.5895547196
5254, 2026-05-29 11:55:06,1780044906,10506.0,29.3523920653,137.0676959138,150.5264172228,137.7233755947,122.9532949237
5255, 2026-05-29 11:55:08,1780044908,10508.0,29.3465577596,136.8881621036,150.5857170797,135.4917106442,124.5870585871
5256, 2026-05-29 11:55:10,1780044910,10510.0,29.3407234539,137.0510926287,149.4715424481,136.8730538491,124.8086815889
5257, 2026-05-29 11:55:12,1780044912,10512.0,29.3348891482,136.5706170200,148.4372328779,134.9694859529,126.3051322292
5258, 2026-05-29 11:55:14,1780044914,10514.0,29.3290548425,139.1802185361,153.5149120001,139.0789078444,124.9468357639
5259, 2026-05-29 11:55:16,1780044916,10516.0,29.3232205368,138.6652515936,147.9394915798,140.5224735890,127.5337896121
5260, 2026-05-29 11:55:18,1780044918,10518.0,29.3173862310,137.8541184262,148.8768650827,138.9322621747,125.7532280213
5261, 2026-05-29 11:55:20,1780044920,10520.0,29.3115519253,137.5223623048,148.4684894810,135.8471751425,128.2514222910
5262, 2026-05-29 11:55:22,1780044922,10522.0,29.3057176196,136.1859438083,147.6922209413,135.9254383610,124.9401721227
5263, 2026-05-29 11:55:24,1780044924,10524.0,29.2998833139,138.2499932050,149.2046719326,141.3239735573,124.2213341250
5264, 2026-05-29 11:55:26,1780044926,10526.0,29.2940490082,138.2312381830,150.6238769720,138.4473918639,125.6224457130
5265, 2026-05-29 11:55:28,1780044928,10528.0,29.2882147025,138.5301277554,148.2516835329,139.5538517872,127.7848479462
5266, 2026-05-29 11:55:30,1780044930,10530.0,29.2823803967,137.5783772852,147.7892986575,137.8089714271,127.1368617710
5267, 2026-05-29 11:55:32,1780044932,10532.0,29.2765460910,137.1007983027,148.5553634836,137.4673117373,125.2797196872
5268, 2026-05-29 11:55:34,1780044934,10534.0,29.2707117853,137.4386308484,148.8603185649,136.2336205388,127.2219534416
5269, 2026-05-29 11:55:36,1780044936,10536.0,29.2648774796,139.0829086141,152.6758675355,139.3993408022,125.1735175046
5270, 2026-05-29 11:55:38,1780044938,10538.0,29.2590431739,137.8168778655,148.3753107098,139.4039971464,125.6713257403
5271, 2026-05-29 11:55:40,1780044940,10540.0,29.2532088681,138.3776496764,148.7510511933,139.2332638514,127.1486339845
5272, 2026-05-29 11:55:42,1780044942,10542.0,29.2473745624,137.9353603450,150.1220936023,138.7920670587,124.8919203741
5273, 2026-05-29 11:55:44,1780044944,10544.0,29.2415402567,135.4078331129,147.7782025789,135.0443391314,123.4009576283
5274, 2026-05-29 11:55:46,1780044946,10546.0,29.2357059510,136.1919247476,147.5925548630,136.2040395570,124.7791798229
5275, 2026-05-29 11:55:48,1780044948,10548.0,29.2298716453,138.0843445573,151.2151365516,136.2261400345,126.8117570857
5276, 2026-05-29 11:55:50,1780044950,10550.0,29.2240373396,137.3435335092,147.5354988645,139.9800137196,124.5150879436
5277, 2026-05-29 11:55:52,1780044952,10552.0,29.2182030338,136.7607663365,147.6319538315,136.1714570903,126.4788880878
5278, 2026-05-29 11:55:54,1780044954,10554.0,29.2123687281,137.3017096642,149.4497899595,135.2982003927,127.1571386404
5279, 2026-05-29 11:55:56,1780044956,10556.0,29.2065344224,137.1194774793,149.4502967379,137.4472809327,124.4608547673
5280, 2026-05-29 11:55:58,1780044958,10558.0,29.2007001167,138.7264755573,150.9875126893,138.6481671727,126.5437468098
5281, 2026-05-29 11:56:00,1780044960,10560.0,29.1948658110,137.5085954810,150.8708039372,136.4651067792,125.1898757266
5282, 2026-05-29 11:56:02,1780044962,10562.0,29.1890315053,139.1973872913,150.8531035414,138.1577092945,128.5813490380
5283, 2026-05-29 11:56:04,1780044964,10564.0,29.1831971995,137.1052194146,148.5389965753,136.5919070585,126.1847546099
5284, 2026-05-29 11:56:06,1780044966,10566.0,29.1773628938,138.4017768804,151.1258178770,138.6962018980,125.3833108663
5285, 2026-05-29 11:56:08,1780044968,10568.0,29.1715285881,137.5961974078,151.0394632118,136.4576208852,125.2915081264
5286, 2026-05-29 11:56:10,1780044970,10570.0,29.1656942824,138.2355956666,149.9134663855,138.0304371990,126.7628834152
5287, 2026-05-29 11:56:12,1780044972,10572.0,29.1598599767,137.9521364651,146.6215805636,138.2108809458,129.0239478859
5288, 2026-05-29 11:56:14,1780044974,10574.0,29.1540256709,138.8895581241,150.3660844082,139.3094241668,126.9931657974
5289, 2026-05-29 11:56:16,1780044976,10576.0,29.1481913652,137.1049278680,147.5767208884,136.5941711391,127.1438915764
5290, 2026-05-29 11:56:18,1780044978,10578.0,29.1423570595,136.4449952983,148.4041524727,138.6157779725,122.3150554497
5291, 2026-05-29 11:56:20,1780044980,10580.0,29.1365227538,137.1224139044,148.0826106253,136.4538182247,126.8308128633
5292, 2026-05-29 11:56:22,1780044982,10582.0,29.1306884481,137.2533218244,151.6188644823,136.3560610298,123.7850399611
5293, 2026-05-29 11:56:24,1780044984,10584.0,29.1248541424,137.0198976384,149.5210773557,136.2024631266,125.3361524328
5294, 2026-05-29 11:56:26,1780044986,10586.0,29.1190198366,137.3122708077,146.9057841477,136.4676261441,128.5634021314
5295, 2026-05-29 11:56:28,1780044988,10588.0,29.1131855309,139.1820718869,150.5843483279,139.3136974177,127.6481699149
5296, 2026-05-29 11:56:30,1780044990,10590.0,29.1073512252,139.1238852610,150.4738391857,140.0817769944,126.8160396028
5297, 2026-05-29 11:56:32,1780044992,10592.0,29.1015169195,138.2398165617,150.3492313309,137.9119790082,126.4582393458
5298, 2026-05-29 11:56:34,1780044994,10594.0,29.0956826138,136.9942899544,149.8878984025,133.8182021551,127.2767693056
5299, 2026-05-29 11:56:36,1780044996,10596.0,29.0898483081,136.7887005252,149.0738463573,135.5554036680,125.7368515504
5300, 2026-05-29 11:56:38,1780044998,10598.0,29.0840140023,137.0384183904,146.0795650051,138.2926545316,126.7430356343
5301, 2026-05-29 11:56:40,1780045000,10600.0,29.0781796966,138.9760179809,151.6909439222,138.0888479514,127.1482620690
5302, 2026-05-29 11:56:42,1780045002,10602.0,29.0723453909,138.6632010562,152.6936518497,135.7463843259,127.5495669932
5303, 2026-05-29 11:56:44,1780045004,10604.0,29.0665110852,137.4079332943,150.4535919576,137.7875871188,123.9826208064
5304, 2026-05-29 11:56:46,1780045006,10606.0,29.0606767795,137.6561057485,148.8398097558,137.8807782697,126.2477292201
5305, 2026-05-29 11:56:48,1780045008,10608.0,29.0548424737,137.8242363916,150.6282229389,136.5983217958,126.2461644400
5306, 2026-05-29 11:56:50,1780045010,10610.0,29.0490081680,137.0993374262,149.0651553317,135.0440330173,127.1888239296
5307, 2026-05-29 11:56:52,1780045012,10612.0,29.0431738623,139.0589269645,151.5377554982,138.5414093876,127.0976160077
5308, 2026-05-29 11:56:54,1780045014,10614.0,29.0373395566,137.5196022117,149.1640724732,139.1445002905,124.2502338714
5309, 2026-05-29 11:56:56,1780045016,10616.0,29.0315052509,138.4195672028,148.5297674259,138.0416952226,128.6872389598
5310, 2026-05-29 11:56:58,1780045018,10618.0,29.0256709452,139.7863362388,152.4547034978,139.0647041230,127.8396010955
5311, 2026-05-29 11:57:00,1780045020,10620.0,29.0198366394,138.9720621858,152.9813314178,137.6639193401,126.2709357995
5312, 2026-05-29 11:57:02,1780045022,10622.0,29.0140023337,139.8860865713,152.1517927530,140.3270462314,127.1794207294
5313, 2026-05-29 11:57:04,1780045024,10624.0,29.0081680280,137.5268712282,150.3510210177,137.5141231466,124.7154695204
5314, 2026-05-29 11:57:06,1780045026,10626.0,29.0023337223,137.7045897020,152.6877485345,136.1134604646,124.3125601069
5315, 2026-05-29 11:57:08,1780045028,10628.0,28.9964994166,137.7407385439,148.1161579869,137.3451617975,127.7608958473
5316, 2026-05-29 11:57:10,1780045030,10630.0,28.9906651109,137.6009451954,151.5753972783,138.2649790039,122.9624593041
5317, 2026-05-29 11:57:12,1780045032,10632.0,28.9848308051,138.0940501308,149.7221290988,138.6629829709,125.8970383227
5318, 2026-05-29 11:57:14,1780045034,10634.0,28.9789964994,137.9445355158,149.0766587794,137.5082483288,127.2486994392
5319, 2026-05-29 11:57:16,1780045036,10636.0,28.9731621937,137.6504146307,150.8309176036,138.5867866074,123.5335396811
5320, 2026-05-29 11:57:18,1780045038,10638.0,28.9673278880,137.6336141926,150.2963389053,136.1946246820,126.4098789904
5321, 2026-05-29 11:57:20,1780045040,10640.0,28.9614935823,137.9784044219,147.2410442366,140.4749437893,126.2192252397
5322, 2026-05-29 11:57:22,1780045042,10642.0,28.9556592765,138.8310119769,149.4752014113,140.0115663515,127.0062681680
5323, 2026-05-29 11:57:24,1780045044,10644.0,28.9498249708,136.1544998844,148.4782611634,137.6716774709,122.3135610189
5324, 2026-05-29 11:57:26,1780045046,10646.0,28.9439906651,138.0838637808,151.1807954502,135.7508975517,127.3198983406
5325, 2026-05-29 11:57:28,1780045048,10648.0,28.9381563594,138.5881366762,147.9204231014,138.4243791333,129.4196077938
5326, 2026-05-29 11:57:30,1780045050,10650.0,28.9323220537,136.0430590824,149.0997653951,132.7859664624,126.2434453896
5327, 2026-05-29 11:57:32,1780045052,10652.0,28.9264877480,138.4648476251,152.1892116111,138.5806654211,124.6246658432
5328, 2026-05-29 11:57:34,1780045054,10654.0,28.9206534422,137.7736544375,150.3573948239,136.4494061235,126.5141623652
5329, 2026-05-29 11:57:36,1780045056,10656.0,28.9148191365,137.9904528266,147.8522363588,140.8743355878,125.2447865332
5330, 2026-05-29 11:57:38,1780045058,10658.0,28.9089848308,137.3924877145,146.9088502054,138.7303912261,126.5382217119
5331, 2026-05-29 11:57:40,1780045060,10660.0,28.9031505251,137.3317833400,149.7262764852,138.2520496529,124.0170238818
5332, 2026-05-29 11:57:42,1780045062,10662.0,28.8973162194,138.3769018311,151.4313685492,136.1702633627,127.5290735816
5333, 2026-05-29 11:57:44,1780045064,10664.0,28.8914819137,137.2796890218,147.8212680939,137.8087602749,126.2090386966
5334, 2026-05-29 11:57:46,1780045066,10666.0,28.8856476079,138.7152231328,150.7453040573,139.1604710363,126.2398943048
5335, 2026-05-29 11:57:48,1780045068,10668.0,28.8798133022,137.1075133716,150.5156520849,136.3626481047,124.4442399253
5336, 2026-05-29 11:57:50,1780045070,10670.0,28.8739789965,137.8852068181,151.3269962354,136.4628398450,125.8657843740
5337, 2026-05-29 11:57:52,1780045072,10672.0,28.8681446908,138.8417104157,149.1290490538,141.5412519168,125.8548302764
5338, 2026-05-29 11:57:54,1780045074,10674.0,28.8623103851,137.8629249295,148.6700073989,138.6419023113,126.2768650782
5339, 2026-05-29 11:57:56,1780045076,10676.0,28.8564760793,137.7117055344,149.6404055288,136.7819411652,126.7127699092
5340, 2026-05-29 11:57:58,1780045078,10678.0,28.8506417736,137.5964366081,150.6320607174,138.7955294670,123.3617196400
5341, 2026-05-29 11:58:00,1780045080,10680.0,28.8448074679,136.5014144471,148.3824785259,136.5394842918,124.5822805237
5342, 2026-05-29 11:58:02,1780045082,10682.0,28.8389731622,137.7159505551,152.0293544372,135.7929947937,125.3255024343
5343, 2026-05-29 11:58:04,1780045084,10684.0,28.8331388565,139.3685476458,153.1868860488,138.9274768814,125.9912800072
5344, 2026-05-29 11:58:06,1780045086,10686.0,28.8273045508,137.9395882535,149.2334628134,138.9413753279,125.6439266192
5345, 2026-05-29 11:58:08,1780045088,10688.0,28.8214702450,137.4274239079,147.8493356082,140.1127402375,124.3201958780
5346, 2026-05-29 11:58:10,1780045090,10690.0,28.8156359393,138.3872582108,151.7802060681,138.7593253651,124.6222431991
5347, 2026-05-29 11:58:12,1780045092,10692.0,28.8098016336,139.1216769953,150.5491393912,137.0804447827,129.7354468120
5348, 2026-05-29 11:58:14,1780045094,10694.0,28.8039673279,136.6565029031,146.2673311716,138.1847622167,125.5174153208
5349, 2026-05-29 11:58:16,1780045096,10696.0,28.7981330222,138.3556660330,149.7375332595,138.0661615006,127.2633033389
5350, 2026-05-29 11:58:18,1780045098,10698.0,28.7922987165,137.8564642252,152.1752802679,136.2379814291,125.1561309786
5351, 2026-05-29 11:58:20,1780045100,10700.0,28.7864644107,138.5109051498,154.2782618795,135.2392757825,126.0151777875
5352, 2026-05-29 11:58:22,1780045102,10702.0,28.7806301050,137.3198331549,151.5520367913,135.3014745632,125.1059881102
5353, 2026-05-29 11:58:24,1780045104,10704.0,28.7747957993,136.2800300450,147.4728013089,136.8239909008,124.5432979254
5354, 2026-05-29 11:58:26,1780045106,10706.0,28.7689614936,137.0955754765,149.7454479324,137.7214530951,123.8198254019
5355, 2026-05-29 11:58:28,1780045108,10708.0,28.7631271879,138.8168541049,151.8171025753,137.3194338089,127.3140259305
5356, 2026-05-29 11:58:30,1780045110,10710.0,28.7572928821,137.3244293677,147.0405879649,138.9068233938,126.0258767445
5357, 2026-05-29 11:58:32,1780045112,10712.0,28.7514585764,137.4133004471,148.8600149522,136.5702838865,126.8096025028
5358, 2026-05-29 11:58:34,1780045114,10714.0,28.7456242707,137.1975808875,150.0098785161,138.3580527606,123.2248113857
5359, 2026-05-29 11:58:36,1780045116,10716.0,28.7397899650,137.9883707153,148.6555071869,138.1729247761,127.1366801829
5360, 2026-05-29 11:58:38,1780045118,10718.0,28.7339556593,137.5834121468,149.5664344601,136.3792001103,126.8046018699
5361, 2026-05-29 11:58:40,1780045120,10720.0,28.7281213536,137.7672568799,148.8303956774,139.3298736131,125.1415013491
5362, 2026-05-29 11:58:42,1780045122,10722.0,28.7222870478,138.1437985309,149.6058072402,138.0534623355,126.7721260168
5363, 2026-05-29 11:58:44,1780045124,10724.0,28.7164527421,138.6605261628,150.8674322830,137.7696316609,127.3445145446
5364, 2026-05-29 11:58:46,1780045126,10726.0,28.7106184364,138.2062243830,149.7691563545,139.0519175952,125.7975991993
5365, 2026-05-29 11:58:48,1780045128,10728.0,28.7047841307,135.6862651893,148.1987898558,135.6120698674,123.2479358447
5366, 2026-05-29 11:58:50,1780045130,10730.0,28.6989498250,137.5903152987,150.5193737882,137.5608045477,124.6907675602
5367, 2026-05-29 11:58:52,1780045132,10732.0,28.6931155193,140.4470728689,154.3217650771,138.5870611973,128.4323923324
5368, 2026-05-29 11:58:54,1780045134,10734.0,28.6872812135,137.3015987824,150.7776960733,134.1270374643,127.0000628097
5369, 2026-05-29 11:58:56,1780045136,10736.0,28.6814469078,137.9466159280,150.2309253062,137.4815635241,126.1273589536
5370, 2026-05-29 11:58:58,1780045138,10738.0,28.6756126021,138.8598657969,150.4708583468,140.2925670186,125.8161720253
5371, 2026-05-29 11:59:00,1780045140,10740.0,28.6697782964,137.1634516357,149.2454350059,137.1655176715,125.0794022298
5372, 2026-05-29 11:59:02,1780045142,10742.0,28.6639439907,138.1582621876,152.6953669534,136.8570100259,124.9224095836
5373, 2026-05-29 11:59:04,1780045144,10744.0,28.6581096849,138.0869967635,149.5494433979,136.6924742554,128.0190726372
5374, 2026-05-29 11:59:06,1780045146,10746.0,28.6522753792,137.3919646089,147.0091028138,139.4428051409,125.7239858721
5375, 2026-05-29 11:59:08,1780045148,10748.0,28.6464410735,138.5512833254,151.1045500335,138.5727253607,125.9765745819
5376, 2026-05-29 11:59:10,1780045150,10750.0,28.6406067678,139.2368156592,152.4288665299,139.1630229765,126.1185574711
5377, 2026-05-29 11:59:12,1780045152,10752.0,28.6347724621,137.7925301433,151.2989975784,136.6540838688,125.4245089827
5378, 2026-05-29 11:59:14,1780045154,10754.0,28.6289381564,137.6272663871,150.1919969777,136.8662051913,125.8235969925
5379, 2026-05-29 11:59:16,1780045156,10756.0,28.6231038506,138.2518390109,150.2910105483,137.5883118169,126.8761946676
5380, 2026-05-29 11:59:18,1780045158,10758.0,28.6172695449,136.9494792286,148.5977184620,135.9794371871,126.2712820366
5381, 2026-05-29 11:59:20,1780045160,10760.0,28.6114352392,137.4347683873,147.3147188358,138.7198682541,126.2697180719
5382, 2026-05-29 11:59:22,1780045162,10762.0,28.6056009335,138.0259196657,148.5747733134,136.2074138850,129.2955717986
5383, 2026-05-29 11:59:24,1780045164,10764.0,28.5997666278,137.2216023414,148.8133481718,134.7715221339,128.0799367186
5384, 2026-05-29 11:59:26,1780045166,10766.0,28.5939323221,138.7986225338,147.2108618071,139.9832886406,129.2017171536
5385, 2026-05-29 11:59:28,1780045168,10768.0,28.5880980163,138.6372225422,150.2875793648,139.3451191721,126.2789690896
5386, 2026-05-29 11:59:30,1780045170,10770.0,28.5822637106,136.6010283155,150.3207284628,136.7287340574,122.7536224264
5387, 2026-05-29 11:59:32,1780045172,10772.0,28.5764294049,135.9573243580,149.6050353911,133.1056115716,125.1613261112
5388, 2026-05-29 11:59:34,1780045174,10774.0,28.5705950992,136.6221236878,147.8208713674,138.0666520842,123.9788476117
5389, 2026-05-29 11:59:36,1780045176,10776.0,28.5647607935,138.1448652525,148.5984900889,138.4225498098,127.4135558588
5390, 2026-05-29 11:59:38,1780045178,10778.0,28.5589264877,137.0674641557,147.8381499152,137.5037136299,125.8605289219
5391, 2026-05-29 11:59:40,1780045180,10780.0,28.5530921820,136.6083981817,148.4764395098,136.8772511779,124.4715038573
5392, 2026-05-29 11:59:42,1780045182,10782.0,28.5472578763,139.7014578816,150.7252259798,138.4746246116,129.9045230535
5393, 2026-05-29 11:59:44,1780045184,10784.0,28.5414235706,139.3524664507,150.5680492082,141.1348559063,126.3544942376
5394, 2026-05-29 11:59:46,1780045186,10786.0,28.5355892649,139.5647670417,151.8664450734,139.5983666955,127.2294893564
5395, 2026-05-29 11:59:48,1780045188,10788.0,28.5297549592,139.0624916615,148.5145185203,138.6480793278,130.0248771363
5396, 2026-05-29 11:59:50,1780045190,10790.0,28.5239206534,138.1244829025,149.4977105531,136.5734620061,128.3022761482
5397, 2026-05-29 11:59:52,1780045192,10792.0,28.5180863477,139.0109426318,149.3717647842,139.8438023149,127.8172607962
5398, 2026-05-29 11:59:54,1780045194,10794.0,28.5122520420,137.4589091559,148.9073936891,137.5947852819,125.8745484965
5399, 2026-05-29 11:59:56,1780045196,10796.0,28.5064177363,137.9277305197,150.6405228133,138.9404462529,124.2022224930
5400, 2026-05-29 11:59:58,1780045198,10798.0,28.5005834306,137.8006856804,148.4781987940,137.5327014348,127.3911568125
5401, 2026-05-29 12:00:00,1780045200,10800.0,28.4947491249,137.0541561496,149.1556938387,136.3082989821,125.6984756280
5402, 2026-05-29 12:00:02,1780045202,10802.0,28.4889148191,138.8225315887,150.4425804672,139.1164784887,126.9085358103
5403, 2026-05-29 12:00:04,1780045204,10804.0,28.4830805134,137.9625440091,149.9058462297,138.7374849437,125.2443008539
5404, 2026-05-29 12:00:06,1780045206,10806.0,28.4772462077,137.2291424661,147.9559310929,137.6899571432,126.0415391623
5405, 2026-05-29 12:00:08,1780045208,10808.0,28.4714119020,137.2841954167,147.9575033324,138.4602589210,125.4348239967
5406, 2026-05-29 12:00:10,1780045210,10810.0,28.4655775963,137.6116338158,147.6781442525,137.9658675438,127.1908896510
5407, 2026-05-29 12:00:12,1780045212,10812.0,28.4597432905,138.0920009909,147.4064591221,141.8465251546,125.0230186959
5408, 2026-05-29 12:00:14,1780045214,10814.0,28.4539089848,138.6454952274,150.8972105145,140.0770586069,124.9622165608
5409, 2026-05-29 12:00:16,1780045216,10816.0,28.4480746791,139.0078668312,149.4461712662,139.2336998183,128.3437294092
5410, 2026-05-29 12:00:18,1780045218,10818.0,28.4422403734,137.8239835828,148.9608283175,137.7692277563,126.7418946745
5411, 2026-05-29 12:00:20,1780045220,10820.0,28.4364060677,136.6950061760,148.9402626057,137.0749289678,124.0698269545
5412, 2026-05-29 12:00:22,1780045222,10822.0,28.4305717620,138.2686402459,150.4043636772,137.6151537920,126.7864032685
5413, 2026-05-29 12:00:24,1780045224,10824.0,28.4247374562,138.4450221238,148.6795205638,137.4460078099,129.2095379978
5414, 2026-05-29 12:00:26,1780045226,10826.0,28.4189031505,137.3273373992,149.2516639059,136.0517351282,126.6786131636
5415, 2026-05-29 12:00:28,1780045228,10828.0,28.4130688448,138.0722985334,149.9009274600,137.7747903239,126.5411778163
5416, 2026-05-29 12:00:30,1780045230,10830.0,28.4072345391,138.4663337332,148.0619073398,138.6844091699,128.6526846900
5417, 2026-05-29 12:00:32,1780045232,10832.0,28.4014002334,137.9426664624,149.3500077666,136.4448266169,128.0331650037
5418, 2026-05-29 12:00:34,1780045234,10834.0,28.3955659277,137.6412919521,148.6930072487,138.0595729271,126.1712956805
5419, 2026-05-29 12:00:36,1780045236,10836.0,28.3897316219,138.4736096325,150.8398457385,137.5290713313,127.0519118277
5420, 2026-05-29 12:00:38,1780045238,10838.0,28.3838973162,138.1991876217,153.6434341514,134.7593857630,126.1947429509
5421, 2026-05-29 12:00:40,1780045240,10840.0,28.3780630105,137.7284949524,149.8342937492,137.4751324024,125.8760587057
5422, 2026-05-29 12:00:42,1780045242,10842.0,28.3722287048,137.1068462038,148.6351450282,138.5047871641,124.1806064190
5423, 2026-05-29 12:00:44,1780045244,10844.0,28.3663943991,137.2895796881,150.6126291517,135.9834945927,125.2726153199
5424, 2026-05-29 12:00:46,1780045246,10846.0,28.3605600933,137.9618693931,151.2821422576,139.9679885352,122.6354773865
5425, 2026-05-29 12:00:48,1780045248,10848.0,28.3547257876,136.4724450940,148.0866443757,136.9942104413,124.3364804648
5426, 2026-05-29 12:00:50,1780045250,10850.0,28.3488914819,136.1895343390,149.1302954652,133.2300119346,126.2082956172
5427, 2026-05-29 12:00:52,1780045252,10852.0,28.3430571762,137.3464226054,149.8089990930,138.4964787165,123.7337900066
5428, 2026-05-29 12:00:54,1780045254,10854.0,28.3372228705,137.3155003975,149.0323155490,138.3553350399,124.5588506035
5429, 2026-05-29 12:00:56,1780045256,10856.0,28.3313885648,137.8274570631,151.0005025400,138.1450380762,124.3368305732
5430, 2026-05-29 12:00:58,1780045258,10858.0,28.3255542590,137.6362184764,148.2632991780,137.8969148824,126.7484413688
5431, 2026-05-29 12:01:00,1780045260,10860.0,28.3197199533,136.2678709118,149.9782596472,133.7701146074,125.0552384808
5432, 2026-05-29 12:01:02,1780045262,10862.0,28.3138856476,138.2694710555,152.4130311361,137.9700192850,124.4253627454
5433, 2026-05-29 12:01:04,1780045264,10864.0,28.3080513419,138.0554698494,150.2656538204,136.1578832509,127.7428724768
5434, 2026-05-29 12:01:06,1780045266,10866.0,28.3022170362,136.6460213034,147.6073610458,135.4149323203,126.9157705442
5435, 2026-05-29 12:01:08,1780045268,10868.0,28.2963827305,137.9119146929,151.4939818349,135.7812846487,126.4604775951
5436, 2026-05-29 12:01:10,1780045270,10870.0,28.2905484247,138.0308579618,151.8469825651,138.6835780970,123.5620132232
5437, 2026-05-29 12:01:12,1780045272,10872.0,28.2847141190,137.9214733241,149.2022868523,138.1418976713,126.4202354486
5438, 2026-05-29 12:01:14,1780045274,10874.0,28.2788798133,137.5865961637,147.7701103600,137.1042505131,127.8854276180
5439, 2026-05-29 12:01:16,1780045276,10876.0,28.2730455076,138.5897065232,150.0037858146,136.9149041342,128.8504296208
5440, 2026-05-29 12:01:18,1780045278,10878.0,28.2672112019,137.6928176115,148.8316288880,137.5679723004,126.6788516459
5441, 2026-05-29 12:01:20,1780045280,10880.0,28.2613768961,138.4999764207,149.0862296274,139.5908607905,126.8228388443
5442, 2026-05-29 12:01:22,1780045282,10882.0,28.2555425904,137.4325458136,149.1141973891,136.3609138923,126.8225261595
5443, 2026-05-29 12:01:24,1780045284,10884.0,28.2497082847,137.8204863736,151.8772728874,137.6459465183,123.9382397151
5444, 2026-05-29 12:01:26,1780045286,10886.0,28.2438739790,138.7296529603,150.5937951628,138.3431212569,127.2520424612
5445, 2026-05-29 12:01:28,1780045288,10888.0,28.2380396733,138.9689750451,149.7123960791,138.2469502760,128.9475787803
5446, 2026-05-29 12:01:30,1780045290,10890.0,28.2322053676,139.3496370342,151.5246119972,141.0312196821,125.4930794233
5447, 2026-05-29 12:01:32,1780045292,10892.0,28.2263710618,137.6201218850,145.9948049603,138.7932295480,128.0723311467
5448, 2026-05-29 12:01:34,1780045294,10894.0,28.2205367561,138.0248126354,149.7612118113,138.1129019820,126.2003241130
5449, 2026-05-29 12:01:36,1780045296,10896.0,28.2147024504,137.5521243184,150.2108289231,135.8989210557,126.5466229764
5450, 2026-05-29 12:01:38,1780045298,10898.0,28.2088681447,138.0443925012,151.0660142732,137.4203046663,125.6468585642
5451, 2026-05-29 12:01:40,1780045300,10900.0,28.2030338390,138.7876640818,148.9936097437,139.6324140933,127.7369684084
5452, 2026-05-29 12:01:42,1780045302,10902.0,28.1971995333,138.6762757993,150.4018943786,138.8736912509,126.7532417683
5453, 2026-05-29 12:01:44,1780045304,10904.0,28.1913652275,137.9064385313,149.8165060134,137.5616174625,126.3411921179
5454, 2026-05-29 12:01:46,1780045306,10906.0,28.1855309218,139.1412127171,150.5169122566,137.6669079518,129.2398179427
5455, 2026-05-29 12:01:48,1780045308,10908.0,28.1796966161,138.9943450999,149.0516133201,140.6807192832,127.2507026965
5456, 2026-05-29 12:01:50,1780045310,10910.0,28.1738623104,137.6916620044,149.9076249745,137.9779413790,125.1894196598
5457, 2026-05-29 12:01:52,1780045312,10912.0,28.1680280047,138.5309400741,151.0108701253,140.1026938994,124.4792561975
5458, 2026-05-29 12:01:54,1780045314,10914.0,28.1621936989,137.4730490258,147.5089188327,138.1488514119,126.7613768330
5459, 2026-05-29 12:01:56,1780045316,10916.0,28.1563593932,138.2316907985,150.5872010963,138.6220269286,125.4858443705
5460, 2026-05-29 12:01:58,1780045318,10918.0,28.1505250875,139.3349917882,150.7123207449,140.0782845812,127.2143700384
5461, 2026-05-29 12:02:00,1780045320,10920.0,28.1446907818,138.7100363734,152.1223340890,138.2806128112,125.7271622200
5462, 2026-05-29 12:02:02,1780045322,10922.0,28.1388564761,138.9491089049,152.1150554627,137.4223340153,127.3099372368
5463, 2026-05-29 12:02:04,1780045324,10924.0,28.1330221704,138.8452888167,149.0417377131,140.2379573444,127.2561713926
5464, 2026-05-29 12:02:06,1780045326,10926.0,28.1271878646,135.8850485091,146.4581152745,137.1398716069,124.0571586459
5465, 2026-05-29 12:02:08,1780045328,10928.0,28.1213535589,138.1819017037,150.8488433605,135.5692040420,128.1276577085
5466, 2026-05-29 12:02:10,1780045330,10930.0,28.1155192532,137.9091387822,150.5890512415,137.6121306026,125.5262345025
5467, 2026-05-29 12:02:12,1780045332,10932.0,28.1096849475,138.2119846155,149.1457746765,140.0279320208,125.4622471492
5468, 2026-05-29 12:02:14,1780045334,10934.0,28.1038506418,139.0489777228,150.3787650793,141.0861552212,125.6820128679
5469, 2026-05-29 12:02:16,1780045336,10936.0,28.0980163361,141.0974332748,153.0647552464,142.1961789254,128.0313656526
5470, 2026-05-29 12:02:18,1780045338,10938.0,28.0921820303,137.5010316985,149.0961688827,138.1594958979,125.2474303147
5471, 2026-05-29 12:02:20,1780045340,10940.0,28.0863477246,139.4939925143,149.5919232637,140.2593782896,128.6306759897
5472, 2026-05-29 12:02:22,1780045342,10942.0,28.0805134189,137.8401156729,150.2415528313,135.3445707400,127.9342234473
5473, 2026-05-29 12:02:24,1780045344,10944.0,28.0746791132,138.4081788452,152.4674453724,137.0803129101,125.6767782531
5474, 2026-05-29 12:02:26,1780045346,10946.0,28.0688448075,138.6148932921,150.3954557282,139.6799706235,125.7692535245
5475, 2026-05-29 12:02:28,1780045348,10948.0,28.0630105018,137.2608192789,148.8682131798,137.8117058252,125.1025388317
5476, 2026-05-29 12:02:30,1780045350,10950.0,28.0571761960,139.5178072735,152.5509482362,139.6832861972,126.3191873872
5477, 2026-05-29 12:02:32,1780045352,10952.0,28.0513418903,137.3439171191,151.1223655869,136.5023945145,124.4069912559
5478, 2026-05-29 12:02:34,1780045354,10954.0,28.0455075846,137.4081947599,148.8732670846,136.3910616788,126.9602555161
5479, 2026-05-29 12:02:36,1780045356,10956.0,28.0396732789,139.0433872893,152.6042626302,140.0329932070,124.4929060306
5480, 2026-05-29 12:02:38,1780045358,10958.0,28.0338389732,137.1249399187,148.3117119769,137.8584033862,125.2047043931
5481, 2026-05-29 12:02:40,1780045360,10960.0,28.0280046674,137.6515065807,149.6533537720,137.5755078038,125.7256581662
5482, 2026-05-29 12:02:42,1780045362,10962.0,28.0221703617,136.7657741946,148.5976995417,137.5601338101,124.1394892320
5483, 2026-05-29 12:02:44,1780045364,10964.0,28.0163360560,139.6732876644,151.2442678343,138.5690854907,129.2065096681
5484, 2026-05-29 12:02:46,1780045366,10966.0,28.0105017503,138.9889914807,150.5621212159,140.2542036620,126.1506495641
5485, 2026-05-29 12:02:48,1780045368,10968.0,28.0046674446,137.2682532193,148.2241303570,138.5944192559,124.9862100450
5486, 2026-05-29 12:02:50,1780045370,10970.0,27.9988331389,137.7267020009,149.7679934578,137.7708220204,125.6412905244
5487, 2026-05-29 12:02:52,1780045372,10972.0,27.9929988331,137.0362549508,149.1786614750,135.2309399672,126.6991634103
5488, 2026-05-29 12:02:54,1780045374,10974.0,27.9871645274,137.6810560000,149.3527697201,137.0266549307,126.6637433493
5489, 2026-05-29 12:02:56,1780045376,10976.0,27.9813302217,138.3503575946,148.4163989785,139.3724323571,127.2622414480
5490, 2026-05-29 12:02:58,1780045378,10978.0,27.9754959160,138.5731930080,151.6060266619,136.8949918995,127.2185604626
5491, 2026-05-29 12:03:00,1780045380,10980.0,27.9696616103,138.4319307636,149.0179122541,139.8564594252,126.4214206115
5492, 2026-05-29 12:03:02,1780045382,10982.0,27.9638273046,138.5208282895,151.1147961888,138.2282837887,126.2194048911
5493, 2026-05-29 12:03:04,1780045384,10984.0,27.9579929988,137.4456031662,151.6643559310,136.3152952110,124.3571583565
5494, 2026-05-29 12:03:06,1780045386,10986.0,27.9521586931,138.8596585878,150.6655912428,138.4031896827,127.5101948380
5495, 2026-05-29 12:03:08,1780045388,10988.0,27.9463243874,139.0536472068,149.8912380265,138.3160541868,128.9536494070
5496, 2026-05-29 12:03:10,1780045390,10990.0,27.9404900817,137.9192440586,148.0069025402,139.5081526619,126.2426769736
5497, 2026-05-29 12:03:12,1780045392,10992.0,27.9346557760,139.0936406026,152.4298451100,137.2554127820,127.5956639159
5498, 2026-05-29 12:03:14,1780045394,10994.0,27.9288214702,138.0785335988,152.1165733064,135.8969135321,126.2221139579
5499, 2026-05-29 12:03:16,1780045396,10996.0,27.9229871645,138.4331298109,150.6104109359,136.8655800135,127.8233984834
5500, 2026-05-29 12:03:18,1780045398,10998.0,27.9171528588,138.8659534098,149.9444646140,141.0329790394,125.6204165761
5501, 2026-05-29 12:03:20,1780045400,11000.0,27.9113185531,137.8285040825,149.1289010270,138.0198903245,126.3367208960
5502, 2026-05-29 12:03:22,1780045402,11002.0,27.9054842474,139.1194980588,152.0035046215,140.0577909143,125.2971986406
5503, 2026-05-29 12:03:24,1780045404,11004.0,27.8996499417,137.4711679596,151.1093988521,136.9494992705,124.3546057562
5504, 2026-05-29 12:03:26,1780045406,11006.0,27.8938156359,138.9154393960,150.8658514015,136.8731860541,129.0072807323
5505, 2026-05-29 12:03:28,1780045408,11008.0,27.8879813302,139.1873588294,149.7879359402,139.9053898472,127.8687507010
5506, 2026-05-29 12:03:30,1780045410,11010.0,27.8821470245,138.4025505809,150.1296304154,139.0237571471,126.0542641801
5507, 2026-05-29 12:03:32,1780045412,11012.0,27.8763127188,137.4981966156,150.2398104370,137.3484322032,124.9063472066
5508, 2026-05-29 12:03:34,1780045414,11014.0,27.8704784131,138.2273860416,149.9750320578,139.6595304667,125.0475956004
5509, 2026-05-29 12:03:36,1780045416,11016.0,27.8646441074,138.6250017093,152.2905647365,138.0594787103,125.5249616811
5510, 2026-05-29 12:03:38,1780045418,11018.0,27.8588098016,138.6074012678,151.7098509015,136.5195918966,127.5927610051
5511, 2026-05-29 12:03:40,1780045420,11020.0,27.8529754959,139.0917804012,151.3275505764,138.6650580350,127.2827325920
5512, 2026-05-29 12:03:42,1780045422,11022.0,27.8471411902,139.0185173654,150.2281396403,139.6001046050,127.2273078508
5513, 2026-05-29 12:03:44,1780045424,11024.0,27.8413068845,138.3360006834,150.9333677173,136.8663193379,127.2083149949
5514, 2026-05-29 12:03:46,1780045426,11026.0,27.8354725788,136.6400018109,148.9606558369,134.7631412810,126.1962083148
5515, 2026-05-29 12:03:48,1780045428,11028.0,27.8296382730,136.7173271579,148.4657969285,136.2550617636,125.4311227817
5516, 2026-05-29 12:03:50,1780045430,11030.0,27.8238039673,138.0936225334,149.7961176233,137.2139015228,127.2708484540
5517, 2026-05-29 12:03:52,1780045432,11032.0,27.8179696616,138.6743026129,149.3008824137,137.8323346952,128.8896907300
5518, 2026-05-29 12:03:54,1780045434,11034.0,27.8121353559,139.0764315318,150.8907650238,138.9760469060,127.3624826655
5519, 2026-05-29 12:03:56,1780045436,11036.0,27.8063010502,139.4595191553,151.7390157490,141.4820505996,125.1574911173
5520, 2026-05-29 12:03:58,1780045438,11038.0,27.8004667445,137.0283843708,149.5486244830,135.9207639708,125.6157646585
5521, 2026-05-29 12:04:00,1780045440,11040.0,27.7946324387,138.2145217852,149.3175910514,140.9919733935,124.3340009108
5522, 2026-05-29 12:04:02,1780045442,11042.0,27.7887981330,137.6023952789,150.7799711273,136.3417492290,125.6854654805
5523, 2026-05-29 12:04:04,1780045444,11044.0,27.7829638273,138.2893901618,151.5522253411,137.3940581993,125.9218869450
5524, 2026-05-29 12:04:06,1780045446,11046.0,27.7771295216,137.8739606172,152.6676608954,137.4594369818,123.4947839743
5525, 2026-05-29 12:04:08,1780045448,11048.0,27.7712952159,137.9844540133,151.1021457765,136.7612132931,126.0900029703
5526, 2026-05-29 12:04:10,1780045450,11050.0,27.7654609102,137.1746152652,148.2114068120,137.9097276931,125.4027112904
5527, 2026-05-29 12:04:12,1780045452,11052.0,27.7596266044,137.7858667506,149.3957515802,137.5719173550,126.3899313167
5528, 2026-05-29 12:04:14,1780045454,11054.0,27.7537922987,136.9585530973,148.4868572935,135.7409895455,126.6478124529
5529, 2026-05-29 12:04:16,1780045456,11056.0,27.7479579930,136.7716158943,148.5532121601,133.4438718037,128.3177637190
5530, 2026-05-29 12:04:18,1780045458,11058.0,27.7421236873,137.9452351426,149.6431193832,138.2475658912,125.9450201535
5531, 2026-05-29 12:04:20,1780045460,11060.0,27.7362893816,138.6907896486,150.2784470249,138.5206428069,127.2732791141
5532, 2026-05-29 12:04:22,1780045462,11062.0,27.7304550758,136.5036483669,146.8347593064,139.6803399147,122.9958458796
5533, 2026-05-29 12:04:24,1780045464,11064.0,27.7246207701,138.6434253900,150.5847547836,138.1651504969,127.1803708896
5534, 2026-05-29 12:04:26,1780045466,11066.0,27.7187864644,138.4255550605,152.3846527453,138.0876917788,124.8043206574
5535, 2026-05-29 12:04:28,1780045468,11068.0,27.7129521587,140.1417699638,153.8619821584,139.5089293669,127.0543983660
5536, 2026-05-29 12:04:30,1780045470,11070.0,27.7071178530,137.8993781487,151.8981127844,136.4191893816,125.3808322802
5537, 2026-05-29 12:04:32,1780045472,11072.0,27.7012835473,139.2528592512,149.3352202710,139.5877905955,128.8355668871
5538, 2026-05-29 12:04:34,1780045474,11074.0,27.6954492415,136.9654425826,147.0787553895,140.3586907058,123.4588816526
5539, 2026-05-29 12:04:36,1780045476,11076.0,27.6896149358,140.2854512124,153.9315519921,140.1328303000,126.7919713451
5540, 2026-05-29 12:04:38,1780045478,11078.0,27.6837806301,137.3721853054,147.5045913986,139.0157165564,125.5962479613
5541, 2026-05-29 12:04:40,1780045480,11080.0,27.6779463244,138.7579158769,150.6360340899,138.5342934762,127.1034200646
5542, 2026-05-29 12:04:42,1780045482,11082.0,27.6721120187,137.6020006770,148.3805834876,137.7602974897,126.6651210535
5543, 2026-05-29 12:04:44,1780045484,11084.0,27.6662777130,138.3339601773,149.3061314459,140.4591650559,125.2365840300
5544, 2026-05-29 12:04:46,1780045486,11086.0,27.6604434072,137.6459975609,148.4359737233,138.1696983844,126.3323205749
5545, 2026-05-29 12:04:48,1780045488,11088.0,27.6546091015,137.5423751848,148.0756956912,137.6421067658,126.9093230975
5546, 2026-05-29 12:04:50,1780045490,11090.0,27.6487747958,137.8174715261,149.5248436912,137.3026610744,126.6249098125
5547, 2026-05-29 12:04:52,1780045492,11092.0,27.6429404901,137.2671172318,148.8523391221,137.1682839024,125.7807286708
5548, 2026-05-29 12:04:54,1780045494,11094.0,27.6371061844,138.7486747873,151.7697007248,138.3980047962,126.0783188410
5549, 2026-05-29 12:04:56,1780045496,11096.0,27.6312718786,138.5966407906,152.5134285227,137.4776090073,125.7988848418
5550, 2026-05-29 12:04:58,1780045498,11098.0,27.6254375729,138.0308257689,150.6285532746,138.9980436724,124.4658803597
5551, 2026-05-29 12:05:00,1780045500,11100.0,27.6196032672,139.1480266965,150.9227730668,136.8826144367,129.6386925860
5552, 2026-05-29 12:05:02,1780045502,11102.0,27.6137689615,138.0048570069,149.4862780883,140.6473539492,123.8809389830
5553, 2026-05-29 12:05:04,1780045504,11104.0,27.6079346558,138.4642597179,152.3300405163,138.3637665639,124.6989720735
5554, 2026-05-29 12:05:06,1780045506,11106.0,27.6021003501,138.4477954525,149.5192833094,139.1334013135,126.6907017346
5555, 2026-05-29 12:05:08,1780045508,11108.0,27.5962660443,138.4953134627,150.0848111045,137.9611491579,127.4399801256
5556, 2026-05-29 12:05:10,1780045510,11110.0,27.5904317386,137.5031161621,148.6347635443,137.0321586807,126.8424262613
5557, 2026-05-29 12:05:12,1780045512,11112.0,27.5845974329,140.5008816547,154.8675323704,139.3593200890,127.2757925048
5558, 2026-05-29 12:05:14,1780045514,11114.0,27.5787631272,138.2986471004,151.3060573972,138.0068824833,125.5830014207
5559, 2026-05-29 12:05:16,1780045516,11116.0,27.5729288215,139.9556485627,151.7010953385,140.5365893974,127.6292609523
5560, 2026-05-29 12:05:18,1780045518,11118.0,27.5670945158,136.8531275117,149.4071392786,134.9272709849,126.2249722715
5561, 2026-05-29 12:05:20,1780045520,11120.0,27.5612602100,137.1483818122,150.8419076839,133.4167449309,127.1864928219
5562, 2026-05-29 12:05:22,1780045522,11122.0,27.5554259043,137.7748549975,149.5606637257,137.9320718516,125.8318294153
5563, 2026-05-29 12:05:24,1780045524,11124.0,27.5495915986,137.2153595399,148.4182003059,138.3405348333,124.8873434804
5564, 2026-05-29 12:05:26,1780045526,11126.0,27.5437572929,139.5833835306,151.3728761918,140.5963786394,126.7808957605
5565, 2026-05-29 12:05:28,1780045528,11128.0,27.5379229872,137.5037972487,149.4378360147,138.8574149021,124.2161408294
5566, 2026-05-29 12:05:30,1780045530,11130.0,27.5320886814,139.3654357922,149.7946679096,139.7098328266,128.5918066405
5567, 2026-05-29 12:05:32,1780045532,11132.0,27.5262543757,137.7914693351,150.7527115705,135.8287062074,126.7929902273
5568, 2026-05-29 12:05:34,1780045534,11134.0,27.5204200700,137.7402686178,151.7376327878,134.8751985995,126.6079744660
5569, 2026-05-29 12:05:36,1780045536,11136.0,27.5145857643,137.0637150921,150.5268846153,136.3984183956,124.2658422654
5570, 2026-05-29 12:05:38,1780045538,11138.0,27.5087514586,138.2256747249,150.6298712337,136.7268839916,127.3202689495
5571, 2026-05-29 12:05:40,1780045540,11140.0,27.5029171529,138.1483323100,152.3300379852,137.7008599163,124.4140990285
5572, 2026-05-29 12:05:42,1780045542,11142.0,27.4970828471,136.7726783213,148.2093417864,136.6298526260,125.4788405515
5573, 2026-05-29 12:05:44,1780045544,11144.0,27.4912485414,139.1624056253,150.6566984657,136.2376988836,130.5928195267
5574, 2026-05-29 12:05:46,1780045546,11146.0,27.4854142357,138.5290669421,147.7811245528,140.2619945231,127.5440817504
5575, 2026-05-29 12:05:48,1780045548,11148.0,27.4795799300,138.9274341584,150.8007333136,140.2489766104,125.7325925513
5576, 2026-05-29 12:05:50,1780045550,11150.0,27.4737456243,138.4502033332,150.6446873489,138.3007080631,126.4052145877
5577, 2026-05-29 12:05:52,1780045552,11152.0,27.4679113186,136.6078368780,151.8310579476,133.3930297221,124.5994229643
5578, 2026-05-29 12:05:54,1780045554,11154.0,27.4620770128,138.2089626219,149.8362568614,138.5532164016,126.2374146027
5579, 2026-05-29 12:05:56,1780045556,11156.0,27.4562427071,137.1401841427,147.0084121498,136.3182754585,128.0938648199
5580, 2026-05-29 12:05:58,1780045558,11158.0,27.4504084014,138.8614252112,147.9651026059,138.7072916768,129.9118813508
5581, 2026-05-29 12:06:00,1780045560,11160.0,27.4445740957,140.3010189686,152.5769865535,141.0313934818,127.2946768705
5582, 2026-05-29 12:06:02,1780045562,11162.0,27.4387397900,138.9192540116,150.6491878637,138.1685314116,127.9400427594
5583, 2026-05-29 12:06:04,1780045564,11164.0,27.4329054842,138.2512224318,148.8865694980,139.7878829443,126.0792148531
5584, 2026-05-29 12:06:06,1780045566,11166.0,27.4270711785,138.4132581751,146.8746819513,139.7090327434,128.6560598305
5585, 2026-05-29 12:06:08,1780045568,11168.0,27.4212368728,138.1126073385,149.9439665829,138.7593043392,125.6345510933
5586, 2026-05-29 12:06:10,1780045570,11170.0,27.4154025671,138.0347451493,154.0801864424,136.8077075489,123.2163414566
5587, 2026-05-29 12:06:12,1780045572,11172.0,27.4095682614,138.9872253868,151.9280334645,137.8071573174,127.2264853785
5588, 2026-05-29 12:06:14,1780045574,11174.0,27.4037339557,138.7392054094,151.1662804498,137.4481207602,127.6032150183
5589, 2026-05-29 12:06:16,1780045576,11176.0,27.3978996499,140.9826025079,154.3787470343,139.7528932264,128.8161672630
5590, 2026-05-29 12:06:18,1780045578,11178.0,27.3920653442,137.0196743370,149.0537350022,136.2231393766,125.7821486322
5591, 2026-05-29 12:06:20,1780045580,11180.0,27.3862310385,137.6211558246,147.2334987757,138.0467730983,127.5831955997
5592, 2026-05-29 12:06:22,1780045582,11182.0,27.3803967328,139.2071745581,152.6148192338,139.0504745201,125.9562299204
5593, 2026-05-29 12:06:24,1780045584,11184.0,27.3745624271,138.0540775331,149.8759246310,137.1146306319,127.1716773362
5594, 2026-05-29 12:06:26,1780045586,11186.0,27.3687281214,137.2363122845,148.4656318021,136.7933806884,126.4499243630
5595, 2026-05-29 12:06:28,1780045588,11188.0,27.3628938156,138.5036245589,151.4595232244,138.4452752164,125.6060752360
5596, 2026-05-29 12:06:30,1780045590,11190.0,27.3570595099,139.0918878915,150.9892680389,137.7195286072,128.5668670283
5597, 2026-05-29 12:06:32,1780045592,11192.0,27.3512252042,137.7680805566,150.2322820668,137.2020233013,125.8699363016
5598, 2026-05-29 12:06:34,1780045594,11194.0,27.3453908985,137.1011229790,150.0438434499,136.9112739840,124.3482515031
5599, 2026-05-29 12:06:36,1780045596,11196.0,27.3395565928,138.5453830325,149.2777385926,139.4880761295,126.8703343754
5600, 2026-05-29 12:06:38,1780045598,11198.0,27.3337222870,138.3589917237,151.4506848102,137.4790727782,126.1472175828
5601, 2026-05-29 12:06:40,1780045600,11200.0,27.3278879813,137.8787248211,152.3261146046,135.8233976725,125.4866621863
5602, 2026-05-29 12:06:42,1780045602,11202.0,27.3220536756,138.4163342554,151.0630884534,137.2095481716,126.9763661411
5603, 2026-05-29 12:06:44,1780045604,11204.0,27.3162193699,138.1297515706,149.0828757724,138.1914075683,127.1149713711
5604, 2026-05-29 12:06:46,1780045606,11206.0,27.3103850642,140.1027133536,151.7892835723,138.6390445718,129.8798119167
5605, 2026-05-29 12:06:48,1780045608,11208.0,27.3045507585,138.2688740544,150.3138548561,138.6435518446,125.8492154624
5606, 2026-05-29 12:06:50,1780045610,11210.0,27.2987164527,136.3284449635,146.4033803331,135.3143479851,127.2676065722
5607, 2026-05-29 12:06:52,1780045612,11212.0,27.2928821470,138.0483809895,150.8556419951,138.3541174928,124.9353834805
5608, 2026-05-29 12:06:54,1780045614,11214.0,27.2870478413,136.7390768224,149.7961695046,137.2965469989,123.1245139639
5609, 2026-05-29 12:06:56,1780045616,11216.0,27.2812135356,138.4034052115,150.2864050075,138.3017692411,126.6220413859
5610, 2026-05-29 12:06:58,1780045618,11218.0,27.2753792299,137.5834054229,151.4897448317,136.0302185161,125.2302529210
5611, 2026-05-29 12:07:00,1780045620,11220.0,27.2695449242,139.0509027067,151.0701383710,139.9826006112,126.0999691380
5612, 2026-05-29 12:07:02,1780045622,11222.0,27.2637106184,137.1039986769,148.8119227622,135.4505645542,127.0495087143
5613, 2026-05-29 12:07:04,1780045624,11224.0,27.2578763127,138.4046991704,150.4856287996,137.6001277223,127.1283409894
5614, 2026-05-29 12:07:06,1780045626,11226.0,27.2520420070,138.0187574075,147.5225246026,139.0768849880,127.4568626320
5615, 2026-05-29 12:07:08,1780045628,11228.0,27.2462077013,137.9826193945,149.4900760582,137.7826421463,126.6751399792
5616, 2026-05-29 12:07:10,1780045630,11230.0,27.2403733956,137.7873511688,151.6017636104,136.3831429324,125.3771469636
5617, 2026-05-29 12:07:12,1780045632,11232.0,27.2345390898,138.6917189324,149.9478827572,140.6839433894,125.4433306507
5618, 2026-05-29 12:07:14,1780045634,11234.0,27.2287047841,138.8594794348,152.1805712763,139.4621545419,124.9357124863
5619, 2026-05-29 12:07:16,1780045636,11236.0,27.2228704784,139.1720673680,152.0118405480,136.8692035896,128.6351579664
5620, 2026-05-29 12:07:18,1780045638,11238.0,27.2170361727,137.3423192046,149.7349747331,137.0426297060,125.2493531746
5621, 2026-05-29 12:07:20,1780045640,11240.0,27.2112018670,137.6933110167,147.8439352578,139.0495621513,126.1864356411
5622, 2026-05-29 12:07:22,1780045642,11242.0,27.2053675613,137.0321151685,147.3742016879,135.1991200096,128.5230238079
5623, 2026-05-29 12:07:24,1780045644,11244.0,27.1995332555,137.7832425432,149.4963206410,137.0827186912,126.7706882974
5624, 2026-05-29 12:07:26,1780045646,11246.0,27.1936989498,140.2432730762,152.3497383690,140.6806550147,127.6994258450
5625, 2026-05-29 12:07:28,1780045648,11248.0,27.1878646441,138.8839018536,152.7144972198,139.9373004729,123.9999078680
5626, 2026-05-29 12:07:30,1780045650,11250.0,27.1820303384,138.0779626756,149.4145496302,137.7827650178,127.0365733786
5627, 2026-05-29 12:07:32,1780045652,11252.0,27.1761960327,139.7701044549,151.5725668942,139.4412933246,128.2964531459
5628, 2026-05-29 12:07:34,1780045654,11254.0,27.1703617270,138.4767814169,147.3768847940,139.9975222347,128.0559372221
5629, 2026-05-29 12:07:36,1780045656,11256.0,27.1645274212,139.0731410335,149.5290471475,139.9264743176,127.7639016353
5630, 2026-05-29 12:07:38,1780045658,11258.0,27.1586931155,138.5322566225,150.2279175918,136.9571208784,128.4117313974
5631, 2026-05-29 12:07:40,1780045660,11260.0,27.1528588098,138.2220613564,149.1529703761,140.0356897254,125.4775239678
5632, 2026-05-29 12:07:42,1780045662,11262.0,27.1470245041,138.9630848048,150.4683245198,137.0421917104,129.3787381844
5633, 2026-05-29 12:07:44,1780045664,11264.0,27.1411901984,138.7837770701,152.0535232938,139.0069439274,125.2908639892
5634, 2026-05-29 12:07:46,1780045666,11266.0,27.1353558926,138.2209519521,150.8462820460,137.0232627200,126.7933110903
5635, 2026-05-29 12:07:48,1780045668,11268.0,27.1295215869,139.0653443947,153.6916251359,136.8610842371,126.6433238112
5636, 2026-05-29 12:07:50,1780045670,11270.0,27.1236872812,138.6744231363,150.9225733714,138.2025258473,126.8981701901
5637, 2026-05-29 12:07:52,1780045672,11272.0,27.1178529755,136.6658373093,146.5908198346,136.2023295495,127.2043625438
5638, 2026-05-29 12:07:54,1780045674,11274.0,27.1120186698,137.2151015869,146.8280859987,138.4782741450,126.3389446171
5639, 2026-05-29 12:07:56,1780045676,11276.0,27.1061843641,138.2076181773,149.7011904755,137.9380309733,126.9836330830
5640, 2026-05-29 12:07:58,1780045678,11278.0,27.1003500583,136.6831885017,148.6108762992,135.5858258642,125.8528633416
5641, 2026-05-29 12:08:00,1780045680,11280.0,27.0945157526,138.7412061454,149.4673981353,138.2616627197,128.4945575810
5642, 2026-05-29 12:08:02,1780045682,11282.0,27.0886814469,137.5554064754,147.7450168134,138.3391949746,126.5820076382
5643, 2026-05-29 12:08:04,1780045684,11284.0,27.0828471412,137.9617913707,148.7043163997,137.8445258008,127.3365319118
5644, 2026-05-29 12:08:06,1780045686,11286.0,27.0770128355,139.3255537039,151.9573079770,139.4872780798,126.5320750549
5645, 2026-05-29 12:08:08,1780045688,11288.0,27.0711785298,138.5408524852,150.1653339609,139.8149112253,125.6423122693
5646, 2026-05-29 12:08:10,1780045690,11290.0,27.0653442240,139.9033591534,149.0252652570,139.0821620386,131.6026501646
5647, 2026-05-29 12:08:12,1780045692,11292.0,27.0595099183,137.4682936343,148.3116709700,138.3989600693,125.6942498637
5648, 2026-05-29 12:08:14,1780045694,11294.0,27.0536756126,138.0612635515,147.6055760806,141.0090647493,125.5691498244
5649, 2026-05-29 12:08:16,1780045696,11296.0,27.0478413069,138.0171918305,149.4910393272,138.1059615457,126.4545746187
5650, 2026-05-29 12:08:18,1780045698,11298.0,27.0420070012,138.2857882817,148.1549925528,137.5553960769,129.1469762155
5651, 2026-05-29 12:08:20,1780045700,11300.0,27.0361726954,137.9584328269,148.4514034550,140.0052946548,125.4186003708
5652, 2026-05-29 12:08:22,1780045702,11302.0,27.0303383897,139.2991095864,150.4982359265,139.1568886291,128.2422042037
5653, 2026-05-29 12:08:24,1780045704,11304.0,27.0245040840,137.8546748432,149.5859119036,135.8667736898,128.1113389362
5654, 2026-05-29 12:08:26,1780045706,11306.0,27.0186697783,137.3811665836,149.7482103729,138.4054055118,123.9898838661
5655, 2026-05-29 12:08:28,1780045708,11308.0,27.0128354726,137.9194404791,148.6376969414,139.6587800862,125.4618444098
5656, 2026-05-29 12:08:30,1780045710,11310.0,27.0070011669,138.8466192666,150.3667682263,139.1407950499,127.0322945235
5657, 2026-05-29 12:08:32,1780045712,11312.0,27.0011668611,139.3166985313,150.7900854236,140.4928244833,126.6671856872
5658, 2026-05-29 12:08:34,1780045714,11314.0,26.9953325554,138.8245974651,150.5790608202,137.8441170433,128.0506145318
5659, 2026-05-29 12:08:36,1780045716,11316.0,26.9894982497,139.1345322989,152.1330475766,140.1106169284,125.1599323915
5660, 2026-05-29 12:08:38,1780045718,11318.0,26.9836639440,137.3387201296,148.2231781635,137.1287734203,126.6642088050
5661, 2026-05-29 12:08:40,1780045720,11320.0,26.9778296383,137.7359944727,150.9618037285,136.8012903420,125.4448893476
5662, 2026-05-29 12:08:42,1780045722,11322.0,26.9719953326,137.9006035406,148.6669271259,138.4938529689,126.5410305271
5663, 2026-05-29 12:08:44,1780045724,11324.0,26.9661610268,138.9396155757,151.0324380598,139.2912177286,126.4951909387
5664, 2026-05-29 12:08:46,1780045726,11326.0,26.9603267211,137.5143727847,150.3019601574,134.5598219081,127.6813362885
5665, 2026-05-29 12:08:48,1780045728,11328.0,26.9544924154,137.5295330509,151.8595418009,133.2158241139,127.5132332379
5666, 2026-05-29 12:08:50,1780045730,11330.0,26.9486581097,138.5948140239,148.5017680603,139.6523026452,127.6303713663
5667, 2026-05-29 12:08:52,1780045732,11332.0,26.9428238040,138.0672611013,147.6889175742,139.6954227882,126.8174429414
5668, 2026-05-29 12:08:54,1780045734,11334.0,26.9369894982,139.7959379713,150.9352036643,140.3049769005,128.1476333493
5669, 2026-05-29 12:08:56,1780045736,11336.0,26.9311551925,137.9479165078,148.1547222134,139.5794750056,126.1095523045
5670, 2026-05-29 12:08:58,1780045738,11338.0,26.9253208868,139.1217274608,152.0247091774,137.9394804722,127.4009927327
5671, 2026-05-29 12:09:00,1780045740,11340.0,26.9194865811,138.7662813947,150.4960703207,138.4905904814,127.3121833820
5672, 2026-05-29 12:09:02,1780045742,11342.0,26.9136522754,137.4246439695,149.1471203355,137.0690573185,126.0577542545
5673, 2026-05-29 12:09:04,1780045744,11344.0,26.9078179697,138.2962010234,150.7661744096,140.2986122981,123.8238163624
5674, 2026-05-29 12:09:06,1780045746,11346.0,26.9019836639,139.1864307013,153.4912040858,136.7328966318,127.3351913864
5675, 2026-05-29 12:09:08,1780045748,11348.0,26.8961493582,137.6762637582,149.3023768996,136.1882081570,127.5382062181
5676, 2026-05-29 12:09:10,1780045750,11350.0,26.8903150525,138.5566689164,150.9635239318,137.6859497990,127.0205330184
5677, 2026-05-29 12:09:12,1780045752,11352.0,26.8844807468,138.6332199110,151.6723553370,137.5363133736,126.6909910223
5678, 2026-05-29 12:09:14,1780045754,11354.0,26.8786464411,137.7170886607,147.9042039197,138.0777011766,127.1693608858
5679, 2026-05-29 12:09:16,1780045756,11356.0,26.8728121354,138.2538508584,151.5823757666,138.9497200226,124.2294567859
5680, 2026-05-29 12:09:18,1780045758,11358.0,26.8669778296,138.7726108654,150.2565555297,138.6513228146,127.4099542519
5681, 2026-05-29 12:09:20,1780045760,11360.0,26.8611435239,137.2981842450,150.3608937012,138.3565110333,123.1771480003
5682, 2026-05-29 12:09:22,1780045762,11362.0,26.8553092182,138.1373849114,151.0747393069,137.4982670064,125.8391484208
5683, 2026-05-29 12:09:24,1780045764,11364.0,26.8494749125,138.4087097663,151.5384806835,135.9931894637,127.6944591516
5684, 2026-05-29 12:09:26,1780045766,11366.0,26.8436406068,138.8877268353,149.1398542897,140.2153168726,127.3080093435
5685, 2026-05-29 12:09:28,1780045768,11368.0,26.8378063011,138.4533946463,150.6622080382,136.3148939855,128.3830819153
5686, 2026-05-29 12:09:30,1780045770,11370.0,26.8319719953,138.9081628627,149.4069595730,139.7835985800,127.5339304350
5687, 2026-05-29 12:09:32,1780045772,11372.0,26.8261376896,137.9281295810,150.1257428730,139.3052811075,124.3533647625
5688, 2026-05-29 12:09:34,1780045774,11374.0,26.8203033839,137.9578951611,149.8797405457,136.0228068026,127.9711381352
5689, 2026-05-29 12:09:36,1780045776,11376.0,26.8144690782,136.8756119027,150.3612445795,134.1085403818,126.1570507469
5690, 2026-05-29 12:09:38,1780045778,11378.0,26.8086347725,137.4568122171,149.6893731937,138.6100281172,124.0710353403
5691, 2026-05-29 12:09:40,1780045780,11380.0,26.8028004667,138.0408200746,149.7984836418,136.1680058586,128.1559707235
5692, 2026-05-29 12:09:42,1780045782,11382.0,26.7969661610,137.0803284058,149.4140864563,136.6879971982,125.1389015631
5693, 2026-05-29 12:09:44,1780045784,11384.0,26.7911318553,138.5234336666,150.2601464113,138.6866539332,126.6235006551
5694, 2026-05-29 12:09:46,1780045786,11386.0,26.7852975496,139.2531795346,150.9814512182,138.7817583819,127.9963290035
5695, 2026-05-29 12:09:48,1780045788,11388.0,26.7794632439,139.2268138026,150.8929495116,138.6958493358,128.0916425604
5696, 2026-05-29 12:09:50,1780045790,11390.0,26.7736289382,138.6928890146,149.8518109987,139.7935042652,126.4333517799
5697, 2026-05-29 12:09:52,1780045792,11392.0,26.7677946324,139.0542780494,151.5485430681,141.0051565277,124.6091345524
5698, 2026-05-29 12:09:54,1780045794,11394.0,26.7619603267,136.8374308515,146.9135493821,136.8892225867,126.7095205856
5699, 2026-05-29 12:09:56,1780045796,11396.0,26.7561260210,138.5546030645,151.9541274639,137.0262839803,126.6833977492
5700, 2026-05-29 12:09:58,1780045798,11398.0,26.7502917153,139.3212492088,149.7578583835,139.8281133084,128.3777759346
5701, 2026-05-29 12:10:00,1780045800,11400.0,26.7444574096,137.3416544220,149.7224143601,137.0489213119,125.2536275941
5702, 2026-05-29 12:10:02,1780045802,11402.0,26.7386231039,138.1257518933,148.9733051666,138.6443214250,126.7596290883
5703, 2026-05-29 12:10:04,1780045804,11404.0,26.7327887981,138.2841854549,150.0764842557,137.3086857522,127.4673863567
5704, 2026-05-29 12:10:06,1780045806,11406.0,26.7269544924,139.3078177412,152.5837887270,139.1027635325,126.2369009642
5705, 2026-05-29 12:10:08,1780045808,11408.0,26.7211201867,138.1998903995,148.5666912861,140.9508090368,125.0821708757
5706, 2026-05-29 12:10:10,1780045810,11410.0,26.7152858810,139.3971604800,152.5819316632,139.1285117245,126.4810380522
5707, 2026-05-29 12:10:12,1780045812,11412.0,26.7094515753,138.1461810043,149.7824437706,139.2783696640,125.3777295782
5708, 2026-05-29 12:10:14,1780045814,11414.0,26.7036172695,137.6897980109,148.6643915957,137.2172040226,127.1877984143
5709, 2026-05-29 12:10:16,1780045816,11416.0,26.6977829638,138.6002107428,150.2395157022,136.7927828700,128.7683336561
5710, 2026-05-29 12:10:18,1780045818,11418.0,26.6919486581,137.7949740572,148.4127858285,139.3525328609,125.6196034823
5711, 2026-05-29 12:10:20,1780045820,11420.0,26.6861143524,138.2741972994,149.2280670847,137.7599327947,127.8345920187
5712, 2026-05-29 12:10:22,1780045822,11422.0,26.6802800467,140.3454986634,152.6475794730,141.6673305119,126.7215860052
5713, 2026-05-29 12:10:24,1780045824,11424.0,26.6744457410,138.6884000157,148.8486727280,140.5715684492,126.6449588699
5714, 2026-05-29 12:10:26,1780045826,11426.0,26.6686114352,138.9565019405,149.0063072078,139.1574816578,128.7057169559
5715, 2026-05-29 12:10:28,1780045828,11428.0,26.6627771295,137.9685893607,148.4686472056,139.1313088956,126.3058119808
5716, 2026-05-29 12:10:30,1780045830,11430.0,26.6569428238,138.4646447956,150.1792191345,138.2536419079,126.9610733445
5717, 2026-05-29 12:10:32,1780045832,11432.0,26.6511085181,139.3685632897,152.8767911919,138.9392520327,126.2896466444
5718, 2026-05-29 12:10:34,1780045834,11434.0,26.6452742124,139.8348410299,152.1762363137,137.2951392022,130.0331475739
5719, 2026-05-29 12:10:36,1780045836,11436.0,26.6394399067,140.1913055804,151.7336965403,141.1798822652,127.6603379358
5720, 2026-05-29 12:10:38,1780045838,11438.0,26.6336056009,138.0727558178,151.0886363174,138.9555592631,124.1740718730
5721, 2026-05-29 12:10:40,1780045840,11440.0,26.6277712952,139.3022026215,149.3257223991,140.2310335390,128.3498519263
5722, 2026-05-29 12:10:42,1780045842,11442.0,26.6219369895,138.7313353090,151.0892922284,138.5171692976,126.5875444009
5723, 2026-05-29 12:10:44,1780045844,11444.0,26.6161026838,139.9849098467,151.0079090653,140.8597915295,128.0870289453
5724, 2026-05-29 12:10:46,1780045846,11446.0,26.6102683781,139.3191157183,149.0112413031,140.6899396692,128.2561661825
5725, 2026-05-29 12:10:48,1780045848,11448.0,26.6044340723,138.3543217821,150.7900612603,138.2116470038,126.0612570820
5726, 2026-05-29 12:10:50,1780045850,11450.0,26.5985997666,138.5624099855,150.8071013553,137.3395157923,127.5406128090
5727, 2026-05-29 12:10:52,1780045852,11452.0,26.5927654609,138.6958394193,152.4547080105,135.4079583957,128.2248518518
5728, 2026-05-29 12:10:54,1780045854,11454.0,26.5869311552,137.3422196512,149.4100475345,138.2659645629,124.3506468563
5729, 2026-05-29 12:10:56,1780045856,11456.0,26.5810968495,139.0955043355,150.2113392008,138.6290668992,128.4461069065
5730, 2026-05-29 12:10:58,1780045858,11458.0,26.5752625438,139.1280058805,152.4770744052,138.7883597819,126.1185834545
5731, 2026-05-29 12:11:00,1780045860,11460.0,26.5694282380,139.7798942202,149.2144524481,139.4675504409,130.6576797717
5732, 2026-05-29 12:11:02,1780045862,11462.0,26.5635939323,138.3857327507,150.1645023862,137.5417741249,127.4509217411
5733, 2026-05-29 12:11:04,1780045864,11464.0,26.5577596266,139.9616458991,153.2195400615,141.0472825981,125.6181150377
5734, 2026-05-29 12:11:06,1780045866,11466.0,26.5519253209,137.3699484201,147.0414570831,137.9614259362,127.1069622410
5735, 2026-05-29 12:11:08,1780045868,11468.0,26.5460910152,136.9434384540,148.8448983513,137.9058500666,124.0795669443
5736, 2026-05-29 12:11:10,1780045870,11470.0,26.5402567095,138.0142056106,150.3560015063,136.2729446310,127.4136706946
5737, 2026-05-29 12:11:12,1780045872,11472.0,26.5344224037,137.8394367847,150.1146277179,138.2834745887,125.1202080476
5738, 2026-05-29 12:11:14,1780045874,11474.0,26.5285880980,139.0258918810,149.9613199042,140.6417317034,126.4746240354
5739, 2026-05-29 12:11:16,1780045876,11476.0,26.5227537923,139.5760925480,152.7105276365,140.1604901569,125.8572598505
5740, 2026-05-29 12:11:18,1780045878,11478.0,26.5169194866,138.4194479914,149.1279327051,138.8798028604,127.2506084087
5741, 2026-05-29 12:11:20,1780045880,11480.0,26.5110851809,137.0968535536,149.3643263402,137.8501854019,124.0760489186
5742, 2026-05-29 12:11:22,1780045882,11482.0,26.5052508751,138.8724223868,152.7424997139,138.1894199407,125.6853475059
5743, 2026-05-29 12:11:24,1780045884,11484.0,26.4994165694,139.5602572087,153.0899937559,137.7120403825,127.8787374876
5744, 2026-05-29 12:11:26,1780045886,11486.0,26.4935822637,137.5912380122,150.0297490479,137.0058525549,125.7381124336
5745, 2026-05-29 12:11:28,1780045888,11488.0,26.4877479580,137.6845781480,151.5082584704,136.0396335569,125.5058424166
5746, 2026-05-29 12:11:30,1780045890,11490.0,26.4819136523,139.4889123011,150.7261073109,140.1321553087,127.6084742837
5747, 2026-05-29 12:11:32,1780045892,11492.0,26.4760793466,138.6978244279,148.4876035714,139.1277452409,128.4781244714
5748, 2026-05-29 12:11:34,1780045894,11494.0,26.4702450408,138.1347273035,149.3627852452,136.7082777455,128.3331189198
5749, 2026-05-29 12:11:36,1780045896,11496.0,26.4644107351,139.1197647019,150.0723284312,141.0509387601,126.2360269143
5750, 2026-05-29 12:11:38,1780045898,11498.0,26.4585764294,138.5503793178,151.4987127554,138.8413052157,125.3111199823
5751, 2026-05-29 12:11:40,1780045900,11500.0,26.4527421237,138.3351809610,148.0753564484,138.4874858066,128.4427006280
5752, 2026-05-29 12:11:42,1780045902,11502.0,26.4469078180,138.3143826496,148.3595875718,137.7703654782,128.8131948987
5753, 2026-05-29 12:11:44,1780045904,11504.0,26.4410735123,138.0698887183,148.3642919028,138.9286936442,126.9166806080
5754, 2026-05-29 12:11:46,1780045906,11506.0,26.4352392065,137.2724658440,146.9905912343,139.1261590174,125.7006472804
5755, 2026-05-29 12:11:48,1780045908,11508.0,26.4294049008,140.6535416806,151.3379567621,144.8464671081,125.7762011718
5756, 2026-05-29 12:11:50,1780045910,11510.0,26.4235705951,140.3046830985,151.7778318923,140.2253682286,128.9108491746
5757, 2026-05-29 12:11:52,1780045912,11512.0,26.4177362894,137.4181530106,150.3725843189,137.8646957358,124.0171789772
5758, 2026-05-29 12:11:54,1780045914,11514.0,26.4119019837,139.6606552692,150.5984907805,141.6451367263,126.7383383007
5759, 2026-05-29 12:11:56,1780045916,11516.0,26.4060676779,138.3939050258,148.0465774050,142.3762716149,124.7588660573
5760, 2026-05-29 12:11:58,1780045918,11518.0,26.4002333722,137.7436313930,148.8765070684,139.4322621883,124.9221249224
5761, 2026-05-29 12:12:00,1780045920,11520.0,26.3943990665,138.3727008264,148.8693027914,137.9392854623,128.3095142255
5762, 2026-05-29 12:12:02,1780045922,11522.0,26.3885647608,138.7096738345,152.2911004890,137.2572509842,126.5806700304
5763, 2026-05-29 12:12:04,1780045924,11524.0,26.3827304551,137.2151636376,150.5189171191,135.9839872109,125.1425865828
5764, 2026-05-29 12:12:06,1780045926,11526.0,26.3768961494,136.8196682003,148.9859917496,137.4649664012,124.0080464499
5765, 2026-05-29 12:12:08,1780045928,11528.0,26.3710618436,138.0597905097,149.1712811257,136.2353452951,128.7727451083
5766, 2026-05-29 12:12:10,1780045930,11530.0,26.3652275379,139.5243338728,151.9030835411,138.5420307625,128.1278873148
5767, 2026-05-29 12:12:12,1780045932,11532.0,26.3593932322,138.8248346270,149.0452635894,140.0066346897,127.4226056020
5768, 2026-05-29 12:12:14,1780045934,11534.0,26.3535589265,139.0839357443,151.6340914871,139.3533276367,126.2643881089
5769, 2026-05-29 12:12:16,1780045936,11536.0,26.3477246208,140.5466837556,152.1249248262,142.7745036699,126.7406227708
5770, 2026-05-29 12:12:18,1780045938,11538.0,26.3418903151,139.6015644252,152.6353439716,138.1035502896,128.0657990144
5771, 2026-05-29 12:12:20,1780045940,11540.0,26.3360560093,138.0313722985,151.2898487568,137.7555852792,125.0486828595
5772, 2026-05-29 12:12:22,1780045942,11542.0,26.3302217036,139.2107135520,152.7368513259,136.1781953211,128.7170940090
5773, 2026-05-29 12:12:24,1780045944,11544.0,26.3243873979,137.8412626887,147.2261216046,138.6602826107,127.6373838507
5774, 2026-05-29 12:12:26,1780045946,11546.0,26.3185530922,139.4133335127,150.6703618932,139.3150064762,128.2546321688
5775, 2026-05-29 12:12:28,1780045948,11548.0,26.3127187865,137.8397392395,151.3045615064,136.6015358341,125.6131203780
5776, 2026-05-29 12:12:30,1780045950,11550.0,26.3068844807,138.9090498714,153.6741385646,135.3914043798,127.6616066699
5777, 2026-05-29 12:12:32,1780045952,11552.0,26.3010501750,139.6488645017,151.7971860196,139.4295090211,127.7198984643
5778, 2026-05-29 12:12:34,1780045954,11554.0,26.2952158693,139.0168584854,151.9992038694,137.6210956483,127.4302759384
5779, 2026-05-29 12:12:36,1780045956,11556.0,26.2893815636,139.1944100199,152.9941394101,138.7406147288,125.8484759207
5780, 2026-05-29 12:12:38,1780045958,11558.0,26.2835472579,138.6524845533,149.3225156456,139.0295917563,127.6053462579
5781, 2026-05-29 12:12:40,1780045960,11560.0,26.2777129522,138.4715729273,150.2694291467,138.5748183513,126.5704712839
5782, 2026-05-29 12:12:42,1780045962,11562.0,26.2718786464,138.9261149510,151.6957093063,137.9875900015,127.0950455452
5783, 2026-05-29 12:12:44,1780045964,11564.0,26.2660443407,139.5462386184,152.5379926143,137.1522754772,128.9484477639
5784, 2026-05-29 12:12:46,1780045966,11566.0,26.2602100350,138.2555620656,148.9213689066,137.8335055749,128.0118117153
5785, 2026-05-29 12:12:48,1780045968,11568.0,26.2543757293,137.7566686608,151.0452325023,136.5774759075,125.6472975726
5786, 2026-05-29 12:12:50,1780045970,11570.0,26.2485414236,139.6906129727,151.7314989960,139.6782361078,127.6621038142
5787, 2026-05-29 12:12:52,1780045972,11572.0,26.2427071179,138.8889281556,149.1759350269,140.5406737230,126.9501757168
5788, 2026-05-29 12:12:54,1780045974,11574.0,26.2368728121,139.5705325324,151.3753308993,139.0234397667,128.3128269310
5789, 2026-05-29 12:12:56,1780045976,11576.0,26.2310385064,137.6735630652,146.8315374869,139.9308692844,126.2582824243
5790, 2026-05-29 12:12:58,1780045978,11578.0,26.2252042007,138.1141111418,150.9427467569,136.3283525865,127.0712340820
5791, 2026-05-29 12:13:00,1780045980,11580.0,26.2193698950,137.4803597885,147.9100288031,138.6594527562,125.8715978062
5792, 2026-05-29 12:13:02,1780045982,11582.0,26.2135355893,138.5762732658,150.3415827383,137.7867152035,127.6005218557
5793, 2026-05-29 12:13:04,1780045984,11584.0,26.2077012835,139.2380108460,150.5281131821,141.9960851216,125.1898342343
5794, 2026-05-29 12:13:06,1780045986,11586.0,26.2018669778,136.7364802935,145.3625388630,137.5346360008,127.3122660167
5795, 2026-05-29 12:13:08,1780045988,11588.0,26.1960326721,139.8714205292,151.5996070068,139.3613837748,128.6532708059
5796, 2026-05-29 12:13:10,1780045990,11590.0,26.1901983664,139.0996331764,150.4022466601,139.8643570221,127.0322958469
5797, 2026-05-29 12:13:12,1780045992,11592.0,26.1843640607,139.3125651173,150.8121560072,140.2964448620,126.8290944828
5798, 2026-05-29 12:13:14,1780045994,11594.0,26.1785297550,140.2633264147,151.7037155162,138.7889624518,130.2973012759
5799, 2026-05-29 12:13:16,1780045996,11596.0,26.1726954492,138.1049919297,149.3846665326,137.7710808374,127.1592284190
5800, 2026-05-29 12:13:18,1780045998,11598.0,26.1668611435,139.6626150351,153.8434561840,140.3718527529,124.7725361684
5801, 2026-05-29 12:13:20,1780046000,11600.0,26.1610268378,137.7498156104,149.3468370166,138.5422574584,125.3603523563
5802, 2026-05-29 12:13:22,1780046002,11602.0,26.1551925321,139.3785905508,150.6221354211,139.0321688316,128.4814673996
5803, 2026-05-29 12:13:24,1780046004,11604.0,26.1493582264,138.4230181785,151.0862547930,137.1493513688,127.0334483739
5804, 2026-05-29 12:13:26,1780046006,11606.0,26.1435239207,139.7482972286,149.7055228691,137.9549841857,131.5843846311
5805, 2026-05-29 12:13:28,1780046008,11608.0,26.1376896149,137.4253062709,150.1655845112,137.1999968898,124.9103374119
5806, 2026-05-29 12:13:30,1780046010,11610.0,26.1318553092,137.1928738459,149.7282804342,136.8219418679,125.0283992357
5807, 2026-05-29 12:13:32,1780046012,11612.0,26.1260210035,138.9269731546,151.7327060273,135.3771022986,129.6711111378
5808, 2026-05-29 12:13:34,1780046014,11614.0,26.1201866978,137.6488256925,148.1769797562,138.1618569278,126.6076403934
5809, 2026-05-29 12:13:36,1780046016,11616.0,26.1143523921,137.5201591174,148.7012142844,138.4786315631,125.3806315048
5810, 2026-05-29 12:13:38,1780046018,11618.0,26.1085180863,137.5487503362,146.8195832277,138.3466845424,127.4799832385
5811, 2026-05-29 12:13:40,1780046020,11620.0,26.1026837806,137.7258525715,150.4170320173,137.4455383927,125.3149873046
5812, 2026-05-29 12:13:42,1780046022,11622.0,26.0968494749,137.9985426567,150.7062453851,137.5086187361,125.7807638490
5813, 2026-05-29 12:13:44,1780046024,11624.0,26.0910151692,138.4203886690,151.0499687794,135.7076161608,128.5035810668
5814, 2026-05-29 12:13:46,1780046026,11626.0,26.0851808635,138.6752075667,150.4780464969,138.3932310818,127.1543451213
5815, 2026-05-29 12:13:48,1780046028,11628.0,26.0793465578,139.1612108952,148.4388924363,141.5697628650,127.4749773841
5816, 2026-05-29 12:13:50,1780046030,11630.0,26.0735122520,137.9094938935,150.6998647964,137.2827146197,125.7459022643
5817, 2026-05-29 12:13:52,1780046032,11632.0,26.0676779463,138.2412642276,151.1516245632,138.3895308661,125.1826372535
5818, 2026-05-29 12:13:54,1780046034,11634.0,26.0618436406,137.1981356195,151.7780239969,137.7098954383,122.1064874233
5819, 2026-05-29 12:13:56,1780046036,11636.0,26.0560093349,140.0011700515,151.2279870034,141.1890289474,127.5864942037
5820, 2026-05-29 12:13:58,1780046038,11638.0,26.0501750292,140.0556485864,151.3528933591,140.2022872214,128.6117651787
5821, 2026-05-29 12:14:00,1780046040,11640.0,26.0443407235,138.5322522159,150.1449011057,140.7218744470,124.7299810950
5822, 2026-05-29 12:14:02,1780046042,11642.0,26.0385064177,137.9659884888,148.9385402864,138.4601093977,126.4993157823
5823, 2026-05-29 12:14:04,1780046044,11644.0,26.0326721120,139.8099576898,151.3708349558,140.5298095366,127.5292285771
5824, 2026-05-29 12:14:06,1780046046,11646.0,26.0268378063,139.3125573949,149.9855465092,137.6996802230,130.2524454527
5825, 2026-05-29 12:14:08,1780046048,11648.0,26.0210035006,138.2102630333,149.6539028628,138.7769566151,126.1999296221
5826, 2026-05-29 12:14:10,1780046050,11650.0,26.0151691949,137.7354247776,149.1090440445,139.7454722031,124.3517580853
5827, 2026-05-29 12:14:12,1780046052,11652.0,26.0093348891,137.6012493376,147.3591498579,139.3370147960,126.1075833590
5828, 2026-05-29 12:14:14,1780046054,11654.0,26.0035005834,138.6007148195,150.0825569965,139.2699814863,126.4496059756
5829, 2026-05-29 12:14:16,1780046056,11656.0,25.9976662777,138.0499688578,150.4947072577,138.3413847321,125.3138145837
5830, 2026-05-29 12:14:18,1780046058,11658.0,25.9918319720,139.4974360538,151.8026521497,137.8238363326,128.8658196791
5831, 2026-05-29 12:14:20,1780046060,11660.0,25.9859976663,137.4666866093,148.9218130526,136.4672486732,127.0109981019
5832, 2026-05-29 12:14:22,1780046062,11662.0,25.9801633606,138.8053738353,149.4759561580,140.5472384203,126.3929269275
5833, 2026-05-29 12:14:24,1780046064,11664.0,25.9743290548,139.3102153356,151.9475967773,138.6192146631,127.3638345663
5834, 2026-05-29 12:14:26,1780046066,11666.0,25.9684947491,139.2774338863,151.6606324092,138.9425651877,127.2291040619
5835, 2026-05-29 12:14:28,1780046068,11668.0,25.9626604434,136.9802395810,150.9001001345,134.1218656880,125.9187529206
5836, 2026-05-29 12:14:30,1780046070,11670.0,25.9568261377,140.0291277162,152.6421543053,139.7537172716,127.6915115716
5837, 2026-05-29 12:14:32,1780046072,11672.0,25.9509918320,139.7567343644,150.1836199529,140.5129676295,128.5736155109
5838, 2026-05-29 12:14:34,1780046074,11674.0,25.9451575263,139.3181946228,151.3391931317,141.3661257553,125.2492649814
5839, 2026-05-29 12:14:36,1780046076,11676.0,25.9393232205,139.4741735444,151.0152699744,140.6540954236,126.7531552353
5840, 2026-05-29 12:14:38,1780046078,11678.0,25.9334889148,137.9458098950,149.6302931985,140.3538778776,123.8532586087
5841, 2026-05-29 12:14:40,1780046080,11680.0,25.9276546091,139.7333847568,152.4032708208,138.6013181951,128.1955652545
5842, 2026-05-29 12:14:42,1780046082,11682.0,25.9218203034,138.2157981763,147.8187520989,139.5384325868,127.2902098431
5843, 2026-05-29 12:14:44,1780046084,11684.0,25.9159859977,140.2731936654,150.7432084939,141.2120978522,128.8642746501
5844, 2026-05-29 12:14:46,1780046086,11686.0,25.9101516919,138.5975959054,150.0585551813,139.2421678528,126.4920646823
5845, 2026-05-29 12:14:48,1780046088,11688.0,25.9043173862,136.1847039587,146.4811753131,137.1183639457,124.9545726174
5846, 2026-05-29 12:14:50,1780046090,11690.0,25.8984830805,139.1545165016,150.6976939639,140.4927474741,126.2731080667
5847, 2026-05-29 12:14:52,1780046092,11692.0,25.8926487748,137.9724333355,148.5309090004,137.0163016008,128.3700894054
5848, 2026-05-29 12:14:54,1780046094,11694.0,25.8868144691,138.7169907738,149.1202285075,137.8880939413,129.1426498725
5849, 2026-05-29 12:14:56,1780046096,11696.0,25.8809801634,140.4047957898,152.6433861344,140.2028348674,128.3681663676
5850, 2026-05-29 12:14:58,1780046098,11698.0,25.8751458576,138.7768342934,151.9501547220,138.7689412010,125.6114069573
5851, 2026-05-29 12:15:00,1780046100,11700.0,25.8693115519,139.3369107902,152.4248000106,139.2541393241,126.3317930359
5852, 2026-05-29 12:15:02,1780046102,11702.0,25.8634772462,138.6715211844,152.0102326656,136.4985269163,127.5058039713
5853, 2026-05-29 12:15:04,1780046104,11704.0,25.8576429405,138.4251638474,149.6464811413,141.7276469410,123.9013634599
5854, 2026-05-29 12:15:06,1780046106,11706.0,25.8518086348,138.5271854091,150.5255055194,139.7515583002,125.3044924076
5855, 2026-05-29 12:15:08,1780046108,11708.0,25.8459743291,140.8283689960,152.2164620233,140.8782659004,129.3903790643
5856, 2026-05-29 12:15:10,1780046110,11710.0,25.8401400233,138.7371295795,148.9584246840,140.9294929926,126.3234710620
5857, 2026-05-29 12:15:12,1780046112,11712.0,25.8343057176,138.5129292745,149.2987918783,138.2529845967,127.9870113486
5858, 2026-05-29 12:15:14,1780046114,11714.0,25.8284714119,137.6783361185,152.3144611620,137.4345128280,123.2860343654
5859, 2026-05-29 12:15:16,1780046116,11716.0,25.8226371062,137.2491032967,150.6791136675,137.1858286554,123.8823675673
5860, 2026-05-29 12:15:18,1780046118,11718.0,25.8168028005,140.1018259897,152.2219445859,139.6941694495,128.3893639338
5861, 2026-05-29 12:15:20,1780046120,11720.0,25.8109684947,138.6980514524,149.0873807132,137.3078263871,129.6989472567
5862, 2026-05-29 12:15:22,1780046122,11722.0,25.8051341890,139.9010666986,151.7704556085,138.4858523082,129.4468921792
5863, 2026-05-29 12:15:24,1780046124,11724.0,25.7992998833,137.6618022657,148.9554220264,139.0941481409,124.9358366297
5864, 2026-05-29 12:15:26,1780046126,11726.0,25.7934655776,138.1525176451,147.7658464974,138.4435165020,128.2481899361
5865, 2026-05-29 12:15:28,1780046128,11728.0,25.7876312719,138.8165706481,151.2753001326,138.6853865361,126.4890252757
5866, 2026-05-29 12:15:30,1780046130,11730.0,25.7817969662,138.5104490677,150.5127189031,136.7632404041,128.2553878959
5867, 2026-05-29 12:15:32,1780046132,11732.0,25.7759626604,138.7371561975,151.5937778924,137.4985917706,127.1190989295
5868, 2026-05-29 12:15:34,1780046134,11734.0,25.7701283547,139.1801973092,151.8385144107,139.4856727904,126.2164047264
5869, 2026-05-29 12:15:36,1780046136,11736.0,25.7642940490,138.8540651528,152.4289805799,137.5566361287,126.5765787499
5870, 2026-05-29 12:15:38,1780046138,11738.0,25.7584597433,138.1197542100,152.3853378642,135.5801593144,126.3937654513
5871, 2026-05-29 12:15:40,1780046140,11740.0,25.7526254376,136.4497448520,147.4185646383,137.6483601704,124.2823097473
5872, 2026-05-29 12:15:42,1780046142,11742.0,25.7467911319,138.9135230874,152.9866944707,137.0502337165,126.7036410749
5873, 2026-05-29 12:15:44,1780046144,11744.0,25.7409568261,139.3370149584,150.5718072722,139.9553419384,127.4838956647
5874, 2026-05-29 12:15:46,1780046146,11746.0,25.7351225204,136.8381021060,149.4323130968,136.1324617930,124.9495314283
5875, 2026-05-29 12:15:48,1780046148,11748.0,25.7292882147,139.6079175941,151.3401228574,141.4563413803,126.0272885446
5876, 2026-05-29 12:15:50,1780046150,11750.0,25.7234539090,139.1626601207,149.8774344269,140.0710609994,127.5394849358
5877, 2026-05-29 12:15:52,1780046152,11752.0,25.7176196033,139.3199047445,152.5012273478,137.5910335063,127.8674533793
5878, 2026-05-29 12:15:54,1780046154,11754.0,25.7117852975,139.9839475242,151.5031035663,140.5411519242,127.9075870820
5879, 2026-05-29 12:15:56,1780046156,11756.0,25.7059509918,138.7584748351,152.2152409544,135.3495093898,128.7106741610
5880, 2026-05-29 12:15:58,1780046158,11758.0,25.7001166861,139.4324089616,150.7288725214,140.0252198994,127.5431344639
5881, 2026-05-29 12:16:00,1780046160,11760.0,25.6942823804,139.7667281497,152.4720065412,140.7617041360,126.0664737718
5882, 2026-05-29 12:16:02,1780046162,11762.0,25.6884480747,140.7495459354,155.6994201456,139.6625955739,126.8866220867
5883, 2026-05-29 12:16:04,1780046164,11764.0,25.6826137690,138.5184640886,151.3868647889,137.4432334953,126.7252939817
5884, 2026-05-29 12:16:06,1780046166,11766.0,25.6767794632,139.3450082336,152.1694477869,139.6596918286,126.2058850853
5885, 2026-05-29 12:16:08,1780046168,11768.0,25.6709451575,139.1684336024,151.9684007480,136.7873068670,128.7495931923
5886, 2026-05-29 12:16:10,1780046170,11770.0,25.6651108518,137.9270773169,149.8155359602,136.1552257717,127.8104702187
5887, 2026-05-29 12:16:12,1780046172,11772.0,25.6592765461,138.3584376632,152.8196854549,138.2931244923,123.9625030423
5888, 2026-05-29 12:16:14,1780046174,11774.0,25.6534422404,139.6602851148,152.1311436818,139.1585187279,127.6911929345
5889, 2026-05-29 12:16:16,1780046176,11776.0,25.6476079347,139.7797752466,150.6037533395,140.6147900467,128.1207823535
5890, 2026-05-29 12:16:18,1780046178,11778.0,25.6417736289,139.2767502524,151.1222428282,142.1344126661,124.5735952628
5891, 2026-05-29 12:16:20,1780046180,11780.0,25.6359393232,139.2069182713,151.7593287246,137.0943551353,128.7670709540
5892, 2026-05-29 12:16:22,1780046182,11782.0,25.6301050175,138.6852815178,150.2202427363,138.6840501778,127.1515516394
5893, 2026-05-29 12:16:24,1780046184,11784.0,25.6242707118,139.1291053390,148.8540908305,140.9265223284,127.6067028582
5894, 2026-05-29 12:16:26,1780046186,11786.0,25.6184364061,138.7729234065,151.8311896326,137.7248937785,126.7626868083
5895, 2026-05-29 12:16:28,1780046188,11788.0,25.6126021004,139.5682375764,148.1541793372,140.1065368472,130.4439965446
5896, 2026-05-29 12:16:30,1780046190,11790.0,25.6067677946,137.6230473350,149.6552596391,137.8180239532,125.3958584126
5897, 2026-05-29 12:16:32,1780046192,11792.0,25.6009334889,137.6232564605,151.2047933236,136.4239491914,125.2410268665
5898, 2026-05-29 12:16:34,1780046194,11794.0,25.5950991832,138.7472476927,150.3420483436,139.3984307012,126.5012640333
5899, 2026-05-29 12:16:36,1780046196,11796.0,25.5892648775,138.3610809481,149.4963795244,139.8613497206,125.7255135994
5900, 2026-05-29 12:16:38,1780046198,11798.0,25.5834305718,138.0606649303,148.1691883209,137.5957330120,128.4170734579
5901, 2026-05-29 12:16:40,1780046200,11800.0,25.5775962660,141.2695440345,152.1954321673,139.7846401530,131.8285597831
5902, 2026-05-29 12:16:42,1780046202,11802.0,25.5717619603,137.2493217662,149.6441667910,136.6143363721,125.4894621356
5903, 2026-05-29 12:16:44,1780046204,11804.0,25.5659276546,139.9538797064,154.1113720476,137.1513524196,128.5989146518
5904, 2026-05-29 12:16:46,1780046206,11806.0,25.5600933489,140.0544535974,152.7481059207,139.4720418714,127.9432130002
5905, 2026-05-29 12:16:48,1780046208,11808.0,25.5542590432,137.6560267270,149.8575228191,138.0163707530,125.0941866090
5906, 2026-05-29 12:16:50,1780046210,11810.0,25.5484247375,137.8006262071,148.3720544323,139.3285061968,125.7013179921
5907, 2026-05-29 12:16:52,1780046212,11812.0,25.5425904317,138.4796223873,151.6300082861,140.6878225030,123.1210363729
5908, 2026-05-29 12:16:54,1780046214,11814.0,25.5367561260,138.6570011972,149.5409713429,138.3947078351,128.0353244137
5909, 2026-05-29 12:16:56,1780046216,11816.0,25.5309218203,138.8526348578,151.7570171385,137.7773529794,127.0235344555
5910, 2026-05-29 12:16:58,1780046218,11818.0,25.5250875146,138.7885539316,151.1592424037,138.4312408034,126.7751785878
5911, 2026-05-29 12:17:00,1780046220,11820.0,25.5192532089,138.3309893443,149.5617193595,137.3720198316,128.0592288418
5912, 2026-05-29 12:17:02,1780046222,11822.0,25.5134189032,137.8940753352,149.2695446506,139.0686721704,125.3440091847
5913, 2026-05-29 12:17:04,1780046224,11824.0,25.5075845974,140.4584720708,152.0400547139,139.9869097500,129.3484517485
5914, 2026-05-29 12:17:06,1780046226,11826.0,25.5017502917,139.4884251583,152.1365537866,138.6718924020,127.6568292863
5915, 2026-05-29 12:17:08,1780046228,11828.0,25.4959159860,139.9458783070,153.1280310883,139.6259937384,127.0836100943
5916, 2026-05-29 12:17:10,1780046230,11830.0,25.4900816803,138.0942571496,149.6893770679,138.7258082499,125.8675861309
5917, 2026-05-29 12:17:12,1780046232,11832.0,25.4842473746,138.5935788544,149.5170619557,139.4285484100,126.8351261976
5918, 2026-05-29 12:17:14,1780046234,11834.0,25.4784130688,137.5778878304,149.4297590156,137.6002873700,125.7036171056
5919, 2026-05-29 12:17:16,1780046236,11836.0,25.4725787631,140.9616069539,151.5174308205,141.8162792203,129.5511108208
5920, 2026-05-29 12:17:18,1780046238,11838.0,25.4667444574,138.5073096622,149.1186871569,139.1863966928,127.2168451370
5921, 2026-05-29 12:17:20,1780046240,11840.0,25.4609101517,139.1496943965,148.0013072772,140.0819565269,129.3658193853
5922, 2026-05-29 12:17:22,1780046242,11842.0,25.4550758460,137.6563963073,151.1241907433,137.1389154718,124.7060827067
5923, 2026-05-29 12:17:24,1780046244,11844.0,25.4492415403,138.9472446993,151.8807290411,136.3717686532,128.5892364036
5924, 2026-05-29 12:17:26,1780046246,11846.0,25.4434072345,137.2354220803,147.3257535348,139.0851917139,125.2953209920
5925, 2026-05-29 12:17:28,1780046248,11848.0,25.4375729288,139.0290096497,147.6203697999,140.5918072295,128.8748519198
5926, 2026-05-29 12:17:30,1780046250,11850.0,25.4317386231,139.0496960456,147.7922644347,139.9702957751,129.3865279271
5927, 2026-05-29 12:17:32,1780046252,11852.0,25.4259043174,138.1482138379,150.3029218816,136.7420931713,127.3996264608
5928, 2026-05-29 12:17:34,1780046254,11854.0,25.4200700117,138.4203329792,148.8481028843,137.9919485289,128.4209475244
5929, 2026-05-29 12:17:36,1780046256,11856.0,25.4142357060,137.6235961511,150.5283650722,134.8454908323,127.4969325487
5930, 2026-05-29 12:17:38,1780046258,11858.0,25.4084014002,138.2287742110,149.5608768763,138.3208986122,126.8045471446
5931, 2026-05-29 12:17:40,1780046260,11860.0,25.4025670945,138.7834798936,152.1231277479,138.9178860794,125.3094258535
5932, 2026-05-29 12:17:42,1780046262,11862.0,25.3967327888,137.4559863658,151.1247445050,135.3527671576,125.8904474347
5933, 2026-05-29 12:17:44,1780046264,11864.0,25.3908984831,140.8454816753,154.4896768105,138.9918447055,129.0549235099
5934, 2026-05-29 12:17:46,1780046266,11866.0,25.3850641774,137.1231003438,149.0863800474,138.8172531873,123.4656677965
5935, 2026-05-29 12:17:48,1780046268,11868.0,25.3792298716,137.2370512023,150.5961592822,136.5630037435,124.5519905811
5936, 2026-05-29 12:17:50,1780046270,11870.0,25.3733955659,138.8727702076,150.3338785051,138.7620141972,127.5224179203
5937, 2026-05-29 12:17:52,1780046272,11872.0,25.3675612602,139.6279235741,150.9801568790,138.3252286557,129.5783851877
5938, 2026-05-29 12:17:54,1780046274,11874.0,25.3617269545,138.8416906997,148.8327614971,138.6984902837,128.9938203181
5939, 2026-05-29 12:17:56,1780046276,11876.0,25.3558926488,137.7117170017,147.3689136806,138.5993064891,127.1669308353
5940, 2026-05-29 12:17:58,1780046278,11878.0,25.3500583431,139.6971727638,152.2851625623,138.5588335276,128.2475222013
5941, 2026-05-29 12:18:00,1780046280,11880.0,25.3442240373,136.5178086353,147.3379744549,136.2612229452,125.9542285058
5942, 2026-05-29 12:18:02,1780046282,11882.0,25.3383897316,139.3719983466,151.2112212956,139.8547744274,127.0499993167
5943, 2026-05-29 12:18:04,1780046284,11884.0,25.3325554259,135.9621295313,145.0514825313,137.0399615561,125.7949445067
5944, 2026-05-29 12:18:06,1780046286,11886.0,25.3267211202,137.8370216564,149.7473514663,137.2080603039,126.5556531990
5945, 2026-05-29 12:18:08,1780046288,11888.0,25.3208868145,137.9680152355,147.8976066807,141.3159380939,124.6905009318
5946, 2026-05-29 12:18:10,1780046290,11890.0,25.3150525088,138.1068999325,148.9622500417,138.3953394832,126.9631102727
5947, 2026-05-29 12:18:12,1780046292,11892.0,25.3092182030,138.5429022421,149.0096083053,140.1156422006,126.5034562206
5948, 2026-05-29 12:18:14,1780046294,11894.0,25.3033838973,137.8868964113,151.1366897214,135.7170731343,126.8069263782
5949, 2026-05-29 12:18:16,1780046296,11896.0,25.2975495916,138.9332014680,151.8140973386,138.4102142210,126.5752928445
5950, 2026-05-29 12:18:18,1780046298,11898.0,25.2917152859,141.0506352451,150.3981117937,143.5773569945,129.1764369470
5951, 2026-05-29 12:18:20,1780046300,11900.0,25.2858809802,139.2511918597,151.6552636052,137.6654349670,128.4328770070
5952, 2026-05-29 12:18:22,1780046302,11902.0,25.2800466744,140.2229029475,150.5455590727,141.8739224045,128.2492273651
5953, 2026-05-29 12:18:24,1780046304,11904.0,25.2742123687,139.7272223258,150.5650670968,140.6650153700,127.9515845105
5954, 2026-05-29 12:18:26,1780046306,11906.0,25.2683780630,139.2375709148,150.0472973971,137.3885734693,130.2768418780
5955, 2026-05-29 12:18:28,1780046308,11908.0,25.2625437573,138.7061667257,149.9182671504,140.9909688602,125.2092641665
5956, 2026-05-29 12:18:30,1780046310,11910.0,25.2567094516,138.7829471123,149.9380157224,138.0552152717,128.3556103429
5957, 2026-05-29 12:18:32,1780046312,11912.0,25.2508751459,139.7065861857,149.6019852776,141.7084674281,127.8093058514
5958, 2026-05-29 12:18:34,1780046314,11914.0,25.2450408401,138.7447952983,149.8741772473,139.6371686714,126.7230399762
5959, 2026-05-29 12:18:36,1780046316,11916.0,25.2392065344,138.6643001844,147.9606238076,137.3387603742,130.6935163715
5960, 2026-05-29 12:18:38,1780046318,11918.0,25.2333722287,138.4831523552,149.5767758399,139.0575823899,126.8150988358
5961, 2026-05-29 12:18:40,1780046320,11920.0,25.2275379230,139.2743916801,152.6415246551,138.8625020076,126.3191483777
5962, 2026-05-29 12:18:42,1780046322,11922.0,25.2217036173,140.3725539057,151.5820693701,142.1328154884,127.4027768585
5963, 2026-05-29 12:18:44,1780046324,11924.0,25.2158693116,136.8515257767,146.9208105324,135.3417494491,128.2920173488
5964, 2026-05-29 12:18:46,1780046326,11926.0,25.2100350058,138.7499263916,148.7415304520,140.0673351069,127.4409136158
5965, 2026-05-29 12:18:48,1780046328,11928.0,25.2042007001,138.1741580399,147.7981724799,137.5688990636,129.1554025763
5966, 2026-05-29 12:18:50,1780046330,11930.0,25.1983663944,139.5774023722,149.9775507378,141.1018437069,127.6528126720
5967, 2026-05-29 12:18:52,1780046332,11932.0,25.1925320887,136.7804023475,148.7038731313,138.0962429321,123.5410909792
5968, 2026-05-29 12:18:54,1780046334,11934.0,25.1866977830,139.5715491925,151.2151741271,140.5701993553,126.9292740952
5969, 2026-05-29 12:18:56,1780046336,11936.0,25.1808634772,138.6155600497,148.1767208867,140.1085763802,127.5613828822
5970, 2026-05-29 12:18:58,1780046338,11938.0,25.1750291715,139.3535224553,151.1754269441,140.8845460919,126.0005943300
5971, 2026-05-29 12:19:00,1780046340,11940.0,25.1691948658,137.2624983053,147.3155855841,137.8252738630,126.6466354689
5972, 2026-05-29 12:19:02,1780046342,11942.0,25.1633605601,139.9543813499,152.7239685675,139.4252854920,127.7138899902
5973, 2026-05-29 12:19:04,1780046344,11944.0,25.1575262544,138.7018431860,149.7779491444,140.7948956090,125.5326848047
5974, 2026-05-29 12:19:06,1780046346,11946.0,25.1516919487,138.3182616277,151.8766348784,137.2179294652,125.8602205396
5975, 2026-05-29 12:19:08,1780046348,11948.0,25.1458576429,138.1301339269,149.7895296646,138.9341550635,125.6667170524
5976, 2026-05-29 12:19:10,1780046350,11950.0,25.1400233372,137.9331835263,150.8506792036,137.9928915856,124.9559797898
5977, 2026-05-29 12:19:12,1780046352,11952.0,25.1341890315,141.1870219492,153.0468055424,141.6322791425,128.8819811627
5978, 2026-05-29 12:19:14,1780046354,11954.0,25.1283547258,138.8308521405,150.3347716481,139.5096726670,126.6481121062
5979, 2026-05-29 12:19:16,1780046356,11956.0,25.1225204201,140.6671532590,150.2632956032,140.3222679317,131.4158962421
5980, 2026-05-29 12:19:18,1780046358,11958.0,25.1166861144,139.9370823012,151.6635904806,139.7428727330,128.4047836901
5981, 2026-05-29 12:19:20,1780046360,11960.0,25.1108518086,139.3798613713,150.5850324325,138.9662372716,128.5883144097
5982, 2026-05-29 12:19:22,1780046362,11962.0,25.1050175029,140.1954833807,152.8204649084,139.3231890012,128.4427962325
5983, 2026-05-29 12:19:24,1780046364,11964.0,25.0991831972,138.4648224385,150.0803929631,139.6364629194,125.6776114331
5984, 2026-05-29 12:19:26,1780046366,11966.0,25.0933488915,137.8182546303,148.1984616233,137.9849645895,127.2713376779
5985, 2026-05-29 12:19:28,1780046368,11968.0,25.0875145858,138.8115514935,149.3237299228,137.6078484211,129.5030761365
5986, 2026-05-29 12:19:30,1780046370,11970.0,25.0816802800,138.4130085991,150.3611262300,137.2038454621,127.6740541051
5987, 2026-05-29 12:19:32,1780046372,11972.0,25.0758459743,140.0136263021,151.5929541624,142.5194411288,125.9284836150
5988, 2026-05-29 12:19:34,1780046374,11974.0,25.0700116686,139.5453000858,151.7980278637,140.1684860849,126.6693863087
5989, 2026-05-29 12:19:36,1780046376,11976.0,25.0641773629,139.0768101648,150.1656096444,137.2955282987,129.7692925512
5990, 2026-05-29 12:19:38,1780046378,11978.0,25.0583430572,138.0016144115,148.8563188679,136.6595511206,128.4889732459
5991, 2026-05-29 12:19:40,1780046380,11980.0,25.0525087515,137.9637897870,150.1647176742,138.6532997020,125.0733519849
5992, 2026-05-29 12:19:42,1780046382,11982.0,25.0466744457,138.5694816985,149.1898972760,137.3599836507,129.1585641688
5993, 2026-05-29 12:19:44,1780046384,11984.0,25.0408401400,138.4118002449,149.8222573534,139.2656581590,126.1474852224
5994, 2026-05-29 12:19:46,1780046386,11986.0,25.0350058343,138.8007566180,150.1845919865,138.4192284775,127.7984493900
5995, 2026-05-29 12:19:48,1780046388,11988.0,25.0291715286,139.5029823510,150.8291994655,139.0308790205,128.6488685671
5996, 2026-05-29 12:19:50,1780046390,11990.0,25.0233372229,138.9651742996,151.0819657400,136.7902389311,129.0233182277
5997, 2026-05-29 12:19:52,1780046392,11992.0,25.0175029172,138.5937202316,151.8797413845,138.8442418753,125.0571774348
5998, 2026-05-29 12:19:54,1780046394,11994.0,25.0116686114,139.9714296473,150.9391321434,139.0266895564,129.9484672421
5999, 2026-05-29 12:19:56,1780046396,11996.0,25.0058343057,140.1088192856,151.9303555456,139.5508922875,128.8452100238
6000, 2026-05-29 12:19:58,1780046398,11998.0,25.0000000000,140.2707547383,152.2484477820,139.7436427975,128.8201736354
